# Max2Obj Version 4.0 Mar 10th, 2001
#
# object top to come ...
#
v  59.461388 60.263557 -6.803715
v  60.690815 61.502762 -35.676643
v  57.628380 60.804123 -27.350060
v  49.813026 74.335518 -24.682255
v  58.647289 61.182022 -39.775143
v  61.851517 68.840271 -44.080780
v  61.324455 60.149910 -7.495186
v  59.406296 77.131561 -5.000347
v  49.813026 77.216759 -5.320507
v  49.813026 60.263557 -6.803715
v  49.813026 60.770645 -27.347004
v  49.813026 61.179840 -39.750298
v  59.952938 70.655800 -2.080070
v  61.816006 70.683121 -2.759205
v  49.813026 70.655800 -2.080070
v  62.362820 74.293182 -42.337494
v  57.179630 73.729385 -24.689713
v  62.136028 81.660828 -40.458130
v  63.929806 73.555138 -33.968071
v  49.813026 74.724991 -26.313370
v  54.134663 81.260384 -29.288271
v  58.954117 72.506760 -30.670565
v  63.556377 81.028366 -33.275391
v  55.917145 82.906982 -40.350197
v  60.124363 76.322212 -12.049000
v  59.086067 76.393402 -12.023975
v  49.813026 76.032394 -13.279404
v  49.813026 68.840271 -44.080780
v  61.043495 80.178185 -7.671837
v  56.208443 75.535461 -33.779976
v  54.024982 73.788048 -30.580103
v  59.733994 79.191643 -4.841145
v  61.373276 79.064751 -5.037998
v  59.562923 80.481697 -7.669685
v  55.149990 77.523361 -25.737518
v  56.351837 82.296974 -33.117775
v  55.446190 74.678200 -26.568401
v  61.422100 76.201027 -5.333160
v  49.813026 61.464676 -35.743935
v  40.164665 60.263557 -6.803715
v  38.935238 61.502762 -35.676643
v  41.997673 60.804123 -27.350060
v  40.978764 61.182022 -39.775143
v  37.774536 68.840271 -44.080780
v  49.813026 81.616150 -33.051945
v  38.301598 60.149910 -7.495186
v  40.219757 77.131561 -5.000347
v  49.813026 74.293503 -42.341125
v  39.673115 70.655800 -2.080070
v  37.810047 70.683121 -2.759205
v  49.813026 77.673393 -25.307758
v  37.263229 74.293182 -42.337494
v  42.446423 73.729385 -24.689713
v  37.490021 81.660828 -40.458130
v  49.813026 82.233139 -40.410221
v  35.696247 73.555138 -33.968071
v  45.491390 81.260384 -29.288271
v  40.671936 72.506760 -30.670565
v  49.813026 81.255524 -29.164351
v  36.069675 81.028366 -33.275391
v  43.708908 82.906982 -40.350197
v  39.501690 76.322212 -12.049000
v  40.539986 76.393402 -12.023975
v  38.582558 80.178185 -7.671837
v  43.417610 75.535461 -33.779976
v  45.601070 73.788048 -30.580103
v  39.892059 79.191643 -4.841145
v  38.252777 79.064751 -5.037998
v  40.063129 80.481697 -7.669685
v  44.476063 77.523361 -25.737518
v  43.274216 82.296974 -33.117775
v  44.179863 74.678200 -26.568401
v  38.203953 76.201027 -5.333160
v  55.796532 60.347443 -37.803879
v  43.829472 60.347443 -37.803879
v  55.796535 71.009811 -43.050194
v  43.829475 71.009811 -43.050194
v  43.162018 42.246147 -48.933846
v  43.829475 47.896496 -60.012310
v  43.829472 52.392467 -44.356602
v  55.796535 52.392467 -44.356602
v  43.829475 59.381798 -53.816959
v  55.796539 59.381790 -53.816971
v  43.829475 58.135818 -40.439590
v  43.829475 68.798180 -45.685905
v  55.796535 68.798180 -45.685905
v  55.796535 58.135818 -40.439590
v  56.464001 42.246155 -48.933838
v  55.796543 47.896496 -60.012310
v  41.359135 30.747971 -49.136520
v  58.266884 30.747974 -49.136520
v  41.359135 31.220978 -66.221130
v  58.266884 31.220982 -66.221138
v  61.250664 31.531754 -47.895470
v  61.243401 31.531757 -67.808319
v  61.250664 31.531757 -54.786697
v  49.813011 31.531750 -69.197464
v  49.813011 31.531750 -47.895470
v  49.813011 31.531750 -54.786697
v  38.375359 31.531750 -47.895470
v  38.382618 31.531754 -67.808319
v  38.375359 31.531750 -54.786697
v  64.894493 22.035881 -73.467102
v  64.906120 21.966564 -43.474789
v  64.903267 21.983547 -51.902267
v  49.813011 21.966564 -43.474789
v  49.813011 22.035873 -74.856255
v  34.731529 22.035873 -73.467102
v  34.719906 21.966560 -43.474789
v  34.722755 21.983543 -51.902271
v  59.220276 44.149826 -13.497173
v  60.443947 50.635185 -9.450691
v  58.760010 55.430336 -46.193539
v  58.760006 60.581734 -41.501564
v  58.588284 52.543095 -36.655663
v  58.588284 58.886574 -36.844143
v  58.760010 68.690407 -41.764351
v  58.635647 67.368263 -37.661194
v  58.738625 52.838280 -46.109440
v  57.464344 55.768204 -28.276491
v  57.464344 50.478115 -27.234276
v  60.443947 44.245327 -14.192093
v  59.220280 49.193794 -8.884514
v  49.813026 49.193794 -8.884514
v  49.813026 44.149826 -13.497173
v  49.813026 55.430340 -46.193546
v  49.813026 60.581734 -41.501564
v  49.813026 52.543095 -36.655663
v  49.813026 58.886574 -36.844143
v  49.813026 68.690407 -41.764343
v  49.813026 67.368263 -37.661194
v  49.813026 52.838276 -46.109432
v  49.813026 50.576054 -27.503357
v  49.813026 55.866142 -28.545574
v  58.663452 50.202648 -40.482285
v  49.813026 50.202644 -40.482273
v  49.813026 50.850803 -10.063206
v  40.405777 44.149826 -13.497173
v  39.182106 50.635185 -9.450691
v  40.866043 55.430336 -46.193539
v  40.866047 60.581734 -41.501564
v  41.037769 52.543095 -36.655663
v  41.037769 58.886574 -36.844143
v  40.866043 68.690407 -41.764351
v  40.990406 67.368263 -37.661194
v  40.887428 52.838280 -46.109440
v  42.161709 55.768204 -28.276491
v  42.161709 50.478115 -27.234276
v  39.182106 44.245327 -14.192093
v  40.405773 49.193794 -8.884514
v  40.962601 50.202648 -40.482285
v  59.134193 81.358292 -33.323860
v  59.134193 80.953384 -35.620247
v  58.008011 80.927086 -35.319633
v  57.183582 80.855232 -34.498344
v  56.881828 80.757080 -33.376457
v  57.183582 80.658928 -32.254562
v  58.008011 80.587074 -31.433271
v  59.134193 80.560768 -31.132648
v  60.260376 80.587074 -31.433271
v  61.084801 80.658928 -32.254562
v  61.386559 80.757080 -33.376457
v  61.084801 80.855232 -34.498344
v  60.260376 80.927086 -35.319633
v  59.134193 79.454521 -37.406528
v  57.183582 79.408958 -36.885857
v  55.755646 79.284508 -35.463341
v  55.232971 79.114502 -33.520164
v  55.755646 78.944489 -31.576979
v  57.183582 78.820038 -30.154470
v  59.134193 78.774483 -29.633791
v  61.084801 78.820038 -30.154470
v  62.512741 78.944489 -31.576979
v  63.035412 79.114502 -33.520164
v  62.512741 79.284515 -35.463341
v  61.084801 79.408966 -36.885857
v  59.134193 77.263321 -38.204048
v  56.881828 77.210724 -37.602837
v  55.232971 77.067017 -35.960258
v  54.629463 76.870712 -33.716469
v  55.232971 76.674400 -31.472662
v  56.881828 76.530693 -29.830097
v  59.134193 76.478096 -29.228882
v  61.386559 76.530693 -29.830097
v  63.035412 76.674400 -31.472672
v  63.638924 76.870712 -33.716469
v  63.035412 77.067017 -35.960270
v  61.386559 77.210724 -37.602837
v  40.491852 81.358292 -33.323860
v  40.491852 80.953384 -35.620247
v  41.618034 80.927086 -35.319633
v  42.442463 80.855232 -34.498344
v  42.744217 80.757080 -33.376457
v  42.442463 80.658928 -32.254562
v  41.618034 80.587074 -31.433271
v  40.491852 80.560768 -31.132648
v  39.365669 80.587074 -31.433271
v  38.541241 80.658928 -32.254562
v  38.239487 80.757080 -33.376457
v  38.541241 80.855232 -34.498344
v  39.365669 80.927086 -35.319633
v  40.491852 79.454521 -37.406528
v  42.442463 79.408958 -36.885857
v  43.870399 79.284508 -35.463341
v  44.393074 79.114502 -33.520164
v  43.870399 78.944489 -31.576979
v  42.442463 78.820038 -30.154470
v  40.491852 78.774483 -29.633791
v  38.541241 78.820038 -30.154470
v  37.113304 78.944489 -31.576979
v  36.590630 79.114502 -33.520164
v  37.113304 79.284515 -35.463341
v  38.541241 79.408966 -36.885857
v  40.491852 77.263321 -38.204048
v  42.744217 77.210724 -37.602837
v  44.393074 77.067017 -35.960258
v  44.996582 76.870712 -33.716469
v  44.393074 76.674400 -31.472662
v  42.744217 76.530693 -29.830097
v  40.491852 76.478096 -29.228882
v  38.239487 76.530693 -29.830097
v  36.590630 76.674400 -31.472672
v  35.987122 76.870712 -33.716469
v  36.590630 77.067017 -35.960270
v  38.239487 77.210724 -37.602837
v  59.890533 50.270008 -10.458847
v  58.750153 54.255733 -10.586834
v  57.999989 50.225853 -9.954185
v  58.977959 51.390228 -13.779613
v  57.087414 51.346081 -13.274971
v  58.675751 52.716949 -17.354496
v  57.989254 55.529976 -17.639225
v  57.302757 52.716949 -17.354496
v  58.675751 53.510128 -19.767971
v  57.302757 53.510128 -19.767971
v  58.237068 52.485950 -19.116440
v  57.550571 55.298981 -19.401157
v  56.864075 52.485950 -19.116440
v  58.237068 53.279129 -21.529903
v  56.864075 53.279129 -21.529903
v  56.669720 55.147800 -27.206150
v  56.049255 57.690250 -27.463505
v  55.428791 55.147800 -27.206150
v  56.669720 55.864689 -29.387489
v  55.428791 55.864689 -29.387489
v  57.253834 57.603909 -34.311974
v  56.567337 60.416939 -34.596710
v  55.880840 57.603909 -34.311974
v  57.253838 58.397095 -36.725456
v  55.880840 58.397095 -36.725456
v  39.735474 50.270008 -10.458847
v  40.875854 54.255733 -10.586834
v  41.626019 50.225853 -9.954185
v  40.648048 51.390228 -13.779613
v  42.538593 51.346081 -13.274971
v  40.950256 52.716949 -17.354496
v  41.636753 55.529976 -17.639225
v  42.323250 52.716949 -17.354496
v  40.950256 53.510128 -19.767971
v  42.323250 53.510128 -19.767971
v  41.388939 52.485950 -19.116440
v  42.075436 55.298981 -19.401157
v  42.761932 52.485950 -19.116440
v  41.388939 53.279129 -21.529903
v  42.761932 53.279129 -21.529903
v  42.956287 55.147800 -27.206150
v  43.576752 57.690250 -27.463505
v  44.197216 55.147800 -27.206150
v  42.956287 55.864689 -29.387489
v  44.197216 55.864689 -29.387489
v  42.372173 57.603909 -34.311974
v  43.058670 60.416939 -34.596710
v  43.745167 57.603909 -34.311974
v  42.372169 58.397095 -36.725456
v  43.745167 58.397095 -36.725456
v  57.567867 61.251534 -7.462959
v  58.621014 57.345757 -9.349377
v  59.674160 61.251541 -7.462959
v  57.567867 61.374443 -11.358330
v  59.674156 61.374443 -11.358330
v  57.892227 60.937721 -10.863995
v  58.421402 58.796745 -11.271618
v  58.950569 60.937721 -10.863995
v  57.892227 60.490784 -12.770576
v  58.950569 60.490784 -12.770576
v  55.685036 60.746597 -20.280636
v  56.371532 58.200600 -21.510319
v  57.058029 60.746597 -20.280636
v  55.685036 60.826706 -22.819855
v  57.058029 60.826706 -22.819855
v  55.814514 61.189117 -23.403099
v  56.371532 59.123322 -24.400837
v  56.928547 61.189117 -23.403099
v  55.814514 61.254120 -25.463390
v  56.928547 61.254120 -25.463390
v  56.398003 61.103020 -28.179348
v  56.781193 59.681885 -28.865734
v  57.164387 61.103020 -28.179348
v  56.398003 61.147743 -29.596704
v  57.164383 61.147743 -29.596704
v  57.082840 61.604935 -32.495384
v  57.603699 59.673241 -33.428371
v  58.124557 61.604935 -32.495384
v  57.082840 61.665718 -34.421936
v  58.124557 61.665718 -34.421936
v  42.058186 61.251534 -7.462959
v  41.005039 57.345757 -9.349377
v  39.951893 61.251541 -7.462959
v  42.058186 61.374443 -11.358330
v  39.951897 61.374443 -11.358330
v  41.733826 60.937721 -10.863995
v  41.204651 58.796745 -11.271618
v  40.675484 60.937721 -10.863995
v  41.733826 60.490784 -12.770576
v  40.675484 60.490784 -12.770576
v  43.941017 60.746597 -20.280636
v  43.254520 58.200600 -21.510319
v  42.568024 60.746597 -20.280636
v  43.941017 60.826706 -22.819855
v  42.568024 60.826706 -22.819855
v  43.811539 61.189117 -23.403099
v  43.254520 59.123322 -24.400837
v  42.697506 61.189117 -23.403099
v  43.811539 61.254120 -25.463390
v  42.697506 61.254120 -25.463390
v  43.228050 61.103020 -28.179348
v  42.844860 59.681885 -28.865734
v  42.461666 61.103020 -28.179348
v  43.228050 61.147743 -29.596704
v  42.461670 61.147743 -29.596704
v  42.543213 61.604935 -32.495384
v  42.022354 59.673241 -33.428371
v  41.501495 61.604935 -32.495384
v  42.543213 61.665718 -34.421936
v  41.501495 61.665718 -34.421936
v  49.341087 99.253212 -53.514874
v  48.897434 96.847229 -50.823944
v  49.813049 98.273270 -53.454826
v  49.813049 99.253227 -53.514870
v  49.813049 96.847229 -50.823944
v  50.284966 99.253212 -53.514874
v  50.728619 96.847229 -50.823944
v  49.813004 98.273270 -53.454826
v  49.813004 99.253227 -53.514870
v  49.813004 96.847229 -50.823944
v  53.255051 75.539734 -10.511246
v  49.813019 75.414124 -15.267601
v  49.813019 85.564827 -11.818451
v  52.863495 78.303673 -9.972404
v  49.813015 81.978928 -8.205677
v  52.156738 82.027077 -10.016731
v  49.813015 82.016792 -12.042469
v  50.872505 85.613953 -11.813622
v  49.813019 85.204506 -12.691669
v  49.813015 76.259834 -7.793900
v  46.370995 75.539734 -10.511246
v  49.813015 78.200066 -7.354805
v  46.762550 78.303673 -9.972404
v  49.813019 79.204063 -12.400372
v  47.469303 82.027077 -10.016731
v  49.813019 86.023399 -10.935551
v  48.753540 85.613945 -11.813602
v  59.134193 76.598595 -29.664803
v  59.134193 78.669907 -30.030031
v  58.118397 78.398758 -30.053753
v  57.374779 77.657967 -30.118565
v  57.102604 76.646042 -30.207096
v  57.374779 75.634117 -30.295628
v  58.118397 74.893326 -30.360439
v  59.134193 74.622177 -30.384161
v  60.149986 74.893326 -30.360439
v  60.893604 75.634117 -30.295628
v  61.165783 76.646042 -30.207096
v  60.893604 77.657967 -30.118565
v  60.149986 78.398758 -30.053753
v  59.134193 80.281090 -31.381983
v  57.374779 79.811455 -31.423080
v  56.086807 78.528381 -31.535336
v  55.615368 76.775665 -31.688679
v  56.086807 75.022942 -31.842022
v  57.374779 73.739868 -31.954275
v  59.134193 73.270233 -31.995363
v  60.893604 73.739868 -31.954275
v  62.181576 75.022949 -31.842020
v  62.653015 76.775665 -31.688679
v  62.181576 78.528381 -31.535326
v  60.893604 79.811455 -31.423071
v  59.134193 81.000450 -33.358406
v  57.102604 80.458153 -33.405849
v  55.615368 78.976585 -33.535469
v  55.071014 76.952728 -33.712532
v  55.615368 74.928864 -33.889599
v  57.102604 73.447304 -34.019218
v  59.134193 72.905006 -34.066662
v  61.165783 73.447304 -34.019218
v  62.653015 74.928871 -33.889599
v  63.197372 76.952728 -33.712532
v  62.653015 78.976593 -33.535469
v  61.165783 80.458153 -33.405849
v  59.134193 80.635216 -35.429703
v  57.374779 80.165588 -35.470791
v  56.086807 78.882507 -35.583046
v  55.615368 77.129791 -35.736389
v  56.086807 75.377075 -35.889732
v  57.374779 74.094002 -36.001984
v  59.134193 73.624367 -36.043076
v  60.893604 74.094002 -36.001984
v  62.181576 75.377075 -35.889732
v  62.653015 77.129791 -35.736389
v  62.181576 78.882507 -35.583046
v  60.893604 80.165588 -35.470791
v  59.134193 79.283272 -37.040894
v  58.118397 79.012131 -37.064617
v  57.374779 78.271339 -37.129429
v  57.102604 77.259415 -37.217960
v  57.374779 76.247482 -37.306492
v  58.118397 75.506699 -37.371304
v  59.134193 75.235550 -37.395027
v  60.149986 75.506699 -37.371304
v  60.893604 76.247482 -37.306492
v  61.165783 77.259415 -37.217960
v  60.893604 78.271339 -37.129429
v  60.149986 79.012131 -37.064617
v  59.134193 77.306854 -37.760254
v  60.423092 79.080902 -38.788147
v  64.978241 90.902252 -47.809547
v  61.105919 91.053917 -48.207611
v  58.242027 79.320320 -39.416508
v  60.732563 72.994583 -40.768860
v  58.551498 73.234001 -41.397217
v  61.072170 78.822159 -53.672573
v  64.944489 78.670486 -53.274502
v  39.202961 79.080902 -38.788147
v  34.647812 90.902252 -47.809547
v  38.520134 91.053917 -48.207611
v  41.384026 79.320320 -39.416508
v  38.893490 72.994583 -40.768860
v  41.074554 73.234001 -41.397217
v  38.553883 78.822159 -53.672573
v  34.681561 78.670486 -53.274502
v  40.491852 76.598595 -29.664803
v  40.491852 78.669907 -30.030031
v  41.507645 78.398758 -30.053753
v  42.251263 77.657967 -30.118565
v  42.523441 76.646042 -30.207096
v  42.251263 75.634117 -30.295628
v  41.507645 74.893326 -30.360439
v  40.491852 74.622177 -30.384161
v  39.476059 74.893326 -30.360439
v  38.732437 75.634117 -30.295628
v  38.460262 76.646042 -30.207096
v  38.732437 77.657967 -30.118565
v  39.476059 78.398758 -30.053753
v  40.491852 80.281090 -31.381983
v  42.251263 79.811455 -31.423080
v  43.539234 78.528381 -31.535336
v  44.010677 76.775665 -31.688679
v  43.539234 75.022942 -31.842022
v  42.251263 73.739868 -31.954275
v  40.491852 73.270233 -31.995363
v  38.732437 73.739868 -31.954275
v  37.444466 75.022949 -31.842020
v  36.973030 76.775665 -31.688679
v  37.444466 78.528381 -31.535326
v  38.732437 79.811455 -31.423071
v  40.491852 81.000450 -33.358406
v  42.523441 80.458153 -33.405849
v  44.010677 78.976585 -33.535469
v  44.555031 76.952728 -33.712532
v  44.010677 74.928864 -33.889599
v  42.523441 73.447304 -34.019218
v  40.491852 72.905006 -34.066662
v  38.460262 73.447304 -34.019218
v  36.973030 74.928871 -33.889599
v  36.428673 76.952728 -33.712532
v  36.973030 78.976593 -33.535469
v  38.460262 80.458153 -33.405849
v  40.491852 80.635216 -35.429703
v  42.251263 80.165588 -35.470791
v  43.539234 78.882507 -35.583046
v  44.010674 77.129791 -35.736389
v  43.539234 75.377075 -35.889732
v  42.251263 74.094002 -36.001984
v  40.491852 73.624367 -36.043076
v  38.732437 74.094002 -36.001984
v  37.444466 75.377075 -35.889732
v  36.973030 77.129791 -35.736389
v  37.444466 78.882507 -35.583046
v  38.732437 80.165588 -35.470791
v  40.491852 79.283272 -37.040894
v  41.507645 79.012131 -37.064617
v  42.251263 78.271339 -37.129429
v  42.523441 77.259415 -37.217960
v  42.251263 76.247482 -37.306492
v  41.507645 75.506699 -37.371304
v  40.491852 75.235550 -37.395027
v  39.476059 75.506699 -37.371304
v  38.732437 76.247482 -37.306492
v  38.460262 77.259415 -37.217960
v  38.732437 78.271339 -37.129429
v  39.476059 79.012131 -37.064617
v  40.491852 77.306854 -37.760254
v  53.469955 89.137184 -36.215343
v  52.973293 81.511047 -45.011967
v  54.708233 74.063377 -46.046936
v  51.644230 90.759621 -46.707336
v  52.187313 95.554909 -41.418320
v  50.284966 99.253212 -53.514874
v  54.057899 83.392685 -31.971422
v  53.283932 92.456192 -44.885536
v  50.728619 96.847229 -50.823944
v  51.129616 99.462547 -47.937950
v  51.592678 97.512138 -49.916805
v  53.769138 80.910278 -31.649496
v  54.677238 69.534691 -41.487614
v  55.707508 73.731003 -39.303265
v  49.813026 69.465073 -41.411633
v  49.813026 74.063377 -46.046928
v  49.813026 81.511055 -45.011967
v  49.813026 89.137192 -36.215355
v  49.813026 90.759628 -46.707336
v  49.813026 95.554909 -41.418320
v  49.813026 98.273270 -53.454826
v  49.813026 99.253227 -53.514870
v  49.813026 83.490005 -31.820848
v  49.813026 96.847229 -50.823944
v  49.813026 99.462547 -47.937950
v  49.813026 80.916618 -31.721880
v  55.185600 84.063683 -40.076866
v  46.156097 89.137184 -36.215343
v  46.652760 81.511047 -45.011967
v  44.917820 74.063377 -46.046936
v  47.981823 90.759621 -46.707336
v  47.438740 95.554909 -41.418320
v  49.341087 99.253212 -53.514874
v  45.568153 83.392685 -31.971422
v  46.342121 92.456192 -44.885536
v  48.897434 96.847229 -50.823944
v  48.496437 99.462547 -47.937950
v  48.033375 97.512138 -49.916805
v  45.856915 80.910278 -31.649496
v  44.948814 69.534691 -41.487614
v  43.918545 73.731003 -39.303265
v  44.440453 84.063683 -40.076866
v  51.130478 53.950279 -55.255592
v  48.495533 53.950279 -55.255592
v  50.731827 55.494495 -59.123749
v  48.894184 55.494495 -59.123749
v  51.130482 47.276535 -58.447090
v  48.495533 47.276535 -58.447090
v  50.731827 51.642342 -63.443474
v  48.894184 51.642342 -63.443474
v  51.130478 65.388908 -47.274372
v  48.495529 65.388908 -47.274372
v  50.647614 68.751762 -53.673927
v  48.978394 68.751762 -53.673927
v  51.130478 60.252861 -50.563515
v  48.495529 60.252853 -50.563515
v  50.647617 63.083473 -56.218422
v  48.978394 63.083473 -56.218422
v  51.130482 43.237549 -59.491470
v  48.495533 43.237549 -59.491470
v  50.117470 45.739979 -68.247696
v  49.508545 45.739979 -68.247696
v  51.130482 35.363029 -63.054291
v  48.495533 35.363029 -63.054291
v  50.117470 39.273342 -69.389053
v  49.508545 39.273342 -69.389053
v  50.822681 32.573662 -62.413734
v  48.803337 32.573662 -62.413734
v  50.753723 37.113674 -69.169785
v  48.872295 37.113674 -69.169785
v  50.947449 25.613735 -66.113396
v  48.678577 25.613735 -66.113396
v  50.753723 27.872463 -72.373085
v  48.872299 27.872463 -72.373085
v  25.805792 -1.545795 -84.024002
v  24.803551 -1.545795 -83.021759
v  25.805792 -1.545804 -34.005066
v  73.820259 -1.545795 -84.024002
v  24.803551 -1.545804 -35.007298
v  74.822502 -1.545804 -35.007298
v  74.822502 -1.545795 -83.021759
v  73.820259 -1.545804 -34.005066
v  74.131187 -0.840250 -84.819756
v  70.370407 27.992237 -80.821556
v  23.959723 -0.840269 -34.648289
v  75.666328 -0.840269 -34.648289
v  27.957916 27.992229 -38.409069
v  71.668137 27.992229 -38.409069
v  75.666328 -0.840250 -83.284622
v  29.255644 27.992237 -80.821556
v  74.131187 -0.840260 -33.113152
v  29.255644 27.992229 -37.111336
v  25.494858 -0.840250 -84.819756
v  27.957916 27.992237 -79.523834
v  23.959723 -0.840250 -83.284622
v  71.668137 27.992237 -79.523834
v  25.494858 -0.840260 -33.113152
v  70.370407 27.992229 -37.111336
v  28.801743 28.697769 -79.135719
v  70.824310 28.697769 -79.135719
v  69.982285 28.697762 -37.955170
v  69.982285 28.697769 -79.977730
v  28.801743 28.697762 -38.797188
v  70.824303 28.697762 -38.797188
v  29.643761 28.697769 -79.977730
v  29.643759 28.697758 -37.955170
v  74.131187 -0.840250 -84.819756
v  70.370407 27.992237 -80.821556
v  23.959723 -0.840269 -34.648293
v  75.666328 -0.840269 -34.648293
v  27.957916 27.992229 -38.409073
v  71.668137 27.992229 -38.409073
v  75.666328 -0.840250 -83.284622
v  29.255644 27.992237 -80.821556
v  74.131187 -0.840260 -33.113152
v  29.255644 27.992229 -37.111340
v  25.494858 -0.840250 -84.819756
v  27.957916 27.992237 -79.523834
v  23.959723 -0.840250 -83.284622
v  71.668137 27.992237 -79.523834
v  25.494858 -0.840260 -33.113152
v  70.370407 27.992229 -37.111340
v  25.805792 -1.545795 -83.975922
v  28.801743 28.697769 -79.135719
v  24.803551 -1.545795 -82.973679
v  70.824310 28.697769 -79.135719
v  25.805792 -1.545804 -33.956978
v  69.982285 28.697762 -37.955170
v  73.820259 -1.545795 -83.975922
v  69.982285 28.697777 -79.977730
v  24.803551 -1.545804 -34.959221
v  74.822502 -1.545804 -34.959221
v  28.801743 28.697762 -38.797188
v  70.824303 28.697762 -38.797188
v  74.822502 -1.545795 -82.973679
v  29.643761 28.697769 -79.977730
v  73.820259 -1.545804 -33.956978
v  29.643759 28.697762 -37.955170
v  74.131187 -0.840250 -84.819756
v  70.370407 27.992237 -80.821556
v  23.959723 -0.840269 -34.648293
v  75.666328 -0.840269 -34.648293
v  27.957916 27.992229 -38.409073
v  71.668137 27.992229 -38.409073
v  75.666328 -0.840250 -83.284622
v  29.255644 27.992237 -80.821556
v  74.131187 -0.840260 -33.113152
v  29.255644 27.992229 -37.111340
v  25.494858 -0.840250 -84.819756
v  27.957916 27.992237 -79.523834
v  23.959723 -0.840250 -83.284622
v  71.668137 27.992237 -79.523834
v  25.494858 -0.840260 -33.113152
v  70.370407 27.992229 -37.111340
v  70.370407 27.992237 -80.821556
v  23.959723 -0.840269 -34.648293
v  71.668137 27.992229 -38.409073
v  75.666328 -0.840250 -83.284622
v  74.131187 -0.840260 -33.113152
v  29.255644 27.992229 -37.111340
v  25.494858 -0.840250 -84.819756
v  27.957916 27.992237 -79.523834
v  25.805792 -1.545795 -83.975922
v  28.801743 28.697769 -79.135719
v  24.803551 -1.545795 -82.973679
v  70.824310 28.697769 -79.135719
v  25.805792 -1.545804 -33.956978
v  69.982285 28.697762 -37.955170
v  73.820259 -1.545795 -83.975922
v  69.982285 28.697777 -79.977730
v  24.803551 -1.545804 -34.959221
v  74.822502 -1.545804 -34.959221
v  28.801743 28.697762 -38.797188
v  70.824303 28.697762 -38.797188
v  74.822502 -1.545795 -82.973679
v  29.643761 28.697769 -79.977730
v  73.820259 -1.545804 -33.956978
v  29.643759 28.697762 -37.955170
v  74.131187 -0.840250 -84.819756
v  75.666328 -0.840269 -34.648293
v  27.957916 27.992229 -38.409073
v  29.255644 27.992237 -80.821556
v  23.959723 -0.840250 -83.284622
v  71.668137 27.992237 -79.523834
v  25.494858 -0.840260 -33.113152
v  70.370407 27.992229 -37.111340
# 688 vertices

vt  0.101257 0.847290 0.000000
vt  0.106623 0.950766 0.000000
vt  0.027437 0.950766 0.000000
vt  0.027437 0.847290 0.000000
vt  0.453468 0.847290 0.000000
vt  0.117170 0.847290 0.000000
vt  0.333547 0.847290 0.000000
vt  0.333547 0.984926 0.000000
vt  0.296187 0.657411 -0.000477
vt  0.521140 0.791514 0.000000
vt  0.561127 0.874970 0.000000
vt  0.390835 0.791514 0.000000
vt  0.478148 0.814130 0.000000
vt  0.478148 0.791514 0.000000
vt  0.387628 0.793579 0.000000
vt  0.387628 0.814130 0.000000
vt  0.543478 0.814130 0.000000
vt  0.106623 0.984926 0.000000
vt  0.560113 0.932783 0.000000
vt  0.077452 0.913156 0.000000
vt  0.091361 0.913156 0.000000
vt  0.027437 0.913156 0.000000
vt  0.198330 0.686923 0.000036
vt  0.198330 0.657411 0.000545
vt  0.524901 0.932783 0.000000
vt  0.333547 0.932783 0.000000
vt  0.382299 0.710633 -0.000335
vt  0.559841 0.984926 -0.000000
vt  0.453468 0.932783 0.000000
vt  0.296187 0.686923 -0.000170
vt  0.353732 0.955606 0.000364
vt  0.348240 0.984926 -0.000177
vt  0.251274 0.686923 -0.000146
vt  0.389792 0.932783 0.000000
vt  0.251274 0.657411 0.000321
vt  0.453468 0.984926 0.000000
vt  0.296187 0.710430 -0.000166
vt  0.113868 0.946631 0.000000
vt  0.200734 0.946631 0.000000
vt  0.200734 0.950766 0.000000
vt  0.200734 0.984926 0.000000
vt  0.449267 0.704521 0.692157
vt  0.421627 0.955606 0.619917
vt  0.389792 0.955606 0.352664
vt  0.418949 0.676420 0.704784
vt  0.447197 0.690701 0.707527
vt  0.416851 0.709924 0.714525
vt  0.510212 0.657486 0.624719
vt  0.354717 0.984926 0.203556
vt  0.421627 0.984926 0.412840
vt  0.389792 0.984926 0.194405
vt  0.528375 0.671959 0.784576
vt  0.538259 0.728448 0.655373
vt  0.524552 0.739439 0.562827
vt  0.598512 0.651668 0.704784
vt  0.614267 0.674889 0.714525
vt  0.569771 0.651502 0.624719
vt  0.551440 0.701322 0.562827
vt  0.521107 0.814130 0.000000
vt  0.179751 0.686923 0.000364
vt  0.179066 0.657411 -0.000177
vt  0.524901 0.984926 -0.000335
vt  0.382299 0.657411 -0.000000
vt  0.382299 0.686923 0.000568
vt  0.382299 0.686923 0.000568
vt  0.539683 0.984926 0.000568
vt  0.543478 0.791514 0.000000
vt  0.524901 0.847290 0.000000
vt  0.524901 0.874970 0.000000
vt  0.521140 0.791514 0.000000
vt  0.561127 0.847290 0.000000
vt  0.101257 0.847290 0.000000
vt  0.106623 0.950766 0.000000
vt  0.027437 0.950766 0.000000
vt  0.027437 0.847290 0.000000
vt  0.453468 0.847290 0.000000
vt  0.117170 0.847290 0.000000
vt  0.333547 0.847290 0.000000
vt  0.333547 0.984926 0.000000
vt  0.296187 0.657411 -0.000477
vt  0.521140 0.791514 0.000000
vt  0.561127 0.874970 0.000000
vt  0.390835 0.791514 0.000000
vt  0.478148 0.814130 0.000000
vt  0.478148 0.791514 0.000000
vt  0.387628 0.793579 0.000000
vt  0.387628 0.814130 0.000000
vt  0.543478 0.814130 0.000000
vt  0.106623 0.984926 0.000000
vt  0.560113 0.932783 0.000000
vt  0.077452 0.913156 0.000000
vt  0.091361 0.913156 0.000000
vt  0.027437 0.913156 0.000000
vt  0.198330 0.686923 0.000036
vt  0.198330 0.657411 0.000545
vt  0.524901 0.932783 0.000000
vt  0.333547 0.932783 0.000000
vt  0.382299 0.710633 -0.000335
vt  0.559841 0.984926 -0.000000
vt  0.453468 0.932783 0.000000
vt  0.296187 0.686923 -0.000170
vt  0.353732 0.955606 0.000364
vt  0.348240 0.984926 -0.000177
vt  0.251274 0.686923 -0.000146
vt  0.389792 0.932783 0.000000
vt  0.251274 0.657411 0.000321
vt  0.453468 0.984926 0.000000
vt  0.296187 0.710430 -0.000166
vt  0.113868 0.946631 0.000000
vt  0.200734 0.946631 0.000000
vt  0.200734 0.950766 0.000000
vt  0.200734 0.984926 0.000000
vt  0.449267 0.704521 0.692157
vt  0.421627 0.955606 0.619917
vt  0.389792 0.955606 0.352664
vt  0.418949 0.676420 0.704784
vt  0.447197 0.690701 0.707527
vt  0.416851 0.709924 0.714525
vt  0.510212 0.657486 0.624719
vt  0.354717 0.984926 0.203556
vt  0.421627 0.984926 0.412840
vt  0.389792 0.984926 0.194405
vt  0.528375 0.671959 0.784576
vt  0.538259 0.728448 0.655373
vt  0.524552 0.739439 0.562827
vt  0.598512 0.651668 0.704784
vt  0.614267 0.674889 0.714525
vt  0.569771 0.651502 0.624719
vt  0.551440 0.701322 0.562827
vt  0.521107 0.814130 0.000000
vt  0.179751 0.686923 0.000364
vt  0.179066 0.657411 -0.000177
vt  0.524901 0.984926 -0.000335
vt  0.382299 0.657411 -0.000000
vt  0.382299 0.686923 0.000568
vt  0.382299 0.686923 0.000568
vt  0.539683 0.984926 0.000568
vt  0.543478 0.791514 0.000000
vt  0.524901 0.847290 0.000000
vt  0.524901 0.874970 0.000000
vt  0.521140 0.791514 0.000000
vt  0.561127 0.847290 0.000000
vt  0.594782 0.842377 0.000000
vt  0.594782 0.906823 0.000000
vt  0.634408 0.906823 0.000000
vt  0.634408 0.842377 0.000000
vt  0.594782 0.906823 0.000000
vt  0.594782 0.842377 0.000000
vt  0.634408 0.842377 0.000000
vt  0.634408 0.906823 0.000000
vt  0.774418 0.906823 0.000000
vt  0.995406 0.906823 0.000000
vt  0.995406 0.842377 0.000000
vt  0.774418 0.842377 0.000000
vt  0.774418 0.842377 0.000000
vt  0.995406 0.842377 0.000000
vt  0.995406 0.906823 0.000000
vt  0.774418 0.906823 0.000000
vt  0.594782 0.809516 0.000000
vt  0.594782 0.842377 0.000000
vt  0.634408 0.842377 0.000000
vt  0.634408 0.809516 0.000000
vt  0.594782 0.979480 0.000000
vt  0.594782 0.906823 0.000000
vt  0.634408 0.906823 0.000000
vt  0.634408 0.979480 0.000000
vt  0.774418 0.842377 0.000000
vt  0.995406 0.842377 0.000000
vt  0.995406 0.809516 0.000000
vt  0.774418 0.809516 0.000000
vt  0.774418 0.906823 0.000000
vt  0.995406 0.906823 0.000000
vt  0.995406 0.979480 0.000000
vt  0.774418 0.979480 0.000000
vt  0.300767 0.461366 0.000000
vt  0.366488 0.461366 0.000000
vt  0.366488 0.553698 0.000000
vt  0.300767 0.553698 0.000000
vt  0.026561 0.461366 0.000000
vt  0.026561 0.553698 0.000000
vt  0.171011 0.461366 0.000000
vt  0.171011 0.553698 0.000000
vt  0.300767 0.461366 0.000000
vt  0.300767 0.461366 0.000000
vt  0.300767 0.553698 0.000000
vt  0.300767 0.553698 0.000000
vt  0.171011 0.461366 0.000000
vt  0.171011 0.553698 0.000000
vt  0.171011 0.461366 0.000000
vt  0.171011 0.553698 0.000000
vt  0.603137 0.415251 0.000000
vt  0.390248 0.415251 0.000000
vt  0.517681 0.415251 0.000000
vt  0.390027 0.468867 0.000000
vt  0.603137 0.468867 0.000000
vt  0.517681 0.468867 0.000000
vt  0.248688 0.415251 0.000000
vt  0.727595 0.415251 0.000000
vt  0.603137 0.415251 0.000000
vt  0.390248 0.415251 0.000000
vt  0.517681 0.415251 0.000000
vt  0.390027 0.468867 0.000000
vt  0.603137 0.468867 0.000000
vt  0.517681 0.468867 0.000000
vt  0.248688 0.415251 0.000000
vt  0.727595 0.415251 0.000000
vt  0.344913 0.375602 0.000000
vt  0.603137 0.375326 0.000000
vt  0.517681 0.375394 0.000000
vt  0.727595 0.375326 0.000000
vt  0.727595 0.375326 0.000000
vt  0.203354 0.375602 0.000000
vt  0.203354 0.375602 0.000000
vt  0.344913 0.375602 0.000000
vt  0.603137 0.375326 0.000000
vt  0.517681 0.375394 0.000000
vt  0.284083 0.841060 0.000000
vt  0.268863 0.841060 0.000000
vt  0.268863 0.818926 0.000000
vt  0.284083 0.818926 0.000000
vt  0.442323 0.818926 0.000000
vt  0.442323 0.841060 0.000000
vt  0.437751 0.841060 0.000000
vt  0.354706 0.818926 0.000000
vt  0.301213 0.818926 0.000000
vt  0.301212 0.841060 0.000000
vt  0.354706 0.841060 0.000000
vt  0.493983 0.599560 0.000000
vt  0.493983 0.650212 0.000000
vt  0.545309 0.650212 0.000000
vt  0.545309 0.599560 0.000000
vt  0.072547 0.599560 0.000000
vt  0.018620 0.599560 0.000000
vt  0.018620 0.650212 0.000000
vt  0.072547 0.650212 0.000000
vt  0.468845 0.599560 0.000000
vt  0.312324 0.580082 0.000000
vt  0.312324 0.599560 0.000000
vt  0.468845 0.650212 0.000000
vt  0.312324 0.650212 0.000000
vt  0.222730 0.599560 0.000000
vt  0.166013 0.650212 0.000000
vt  0.018620 0.701558 0.000000
vt  0.072547 0.701558 0.000000
vt  0.166013 0.701558 0.000000
vt  0.072681 0.578373 0.000000
vt  0.222730 0.580082 0.000000
vt  0.493983 0.579977 0.000000
vt  0.072681 0.565554 0.000000
vt  0.192389 0.578373 0.000000
vt  0.192389 0.565554 0.000000
vt  0.437751 0.818926 0.000000
vt  0.284083 0.841060 0.000000
vt  0.268863 0.841060 0.000000
vt  0.268863 0.818926 0.000000
vt  0.284083 0.818926 0.000000
vt  0.442323 0.818926 0.000000
vt  0.442323 0.841060 0.000000
vt  0.437751 0.841060 0.000000
vt  0.354706 0.818926 0.000000
vt  0.301213 0.818926 0.000000
vt  0.301212 0.841060 0.000000
vt  0.354706 0.841060 0.000000
vt  0.493983 0.599560 0.000000
vt  0.493983 0.650212 0.000000
vt  0.545309 0.650212 0.000000
vt  0.545309 0.599560 0.000000
vt  0.072547 0.599560 0.000000
vt  0.018620 0.599560 0.000000
vt  0.018620 0.650212 0.000000
vt  0.072547 0.650212 0.000000
vt  0.468845 0.599560 0.000000
vt  0.312324 0.580082 0.000000
vt  0.312324 0.599560 0.000000
vt  0.468845 0.650212 0.000000
vt  0.312324 0.650212 0.000000
vt  0.222730 0.599560 0.000000
vt  0.166013 0.650212 0.000000
vt  0.018620 0.701558 0.000000
vt  0.072547 0.701558 0.000000
vt  0.166013 0.701558 0.000000
vt  0.072681 0.578373 0.000000
vt  0.222730 0.580082 0.000000
vt  0.493983 0.579977 0.000000
vt  0.072681 0.565554 0.000000
vt  0.192389 0.578373 0.000000
vt  0.192389 0.565554 0.000000
vt  0.437751 0.818926 0.000000
vt  0.102612 0.810212 0.000000
vt  0.092967 0.795272 0.000000
vt  0.078503 0.800182 0.000000
vt  0.071624 0.805220 0.000000
vt  0.071624 0.810212 0.000000
vt  0.071624 0.815204 0.000000
vt  0.078503 0.820242 0.000000
vt  0.092967 0.825152 0.000000
vt  0.078503 0.820242 0.000000
vt  0.071624 0.815204 0.000000
vt  0.071624 0.810212 0.000000
vt  0.071624 0.805220 0.000000
vt  0.078503 0.800182 0.000000
vt  0.065774 0.784335 0.000000
vt  0.057423 0.792840 0.000000
vt  0.053451 0.801566 0.000000
vt  0.053451 0.810212 0.000000
vt  0.053451 0.818859 0.000000
vt  0.057423 0.827585 0.000000
vt  0.065774 0.836090 0.000000
vt  0.057423 0.827585 0.000000
vt  0.053451 0.818859 0.000000
vt  0.053451 0.810212 0.000000
vt  0.053451 0.801566 0.000000
vt  0.057423 0.792840 0.000000
vt  0.028628 0.780332 0.000000
vt  0.028628 0.790153 0.000000
vt  0.028628 0.800228 0.000000
vt  0.028628 0.810212 0.000000
vt  0.028628 0.820197 0.000000
vt  0.028628 0.830272 0.000000
vt  0.028628 0.840093 0.000000
vt  0.028628 0.830272 0.000000
vt  0.028628 0.820197 0.000000
vt  0.028628 0.810212 0.000000
vt  0.028628 0.800228 0.000000
vt  0.028628 0.790153 0.000000
vt  0.102612 0.810212 0.000000
vt  0.092967 0.795272 0.000000
vt  0.078503 0.800182 0.000000
vt  0.071624 0.805220 0.000000
vt  0.071624 0.810212 0.000000
vt  0.071624 0.815204 0.000000
vt  0.078503 0.820242 0.000000
vt  0.092967 0.825152 0.000000
vt  0.078503 0.820242 0.000000
vt  0.071624 0.815204 0.000000
vt  0.071624 0.810212 0.000000
vt  0.071624 0.805220 0.000000
vt  0.078503 0.800182 0.000000
vt  0.065774 0.784335 0.000000
vt  0.057423 0.792840 0.000000
vt  0.053451 0.801566 0.000000
vt  0.053451 0.810212 0.000000
vt  0.053451 0.818859 0.000000
vt  0.057423 0.827585 0.000000
vt  0.065774 0.836090 0.000000
vt  0.057423 0.827585 0.000000
vt  0.053451 0.818859 0.000000
vt  0.053451 0.810212 0.000000
vt  0.053451 0.801566 0.000000
vt  0.057423 0.792840 0.000000
vt  0.028628 0.780332 0.000000
vt  0.028628 0.790153 0.000000
vt  0.028628 0.800228 0.000000
vt  0.028628 0.810212 0.000000
vt  0.028628 0.820197 0.000000
vt  0.028628 0.830272 0.000000
vt  0.028628 0.840093 0.000000
vt  0.028628 0.830272 0.000000
vt  0.028628 0.820197 0.000000
vt  0.028628 0.810212 0.000000
vt  0.028628 0.800228 0.000000
vt  0.028628 0.790153 0.000000
vt  0.125451 0.371574 0.000000
vt  0.036975 0.393729 0.000000
vt  0.125451 0.371574 0.000000
vt  0.128235 0.417321 0.000000
vt  0.128235 0.417321 0.000000
vt  0.125451 0.371574 0.000000
vt  0.036975 0.393729 0.000000
vt  0.125451 0.371574 0.000000
vt  0.128235 0.417321 0.000000
vt  0.128235 0.417321 0.000000
vt  0.125451 0.371574 0.000000
vt  0.036975 0.393729 0.000000
vt  0.125451 0.371574 0.000000
vt  0.128235 0.417321 0.000000
vt  0.128235 0.417321 0.000000
vt  0.125451 0.371574 0.000000
vt  0.036975 0.393729 0.000000
vt  0.125451 0.371574 0.000000
vt  0.128235 0.417321 0.000000
vt  0.128235 0.417321 0.000000
vt  0.125451 0.371574 0.000000
vt  0.036975 0.393729 0.000000
vt  0.125451 0.371574 0.000000
vt  0.128235 0.417321 0.000000
vt  0.128235 0.417321 0.000000
vt  0.125451 0.371574 0.000000
vt  0.036975 0.393729 0.000000
vt  0.125451 0.371574 0.000000
vt  0.128235 0.417321 0.000000
vt  0.128235 0.417321 0.000000
vt  0.125451 0.371574 0.000000
vt  0.036975 0.393729 0.000000
vt  0.125451 0.371574 0.000000
vt  0.128235 0.417321 0.000000
vt  0.128235 0.417321 0.000000
vt  0.125451 0.371574 0.000000
vt  0.036975 0.393729 0.000000
vt  0.125451 0.371574 0.000000
vt  0.128235 0.417321 0.000000
vt  0.128235 0.417321 0.000000
vt  0.125451 0.371574 0.000000
vt  0.036975 0.393729 0.000000
vt  0.125451 0.371574 0.000000
vt  0.128235 0.417321 0.000000
vt  0.128235 0.417321 0.000000
vt  0.125451 0.371574 0.000000
vt  0.036975 0.393729 0.000000
vt  0.125451 0.371574 0.000000
vt  0.128235 0.417321 0.000000
vt  0.128235 0.417321 0.000000
vt  0.125451 0.371574 0.000000
vt  0.036975 0.393729 0.000000
vt  0.125451 0.371574 0.000000
vt  0.128235 0.417321 0.000000
vt  0.128235 0.417321 0.000000
vt  0.125451 0.371574 0.000000
vt  0.036975 0.393729 0.000000
vt  0.125451 0.371574 0.000000
vt  0.128235 0.417321 0.000000
vt  0.128235 0.417321 0.000000
vt  0.125451 0.371574 0.000000
vt  0.036975 0.393729 0.000000
vt  0.125451 0.371574 0.000000
vt  0.128235 0.417321 0.000000
vt  0.128235 0.417321 0.000000
vt  0.125451 0.371574 0.000000
vt  0.036975 0.393729 0.000000
vt  0.125451 0.371574 0.000000
vt  0.128235 0.417321 0.000000
vt  0.128235 0.417321 0.000000
vt  0.125451 0.371574 0.000000
vt  0.036975 0.393729 0.000000
vt  0.125451 0.371574 0.000000
vt  0.128235 0.417321 0.000000
vt  0.128235 0.417321 0.000000
vt  0.125451 0.371574 0.000000
vt  0.036975 0.393729 0.000000
vt  0.125451 0.371574 0.000000
vt  0.128235 0.417321 0.000000
vt  0.128235 0.417321 0.000000
vt  0.125451 0.371574 0.000000
vt  0.036975 0.393729 0.000000
vt  0.125451 0.371574 0.000000
vt  0.128235 0.417321 0.000000
vt  0.128235 0.417321 0.000000
vt  0.125451 0.371574 0.000000
vt  0.036975 0.393729 0.000000
vt  0.125451 0.371574 0.000000
vt  0.128235 0.417321 0.000000
vt  0.128235 0.417321 0.000000
vt  0.125451 0.371574 0.000000
vt  0.036975 0.393729 0.000000
vt  0.125451 0.371574 0.000000
vt  0.128235 0.417321 0.000000
vt  0.128235 0.417321 0.000000
vt  0.125451 0.371574 0.000000
vt  0.036975 0.393729 0.000000
vt  0.125451 0.371574 0.000000
vt  0.128235 0.417321 0.000000
vt  0.128235 0.417321 0.000000
vt  0.125451 0.371574 0.000000
vt  0.036975 0.393729 0.000000
vt  0.125451 0.371574 0.000000
vt  0.128235 0.417321 0.000000
vt  0.128235 0.417321 0.000000
vt  0.125451 0.371574 0.000000
vt  0.036975 0.393729 0.000000
vt  0.125451 0.371574 0.000000
vt  0.128235 0.417321 0.000000
vt  0.128235 0.417321 0.000000
vt  0.533881 0.772451 0.000000
vt  0.532618 0.756994 0.000000
vt  0.528235 0.767183 0.000000
vt  0.442244 0.774019 0.000000
vt  0.448195 0.780655 0.000000
vt  0.533881 0.772451 0.000000
vt  0.532618 0.756994 0.000000
vt  0.528235 0.767183 0.000000
vt  0.442244 0.774019 0.000000
vt  0.448195 0.780655 0.000000
vt  0.890127 0.611910 0.000000
vt  0.890127 0.637681 0.000000
vt  0.890127 0.664937 0.000000
vt  0.637874 0.637681 0.000000
vt  0.818680 0.611910 0.000000
vt  0.818680 0.637681 0.000000
vt  0.818680 0.664937 0.000000
vt  0.728184 0.615135 0.000000
vt  0.728184 0.637742 0.000000
vt  0.728184 0.661650 0.000000
vt  0.640108 0.621656 0.000000
vt  0.640108 0.637865 0.000000
vt  0.640108 0.655007 0.000000
vt  0.890127 0.611910 0.000000
vt  0.890127 0.637681 0.000000
vt  0.890127 0.664937 0.000000
vt  0.637874 0.637681 0.000000
vt  0.818680 0.611910 0.000000
vt  0.818680 0.637681 0.000000
vt  0.818680 0.664937 0.000000
vt  0.728184 0.615135 0.000000
vt  0.728184 0.637742 0.000000
vt  0.728184 0.661650 0.000000
vt  0.640108 0.621656 0.000000
vt  0.640108 0.637865 0.000000
vt  0.640108 0.655007 0.000000
vt  0.677791 0.799613 0.000000
vt  0.738448 0.791718 0.000000
vt  0.718513 0.779879 0.000000
vt  0.698059 0.774248 0.000000
vt  0.677791 0.774248 0.000000
vt  0.657524 0.774248 0.000000
vt  0.637070 0.779879 0.000000
vt  0.617135 0.791718 0.000000
vt  0.637070 0.779879 0.000000
vt  0.657524 0.774248 0.000000
vt  0.677791 0.774248 0.000000
vt  0.698059 0.774248 0.000000
vt  0.718513 0.779879 0.000000
vt  0.782852 0.769459 0.000000
vt  0.748323 0.762624 0.000000
vt  0.712896 0.759373 0.000000
vt  0.677791 0.759373 0.000000
vt  0.642687 0.759373 0.000000
vt  0.607260 0.762624 0.000000
vt  0.572730 0.769459 0.000000
vt  0.607260 0.762624 0.000000
vt  0.642687 0.759373 0.000000
vt  0.677791 0.759373 0.000000
vt  0.712896 0.759373 0.000000
vt  0.748323 0.762624 0.000000
vt  0.799106 0.739053 0.000000
vt  0.759234 0.739053 0.000000
vt  0.718327 0.739053 0.000000
vt  0.677791 0.739053 0.000000
vt  0.637256 0.739053 0.000000
vt  0.596349 0.739053 0.000000
vt  0.556478 0.739053 0.000000
vt  0.596349 0.739053 0.000000
vt  0.637256 0.739053 0.000000
vt  0.677791 0.739053 0.000000
vt  0.718327 0.739053 0.000000
vt  0.759234 0.739053 0.000000
vt  0.782852 0.708647 0.000000
vt  0.748323 0.715482 0.000000
vt  0.712896 0.718734 0.000000
vt  0.677791 0.718734 0.000000
vt  0.642687 0.718734 0.000000
vt  0.607260 0.715482 0.000000
vt  0.572730 0.708647 0.000000
vt  0.607260 0.715482 0.000000
vt  0.642687 0.718734 0.000000
vt  0.677791 0.718734 0.000000
vt  0.712896 0.718734 0.000000
vt  0.748323 0.715482 0.000000
vt  0.738448 0.686388 0.000000
vt  0.718513 0.698228 0.000000
vt  0.698059 0.703859 0.000000
vt  0.677791 0.703859 0.000000
vt  0.657524 0.703859 0.000000
vt  0.637070 0.698228 0.000000
vt  0.617135 0.686388 0.000000
vt  0.637070 0.698228 0.000000
vt  0.657524 0.703859 0.000000
vt  0.677791 0.703859 0.000000
vt  0.698059 0.703859 0.000000
vt  0.718513 0.698228 0.000000
vt  0.677791 0.678493 0.000000
vt  0.218078 0.445036 0.000000
vt  0.128932 0.445036 0.000000
vt  0.128932 0.432011 0.000000
vt  0.218078 0.432011 0.000000
vt  0.595159 0.486497 0.000000
vt  0.410687 0.498107 0.000000
vt  0.410687 0.565992 0.000000
vt  0.595159 0.560375 0.000000
vt  0.044269 0.445036 0.000000
vt  0.044269 0.432011 0.000000
vt  0.410687 0.498107 0.000000
vt  0.595159 0.486497 0.000000
vt  0.595159 0.560375 0.000000
vt  0.410687 0.565992 0.000000
vt  0.218078 0.445036 0.000000
vt  0.128932 0.445036 0.000000
vt  0.128932 0.432011 0.000000
vt  0.218078 0.432011 0.000000
vt  0.595159 0.486497 0.000000
vt  0.410687 0.498107 0.000000
vt  0.410687 0.565992 0.000000
vt  0.595159 0.560375 0.000000
vt  0.044269 0.445036 0.000000
vt  0.044269 0.432011 0.000000
vt  0.410687 0.498107 0.000000
vt  0.595159 0.486497 0.000000
vt  0.595159 0.560375 0.000000
vt  0.410687 0.565992 0.000000
vt  0.677791 0.799613 0.000000
vt  0.738448 0.791718 0.000000
vt  0.718513 0.779879 0.000000
vt  0.698059 0.774248 0.000000
vt  0.677791 0.774248 0.000000
vt  0.657524 0.774248 0.000000
vt  0.637070 0.779879 0.000000
vt  0.617135 0.791718 0.000000
vt  0.637070 0.779879 0.000000
vt  0.657524 0.774248 0.000000
vt  0.677791 0.774248 0.000000
vt  0.698059 0.774248 0.000000
vt  0.718513 0.779879 0.000000
vt  0.782852 0.769459 0.000000
vt  0.748323 0.762624 0.000000
vt  0.712896 0.759373 0.000000
vt  0.677791 0.759373 0.000000
vt  0.642687 0.759373 0.000000
vt  0.607260 0.762624 0.000000
vt  0.572730 0.769459 0.000000
vt  0.607260 0.762624 0.000000
vt  0.642687 0.759373 0.000000
vt  0.677791 0.759373 0.000000
vt  0.712896 0.759373 0.000000
vt  0.748323 0.762624 0.000000
vt  0.799106 0.739053 0.000000
vt  0.759234 0.739053 0.000000
vt  0.718327 0.739053 0.000000
vt  0.677791 0.739053 0.000000
vt  0.637256 0.739053 0.000000
vt  0.596349 0.739053 0.000000
vt  0.556478 0.739053 0.000000
vt  0.596349 0.739053 0.000000
vt  0.637256 0.739053 0.000000
vt  0.677791 0.739053 0.000000
vt  0.718327 0.739053 0.000000
vt  0.759234 0.739053 0.000000
vt  0.782852 0.708647 0.000000
vt  0.748323 0.715482 0.000000
vt  0.712896 0.718734 0.000000
vt  0.677791 0.718734 0.000000
vt  0.642687 0.718734 0.000000
vt  0.607260 0.715482 0.000000
vt  0.572730 0.708647 0.000000
vt  0.607260 0.715482 0.000000
vt  0.642687 0.718734 0.000000
vt  0.677791 0.718734 0.000000
vt  0.712896 0.718734 0.000000
vt  0.748323 0.715482 0.000000
vt  0.738448 0.686388 0.000000
vt  0.718513 0.698228 0.000000
vt  0.698059 0.703859 0.000000
vt  0.677791 0.703859 0.000000
vt  0.657524 0.703859 0.000000
vt  0.637070 0.698228 0.000000
vt  0.617135 0.686388 0.000000
vt  0.637070 0.698228 0.000000
vt  0.657524 0.703859 0.000000
vt  0.677791 0.703859 0.000000
vt  0.698059 0.703859 0.000000
vt  0.718513 0.698228 0.000000
vt  0.677791 0.678493 0.000000
vt  0.191891 0.839422 0.000000
vt  0.269825 0.807360 0.000000
vt  0.202740 0.713725 0.000000
vt  0.205340 0.747233 0.000000
vt  0.246912 0.798303 0.000000
vt  0.166558 0.824916 0.000000
vt  0.340454 0.782365 0.000000
vt  0.350681 0.790811 0.000000
vt  0.336059 0.722153 0.000000
vt  0.333823 0.748741 0.000000
vt  0.532618 0.756994 0.000000
vt  0.116552 0.754326 0.000000
vt  0.116552 0.712829 0.000000
vt  0.333891 0.766768 0.000000
vt  0.440672 0.736254 0.000000
vt  0.436234 0.755913 0.000000
vt  0.436555 0.764793 0.000000
vt  0.020717 0.723838 0.000000
vt  0.031917 0.767918 0.000000
vt  0.116552 0.822872 0.000000
vt  0.116552 0.788452 0.000000
vt  0.116552 0.837736 0.000000
vt  0.533881 0.772451 0.000000
vt  0.528235 0.767183 0.000000
vt  0.442244 0.774019 0.000000
vt  0.448195 0.780655 0.000000
vt  0.217451 0.775958 0.000000
vt  0.191891 0.839422 0.000000
vt  0.269825 0.807360 0.000000
vt  0.202740 0.713725 0.000000
vt  0.205340 0.747233 0.000000
vt  0.246912 0.798303 0.000000
vt  0.166558 0.824916 0.000000
vt  0.340454 0.782365 0.000000
vt  0.350681 0.790811 0.000000
vt  0.336059 0.722153 0.000000
vt  0.333823 0.748741 0.000000
vt  0.532618 0.756994 0.000000
vt  0.116552 0.754326 0.000000
vt  0.116552 0.712829 0.000000
vt  0.333891 0.766768 0.000000
vt  0.440672 0.736254 0.000000
vt  0.436234 0.755913 0.000000
vt  0.436555 0.764793 0.000000
vt  0.020717 0.723838 0.000000
vt  0.031917 0.767918 0.000000
vt  0.116552 0.822872 0.000000
vt  0.116552 0.788452 0.000000
vt  0.116552 0.837736 0.000000
vt  0.533881 0.772451 0.000000
vt  0.528235 0.767183 0.000000
vt  0.442244 0.774019 0.000000
vt  0.448195 0.780655 0.000000
vt  0.217451 0.775958 0.000000
vt  0.817346 0.691398 0.000000
vt  0.817345 0.691398 0.000000
vt  0.823922 0.793794 0.000000
vt  0.823922 0.793794 0.000000
vt  0.979464 0.691398 0.000000
vt  0.979464 0.691398 0.000000
vt  0.972887 0.793794 0.000000
vt  0.972887 0.793794 0.000000
vt  0.591991 0.578677 0.000000
vt  0.573762 0.578677 0.000000
vt  0.591991 0.610028 0.000000
vt  0.573762 0.610028 0.000000
vt  0.591991 0.578677 0.000000
vt  0.573762 0.578677 0.000000
vt  0.591991 0.610028 0.000000
vt  0.573762 0.610028 0.000000
vt  0.591991 0.639803 0.000000
vt  0.573762 0.639803 0.000000
vt  0.817346 0.691398 0.000000
vt  0.817345 0.691398 0.000000
vt  0.823922 0.793794 0.000000
vt  0.823922 0.793794 0.000000
vt  0.979464 0.691398 0.000000
vt  0.979464 0.691398 0.000000
vt  0.972887 0.793794 0.000000
vt  0.972887 0.793794 0.000000
vt  0.591991 0.578677 0.000000
vt  0.573762 0.578677 0.000000
vt  0.591991 0.610028 0.000000
vt  0.573762 0.610028 0.000000
vt  0.591991 0.578677 0.000000
vt  0.573762 0.578677 0.000000
vt  0.591991 0.610028 0.000000
vt  0.573762 0.610028 0.000000
vt  0.591991 0.639803 0.000000
vt  0.573762 0.639803 0.000000
vt  0.817346 0.691398 0.000000
vt  0.817345 0.691398 0.000000
vt  0.823922 0.793794 0.000000
vt  0.823922 0.793794 0.000000
vt  0.979464 0.691398 0.000000
vt  0.979464 0.691398 0.000000
vt  0.972887 0.793794 0.000000
vt  0.972887 0.793794 0.000000
vt  0.591991 0.578677 0.000000
vt  0.573762 0.578677 0.000000
vt  0.591991 0.610028 0.000000
vt  0.573762 0.610028 0.000000
vt  0.591991 0.578677 0.000000
vt  0.573762 0.578677 0.000000
vt  0.591991 0.610028 0.000000
vt  0.573762 0.610028 0.000000
vt  0.591991 0.639803 0.000000
vt  0.573762 0.639803 0.000000
vt  0.817346 0.691398 0.000000
vt  0.817345 0.691398 0.000000
vt  0.823922 0.793794 0.000000
vt  0.823922 0.793794 0.000000
vt  0.979464 0.691398 0.000000
vt  0.979464 0.691398 0.000000
vt  0.972887 0.793794 0.000000
vt  0.972887 0.793794 0.000000
vt  0.591991 0.578677 0.000000
vt  0.573762 0.578677 0.000000
vt  0.591991 0.610028 0.000000
vt  0.573762 0.610028 0.000000
vt  0.591991 0.578677 0.000000
vt  0.573762 0.578677 0.000000
vt  0.591991 0.610028 0.000000
vt  0.573762 0.610028 0.000000
vt  0.591991 0.639803 0.000000
vt  0.573762 0.639803 0.000000
vt  0.348076 0.445696 0.000000
vt  0.348076 0.432672 0.000000
vt  0.258930 0.432672 0.000000
vt  0.258930 0.445696 0.000000
vt  0.348076 0.445696 0.000000
vt  0.348076 0.432672 0.000000
vt  0.258930 0.432672 0.000000
vt  0.258930 0.445696 0.000000
vt  0.814945 0.370906 0.999500
vt  0.813110 0.371823 0.999500
vt  0.814945 0.416690 0.999500
vt  0.902845 0.370906 0.999501
vt  0.813110 0.415773 0.999500
vt  0.904679 0.415773 0.999500
vt  0.904679 0.371823 0.999501
vt  0.902845 0.416690 0.999500
vt  0.946507 0.342280 1.371497
vt  0.946507 0.025907 1.159397
vt  0.060599 0.342280 1.371497
vt  0.946507 0.342280 1.371497
vt  0.060599 0.025907 1.159396
vt  0.946507 0.025907 1.159396
vt  0.060599 0.342280 1.371497
vt  0.060599 0.025907 1.159396
vt  0.061169 0.342280 1.371497
vt  0.947077 0.025907 1.159395
vt  0.060599 0.342280 1.371497
vt  0.946507 0.025907 1.159396
vt  0.946507 0.342280 1.371497
vt  0.060599 0.025907 1.159397
vt  0.947077 0.342280 1.371497
vt  0.061169 0.025907 1.159396
vt  0.646001 0.433400 0.000500
vt  0.980683 0.433400 0.000500
vt  0.973977 0.597388 0.000500
vt  0.973977 0.430047 0.000500
vt  0.646001 0.594035 0.000499
vt  0.980683 0.594035 0.000500
vt  0.652707 0.430047 0.000500
vt  0.652707 0.597388 0.000500
vt  0.060599 0.342280 1.371497
vt  0.946507 0.342280 1.371497
vt  0.060599 0.025907 1.159396
vt  0.946507 0.025907 1.159396
vt  0.060599 0.342280 1.371497
vt  0.060599 0.025907 1.159396
vt  0.975416 0.342280 1.371497
vt  0.060599 0.342280 1.371497
vt  0.060599 0.025907 1.159397
vt  0.975416 0.025907 1.159396
vt  0.060599 0.357121 1.339583
vt  0.946507 0.010893 1.125428
vt  0.946507 0.357121 1.339583
vt  0.060599 0.010893 1.125429
vt  0.947077 0.357121 1.339583
vt  0.061169 0.010893 1.125427
vt  0.946507 0.357121 1.339583
vt  0.946507 0.010893 1.125428
vt  0.060599 0.357121 1.339583
vt  0.946507 0.357121 1.339583
vt  0.060599 0.010893 1.125427
vt  0.946507 0.010893 1.125428
vt  0.060599 0.357121 1.339583
vt  0.060599 0.010893 1.125428
vt  0.975416 0.357121 1.339583
vt  0.030851 0.010893 1.125427
vt  0.061169 0.342280 1.371497
vt  0.061169 0.357121 1.339583
vt  0.947077 0.010893 1.125427
vt  0.947077 0.025907 1.159395
vt  0.061169 0.025907 1.159396
vt  0.975416 0.025907 1.159396
vt  0.975416 0.010893 1.125427
vt  0.030851 0.025907 1.159395
vt  0.030851 0.025907 1.159395
vt  0.030851 0.342280 1.371497
vt  0.947077 0.342280 1.371497
vt  0.030851 0.342280 1.371497
vt  0.030851 0.357121 1.339583
vt  0.030851 0.025907 1.159396
vt  0.946507 0.025907 1.159396
vt  0.030851 0.025907 1.159396
vt  0.030851 0.342280 1.371497
vt  0.946507 0.342280 1.371497
vt  0.030851 0.342280 1.371497
vt  0.030851 0.010893 1.125428
vt  0.030851 0.357121 1.339583
vt  0.030851 0.342280 1.371497
vt  0.946507 0.342280 1.371497
vt  0.030851 0.342280 1.371497
vt  0.030851 0.025907 1.159397
vt  0.946507 0.025907 1.159397
vt  0.030851 0.025907 1.159397
vt  0.030851 0.357121 1.339583
vt  0.030851 0.010893 1.125428
# 881 texture vertices

vn  0.516132 -4.109127 3.413748
vn  0.747925 -1.598151 -0.247850
vn  0.485438 -1.766346 0.085331
vn  0.000000 0.999048 0.043629
vn  0.004837 -2.156041 -0.869191
vn  1.128670 -0.840170 -1.361301
vn  0.421500 -0.911760 1.214022
vn  0.001284 1.776880 0.434365
vn  -0.049548 2.274342 1.179458
vn  0.000000 -0.709982 1.439866
vn  0.000000 -0.998400 -0.056545
vn  -0.000000 -0.997482 0.070917
vn  0.172566 -0.000549 0.984998
vn  1.624119 0.007643 2.737449
vn  -0.000000 0.008931 0.999960
vn  0.000000 0.320882 -1.003704
vn  1.157289 0.752802 0.662096
vn  1.843056 0.983570 -0.268243
vn  0.869512 -0.010028 0.493809
vn  -0.000000 0.471455 0.881890
vn  0.899514 3.254617 2.098397
vn  0.697926 0.480722 0.530854
vn  1.785764 1.467073 -0.223946
vn  0.028618 0.831989 -0.554053
vn  1.698379 1.362439 -0.675107
vn  -0.082592 0.948168 -0.306849
vn  0.000000 0.985771 -0.168092
vn  0.000000 -0.490077 -0.871679
vn  2.230386 0.976075 0.184978
vn  0.451359 0.266172 0.851720
vn  0.785489 0.595306 0.169170
vn  -1.683792 0.118079 1.863173
vn  2.026820 -0.176798 1.333033
vn  -0.496506 0.860997 -0.110295
vn  0.852600 0.654212 2.403656
vn  1.268735 4.013911 1.130249
vn  0.922170 2.917815 2.300602
vn  2.640271 0.777621 1.262965
vn  0.000000 -0.999989 -0.004606
vn  -0.516132 -4.109127 3.413748
vn  -0.747925 -1.598151 -0.247850
vn  -0.485438 -1.766346 0.085331
vn  -0.000190 -0.982807 -0.961639
vn  -1.464681 -1.106867 -1.306013
vn  -0.000000 0.993335 0.115262
vn  -0.421500 -0.911760 1.214022
vn  -0.018423 1.900143 0.764006
vn  0.000445 0.477420 -1.496553
vn  -0.172566 -0.000549 0.984998
vn  -2.705686 0.064611 2.575080
vn  0.000000 0.241777 0.970332
vn  -0.000121 0.130050 -0.407665
vn  -1.157289 0.752802 0.662096
vn  -1.865295 0.989732 -0.251252
vn  -0.000000 0.793793 -0.608188
vn  -0.869512 -0.010028 0.493809
vn  -0.430352 3.268408 1.864211
vn  -0.697926 0.480722 0.530854
vn  0.000000 0.910646 0.413188
vn  -1.785764 1.467073 -0.223945
vn  -0.028618 0.831989 -0.554053
vn  -1.698379 1.362439 -0.675107
vn  0.082592 0.948168 -0.306849
vn  -2.064501 0.357749 -0.107258
vn  -0.451359 0.266172 0.851720
vn  -0.785489 0.595306 0.169170
vn  1.683792 0.118079 1.863173
vn  -2.026820 -0.176798 1.333033
vn  0.496506 0.860997 -0.110295
vn  -1.619618 0.556572 2.300780
vn  -1.268735 4.013911 1.130249
vn  -0.385038 2.523437 2.050039
vn  -2.640271 0.777621 1.262965
vn  1.518336 -1.203300 1.009690
vn  -1.811669 -1.203300 1.009687
vn  1.329923 1.203299 -1.009690
vn  -1.329923 1.203299 -1.009690
vn  -1.515211 -0.506797 1.344361
vn  -1.546976 0.802456 -1.398778
vn  -0.866202 -0.605103 1.467635
vn  1.779571 -0.582762 1.551304
vn  -1.429181 0.352336 -0.653181
vn  0.771898 0.765410 -1.418963
vn  -0.257192 -1.203300 1.009688
vn  -1.811670 0.214463 -0.179956
vn  0.293332 1.203298 -1.009690
vn  1.329925 -1.203299 1.009689
vn  0.819614 -0.600418 1.338521
vn  1.545562 0.785128 -1.455516
vn  -0.972438 0.117646 1.419017
vn  0.571039 0.064397 1.426232
vn  -1.232101 0.490918 -0.828274
vn  1.232099 0.680627 -1.337789
vn  -0.000001 1.883113 0.675771
vn  1.940288 1.715776 0.000442
vn  1.724244 2.230104 -0.000961
vn  0.169520 2.281093 -1.394876
vn  -0.000001 2.229786 1.425880
vn  -0.000000 1.000000 0.000000
vn  -0.000000 2.057556 1.053219
vn  -1.940289 1.465427 0.000442
vn  -1.724245 2.230104 -0.000961
vn  1.095646 1.073932 -1.095220
vn  1.084665 0.933639 1.123240
vn  0.933934 0.357446 0.000123
vn  -0.000000 0.419526 0.907743
vn  -0.000000 0.522771 -0.852473
vn  -1.095647 1.073931 -1.095220
vn  -1.084666 0.933638 1.123239
vn  -0.933934 0.357446 0.000123
vn  0.001342 -1.452808 0.978073
vn  1.187235 0.392885 0.548698
vn  0.000000 1.016207 -2.441041
vn  0.000001 1.006849 -2.731270
vn  1.225065 -1.416228 -0.149001
vn  2.309733 0.155719 1.765263
vn  0.570197 0.658045 -0.491784
vn  0.592815 0.499746 0.631525
vn  2.041157 -1.478946 -2.219667
vn  3.185744 1.599000 0.606545
vn  2.118329 -1.751267 -1.293375
vn  -0.056721 -1.697658 -0.798343
vn  0.000000 -0.241273 3.243651
vn  0.000000 -1.007169 1.293813
vn  0.000000 -2.487750 0.504129
vn  0.000002 1.006781 -2.731266
vn  -0.000001 1.030708 -1.995108
vn  0.000000 -0.986014 0.166664
vn  0.000000 0.612234 0.790677
vn  -0.000000 0.798658 -0.601785
vn  -0.000000 0.626890 0.779108
vn  0.000000 -0.550199 -0.835034
vn  -0.000000 -0.949571 -0.313551
vn  -0.000000 0.952861 0.303406
vn  0.303145 -2.761589 0.142374
vn  0.000000 -0.998463 0.055418
vn  -0.000000 0.827553 0.561388
vn  0.184094 -2.135710 0.687183
vn  -1.180545 0.226142 -0.001403
vn  -0.000002 1.048577 -1.443284
vn  -0.000001 1.006849 -2.731270
vn  -0.574294 -1.406949 -0.239864
vn  -2.309733 0.155719 1.765263
vn  -0.570197 0.658045 -0.491784
vn  -0.592815 0.499746 0.631525
vn  -2.041157 -1.478946 -2.219667
vn  -3.185744 1.599000 0.606545
vn  -2.118329 -1.751267 -1.293375
vn  -1.215446 -1.539227 -0.937857
vn  0.000000 -0.241273 3.243651
vn  -1.851285 -2.755864 0.173787
vn  -0.000000 0.996195 0.087155
vn  -0.000000 0.890482 -0.455019
vn  -0.265449 0.884282 -0.384163
vn  -0.459772 0.867346 -0.190580
vn  -0.530898 0.844211 0.073859
vn  -0.459774 0.821074 0.338297
vn  -0.265450 0.804139 0.531881
vn  -0.000001 0.797938 0.602740
vn  0.265451 0.804139 0.531880
vn  0.459773 0.821075 0.338298
vn  0.530898 0.844211 0.073857
vn  0.459772 0.867346 -0.190579
vn  0.265448 0.884283 -0.384162
vn  -0.000001 0.556853 -0.830611
vn  -0.437993 0.546624 -0.713698
vn  -0.758624 0.518680 -0.394286
vn  -0.875983 0.480506 0.042038
vn  -0.758622 0.442333 0.478365
vn  -0.437993 0.414387 0.797776
vn  -0.000001 0.404157 0.914690
vn  0.437993 0.414388 0.797775
vn  0.758624 0.442332 0.478364
vn  0.875984 0.480505 0.042041
vn  0.758622 0.518682 -0.394286
vn  0.437993 0.546624 -0.713698
vn  0.000000 0.342017 -0.939694
vn  -0.482961 0.330739 -0.810777
vn  -0.836517 0.299929 -0.458565
vn  -0.965926 0.257833 0.022555
vn  -0.836514 0.215745 0.503685
vn  -0.482960 0.184930 0.855892
vn  -0.000001 0.173647 0.984808
vn  0.482961 0.184927 0.855892
vn  0.836516 0.215745 0.503681
vn  0.965926 0.257833 0.022559
vn  0.836514 0.299931 -0.458569
vn  0.482961 0.330741 -0.810777
vn  0.000000 0.996195 0.087155
vn  0.000000 0.890482 -0.455019
vn  0.265449 0.884282 -0.384163
vn  0.459772 0.867346 -0.190580
vn  0.530899 0.844211 0.073859
vn  0.459774 0.821074 0.338297
vn  0.265450 0.804139 0.531881
vn  0.000001 0.797938 0.602740
vn  -0.265451 0.804139 0.531880
vn  -0.459773 0.821075 0.338298
vn  -0.530898 0.844211 0.073857
vn  -0.459772 0.867346 -0.190579
vn  -0.265448 0.884283 -0.384162
vn  0.000001 0.556853 -0.830611
vn  0.437993 0.546624 -0.713698
vn  0.758624 0.518680 -0.394286
vn  0.875983 0.480506 0.042038
vn  0.758622 0.442333 0.478365
vn  0.437993 0.414387 0.797776
vn  0.000001 0.404157 0.914690
vn  -0.437993 0.414388 0.797775
vn  -0.758624 0.442332 0.478364
vn  -0.875984 0.480505 0.042041
vn  -0.758622 0.518682 -0.394286
vn  -0.437993 0.546623 -0.713698
vn  -0.000000 0.342017 -0.939694
vn  0.482961 0.330739 -0.810777
vn  0.836517 0.299929 -0.458565
vn  0.965926 0.257833 0.022555
vn  0.836514 0.215745 0.503685
vn  0.482960 0.184930 0.855892
vn  0.000001 0.173647 0.984808
vn  -0.482961 0.184927 0.855891
vn  -0.836516 0.215745 0.503681
vn  -0.965926 0.257833 0.022560
vn  -0.836514 0.299931 -0.458569
vn  -0.482961 0.330741 -0.810777
vn  1.443983 0.447898 1.082198
vn  0.032037 0.381754 0.153402
vn  -0.730978 0.397106 1.662751
vn  0.774909 1.259885 -1.075450
vn  -1.261670 1.212327 -0.531828
vn  1.125847 0.418406 1.419234
vn  0.000000 0.381385 0.157607
vn  -1.125846 0.418406 1.419233
vn  1.054206 1.238901 -0.835555
vn  -1.054206 1.238902 -0.835555
vn  1.125849 0.418400 1.419235
vn  0.000000 0.381383 0.157607
vn  -1.125849 0.418401 1.419235
vn  1.054208 1.238900 -0.835555
vn  -1.054208 1.238901 -0.835555
vn  1.125842 0.418411 1.419233
vn  0.000000 0.381388 0.157606
vn  -1.125841 0.418412 1.419233
vn  1.054206 1.238901 -0.835554
vn  -1.054206 1.238902 -0.835554
vn  1.125842 0.418409 1.419234
vn  0.000000 0.381387 0.157606
vn  -1.125842 0.418409 1.419234
vn  1.054207 1.238902 -0.835553
vn  -1.054207 1.238902 -0.835553
vn  -1.443983 0.447898 1.082198
vn  -0.032037 0.381755 0.153402
vn  0.730978 0.397106 1.662751
vn  -0.774909 1.259885 -1.075450
vn  1.261670 1.212327 -0.531828
vn  -1.125847 0.418406 1.419234
vn  0.000000 0.381385 0.157607
vn  1.125846 0.418406 1.419233
vn  -1.054206 1.238901 -0.835555
vn  1.054206 1.238902 -0.835555
vn  -1.125849 0.418400 1.419235
vn  0.000000 0.381383 0.157607
vn  1.125849 0.418401 1.419235
vn  -1.054208 1.238900 -0.835555
vn  1.054208 1.238901 -0.835555
vn  -1.125842 0.418411 1.419233
vn  0.000000 0.381388 0.157606
vn  1.125841 0.418412 1.419233
vn  -1.054206 1.238901 -0.835554
vn  1.054206 1.238902 -0.835554
vn  -1.125842 0.418409 1.419234
vn  0.000000 0.381387 0.157606
vn  1.125842 0.418409 1.419234
vn  -1.054207 1.238902 -0.835553
vn  1.054207 1.238902 -0.835553
vn  -1.125847 -0.878581 1.190543
vn  0.000001 -0.412289 0.017662
vn  1.125850 -0.878577 1.190536
vn  -1.054203 -0.878411 -1.208894
vn  1.054205 -0.878411 -1.208895
vn  -1.125847 -0.540507 1.377367
vn  0.000000 -0.393671 0.123769
vn  1.125847 -0.540506 1.377367
vn  -1.054204 -1.161366 -0.940349
vn  1.054205 -1.161366 -0.940350
vn  -1.125841 -0.878583 1.190539
vn  0.000000 -0.412291 0.017659
vn  1.125841 -0.878583 1.190538
vn  -1.054208 -0.878411 -1.208893
vn  1.054208 -0.878411 -1.208893
vn  -1.125847 -0.878578 1.190541
vn  0.000000 -0.412290 0.017662
vn  1.125847 -0.878578 1.190541
vn  -1.054204 -0.878413 -1.208892
vn  1.054204 -0.878413 -1.208892
vn  -1.125848 -0.878582 1.190538
vn  0.000000 -0.412291 0.017663
vn  1.125848 -0.878582 1.190536
vn  -1.054200 -0.878411 -1.208894
vn  1.054201 -0.878412 -1.208895
vn  -1.125841 -0.878586 1.190537
vn  0.000000 -0.412291 0.017657
vn  1.125841 -0.878586 1.190537
vn  -1.054209 -0.878407 -1.208895
vn  1.054209 -0.878407 -1.208895
vn  1.125847 -0.878581 1.190543
vn  -0.000001 -0.412289 0.017662
vn  -1.125850 -0.878577 1.190536
vn  1.054203 -0.878411 -1.208894
vn  -1.054205 -0.878411 -1.208895
vn  1.125847 -0.540507 1.377367
vn  0.000000 -0.393671 0.123769
vn  -1.125847 -0.540506 1.377367
vn  1.054204 -1.161366 -0.940349
vn  -1.054205 -1.161366 -0.940350
vn  1.125841 -0.878583 1.190539
vn  0.000000 -0.412291 0.017659
vn  -1.125841 -0.878583 1.190538
vn  1.054208 -0.878411 -1.208893
vn  -1.054208 -0.878411 -1.208893
vn  1.125847 -0.878578 1.190541
vn  0.000000 -0.412290 0.017662
vn  -1.125847 -0.878578 1.190541
vn  1.054204 -0.878413 -1.208892
vn  -1.054204 -0.878413 -1.208892
vn  1.125848 -0.878582 1.190538
vn  0.000000 -0.412291 0.017663
vn  -1.125848 -0.878582 1.190536
vn  1.054200 -0.878411 -1.208894
vn  -1.054201 -0.878412 -1.208895
vn  1.125841 -0.878586 1.190537
vn  0.000000 -0.412291 0.017657
vn  -1.125841 -0.878586 1.190537
vn  1.054209 -0.878407 -1.208895
vn  -1.054209 -0.878407 -1.208895
vn  0.000007 -0.061156 -0.998128
vn  0.000000 -0.879155 -0.476536
vn  0.000005 -0.439959 -0.898018
vn  0.000007 -0.061156 -0.998128
vn  0.000000 -0.879155 -0.476536
vn  -0.000007 -0.061156 -0.998128
vn  0.000000 -0.879155 -0.476536
vn  -0.000005 -0.439959 -0.898018
vn  -0.000007 -0.061156 -0.998128
vn  0.000000 -0.879155 -0.476536
vn  0.991697 0.126350 -0.023921
vn  -0.000001 0.522012 -0.852938
vn  -0.000007 0.907065 -0.420991
vn  0.975614 0.189839 0.110178
vn  -0.000001 0.389091 0.921199
vn  0.951299 0.296433 0.084604
vn  -0.000001 -0.033132 -0.999451
vn  0.734017 0.623357 -0.269526
vn  -0.000004 0.311879 -0.950122
vn  -0.000001 -0.220729 0.975335
vn  -0.991697 0.126349 -0.023921
vn  -0.000001 0.007873 0.999969
vn  -0.975614 0.189838 0.110178
vn  -0.000001 0.381246 -0.924473
vn  -0.951299 0.296432 0.084604
vn  -0.000000 0.910993 0.412422
vn  -0.734021 0.623356 -0.269518
vn  -0.000000 -0.087156 0.996195
vn  -0.000000 0.455023 0.890480
vn  -0.265452 0.384166 0.884281
vn  -0.459775 0.190581 0.867344
vn  -0.530902 -0.073859 0.844209
vn  -0.459776 -0.338298 0.821073
vn  -0.265452 -0.531883 0.804136
vn  -0.000001 -0.602741 0.797937
vn  0.265452 -0.531883 0.804137
vn  0.459775 -0.338299 0.821073
vn  0.530901 -0.073858 0.844209
vn  0.459774 0.190580 0.867345
vn  0.265451 0.384165 0.884281
vn  -0.000002 0.830611 0.556853
vn  -0.437993 0.713699 0.546622
vn  -0.758624 0.394287 0.518678
vn  -0.875984 -0.042037 0.480504
vn  -0.758623 -0.478366 0.442332
vn  -0.437993 -0.797777 0.414385
vn  0.000000 -0.914690 0.404157
vn  0.437992 -0.797777 0.414385
vn  0.758624 -0.478363 0.442332
vn  0.875985 -0.042040 0.480503
vn  0.758623 0.394287 0.518680
vn  0.437992 0.713699 0.546623
vn  0.000000 0.996195 0.087155
vn  -0.500000 0.862730 0.075479
vn  -0.866026 0.498097 0.043578
vn  -1.000000 0.000000 -0.000000
vn  -0.866025 -0.498097 -0.043579
vn  -0.499999 -0.862730 -0.075480
vn  -0.000000 -0.996195 -0.087157
vn  0.500000 -0.862730 -0.075480
vn  0.866026 -0.498096 -0.043578
vn  1.000000 -0.000000 -0.000000
vn  0.866026 0.498097 0.043577
vn  0.499999 0.862731 0.075479
vn  0.000001 0.914688 -0.404160
vn  -0.437992 0.797776 -0.414387
vn  -0.758623 0.478364 -0.442333
vn  -0.875984 0.042038 -0.480505
vn  -0.758623 -0.394286 -0.518680
vn  -0.437991 -0.713699 -0.546624
vn  -0.000000 -0.830611 -0.556853
vn  0.437992 -0.713699 -0.546624
vn  0.758622 -0.394288 -0.518680
vn  0.875984 0.042039 -0.480505
vn  0.758624 0.478363 -0.442334
vn  0.437990 0.797777 -0.414387
vn  -0.000000 0.602739 -0.797938
vn  -0.265449 0.531883 -0.804138
vn  -0.459774 0.338297 -0.821074
vn  -0.530900 0.073860 -0.844210
vn  -0.459774 -0.190582 -0.867344
vn  -0.265451 -0.384165 -0.884281
vn  0.000000 -0.455023 -0.890480
vn  0.265450 -0.384165 -0.884281
vn  0.459775 -0.190581 -0.867344
vn  0.530900 0.073858 -0.844210
vn  0.459774 0.338298 -0.821074
vn  0.265450 0.531883 -0.804138
vn  -0.000000 0.087155 -0.996195
vn  1.744927 0.837838 2.037042
vn  0.093656 1.479711 -0.347295
vn  -1.156191 1.132071 1.096060
vn  -1.173306 1.091358 1.074419
vn  0.705386 -1.484866 -0.373140
vn  -1.409819 -1.515203 -0.979270
vn  -1.086030 -1.398294 -0.898966
vn  0.040089 -1.145154 -0.826303
vn  -1.744927 0.837838 2.037042
vn  -0.093656 1.479711 -0.347295
vn  1.156191 1.132071 1.096060
vn  1.447718 1.022455 1.022350
vn  -0.740387 -1.521851 -0.446104
vn  1.409819 -1.515203 -0.979270
vn  0.432244 -1.494185 -0.765824
vn  -0.150595 -0.735001 -1.744996
vn  0.000000 -0.087156 0.996195
vn  0.000000 0.455023 0.890480
vn  0.265452 0.384166 0.884281
vn  0.459775 0.190581 0.867344
vn  0.530902 -0.073859 0.844209
vn  0.459776 -0.338298 0.821073
vn  0.265452 -0.531883 0.804136
vn  0.000001 -0.602741 0.797937
vn  -0.265452 -0.531883 0.804137
vn  -0.459775 -0.338299 0.821073
vn  -0.530901 -0.073858 0.844209
vn  -0.459775 0.190580 0.867344
vn  -0.265451 0.384165 0.884281
vn  0.000002 0.830611 0.556853
vn  0.437993 0.713699 0.546622
vn  0.758624 0.394287 0.518678
vn  0.875984 -0.042037 0.480504
vn  0.758623 -0.478366 0.442332
vn  0.437993 -0.797777 0.414385
vn  -0.000000 -0.914690 0.404157
vn  -0.437992 -0.797777 0.414385
vn  -0.758625 -0.478363 0.442331
vn  -0.875985 -0.042040 0.480503
vn  -0.758623 0.394287 0.518680
vn  -0.437993 0.713699 0.546623
vn  -0.000000 0.996195 0.087155
vn  0.500000 0.862730 0.075479
vn  0.866026 0.498097 0.043578
vn  1.000000 0.000000 -0.000000
vn  0.866025 -0.498097 -0.043579
vn  0.499999 -0.862730 -0.075480
vn  -0.000000 -0.996195 -0.087157
vn  -0.500000 -0.862730 -0.075480
vn  -0.866026 -0.498097 -0.043578
vn  -1.000000 -0.000000 -0.000000
vn  -0.866025 0.498097 0.043577
vn  -0.499999 0.862731 0.075479
vn  -0.000001 0.914688 -0.404160
vn  0.437992 0.797776 -0.414387
vn  0.758623 0.478365 -0.442333
vn  0.875984 0.042038 -0.480505
vn  0.758623 -0.394286 -0.518680
vn  0.437991 -0.713699 -0.546624
vn  0.000001 -0.830611 -0.556853
vn  -0.437992 -0.713699 -0.546624
vn  -0.758623 -0.394287 -0.518680
vn  -0.875984 0.042039 -0.480505
vn  -0.758624 0.478362 -0.442334
vn  -0.437990 0.797777 -0.414386
vn  0.000000 0.602739 -0.797938
vn  0.265449 0.531883 -0.804138
vn  0.459774 0.338297 -0.821074
vn  0.530900 0.073860 -0.844210
vn  0.459774 -0.190582 -0.867344
vn  0.265451 -0.384165 -0.884281
vn  -0.000000 -0.455023 -0.890480
vn  -0.265450 -0.384165 -0.884281
vn  -0.459775 -0.190581 -0.867344
vn  -0.530900 0.073858 -0.844210
vn  -0.459774 0.338298 -0.821074
vn  -0.265450 0.531883 -0.804138
vn  0.000000 0.087155 -0.996195
vn  0.618297 0.540563 0.570527
vn  0.718367 0.203555 -3.104109
vn  0.611590 -0.189578 -0.768127
vn  0.499009 -0.284296 -0.818637
vn  0.575739 0.663588 0.477677
vn  0.536667 0.485468 -0.690151
vn  0.620351 0.293148 0.727481
vn  0.965951 0.065068 -0.250409
vn  0.495864 -0.562402 -0.661682
vn  0.546916 0.823921 0.148448
vn  0.947122 0.040016 -0.318367
vn  0.664435 0.002425 0.747342
vn  0.551653 -0.593824 -0.585707
vn  1.257322 -0.191702 -0.117888
vn  -0.000000 -0.709934 -0.704269
vn  -0.000000 -0.319759 -0.947499
vn  -0.000001 -0.067020 -3.100897
vn  -0.000000 0.615509 0.788130
vn  0.000000 -0.378288 -0.925688
vn  0.000000 0.755255 0.655431
vn  -0.000000 -0.573264 -0.819371
vn  0.000000 0.671370 -0.741122
vn  -0.000000 0.358770 0.933426
vn  0.000000 -0.740853 -0.671667
vn  0.000000 0.968611 0.248583
vn  -0.000000 0.038430 0.999261
vn  0.986572 0.105649 -0.124555
vn  -0.618297 0.540563 0.570527
vn  -0.718368 0.395173 -2.058795
vn  -0.611590 -0.189578 -0.768127
vn  -0.499009 -0.284296 -0.818637
vn  -0.575739 0.663588 0.477677
vn  -0.536667 0.485468 -0.690151
vn  -0.620351 0.293148 0.727481
vn  -0.965951 0.065068 -0.250409
vn  -0.495864 -0.562402 -0.661682
vn  -0.546916 0.823921 0.148448
vn  -0.947122 0.040016 -0.318367
vn  -0.664435 0.002425 0.747342
vn  -0.551653 -0.593824 -0.585707
vn  -1.006399 0.199936 -0.061404
vn  -0.986572 0.105649 -0.124555
vn  1.497980 1.432214 0.417376
vn  -0.650883 1.422181 0.500672
vn  0.000000 2.719822 -0.427691
vn  -2.019733 1.708704 0.473982
vn  0.527797 -1.115820 -1.039756
vn  -1.296702 -1.102768 -1.067051
vn  0.000000 -0.998590 -1.277669
vn  -0.453158 -1.191865 -1.105314
vn  1.481887 1.385041 0.616003
vn  -0.733228 1.351560 0.654897
vn  0.000000 2.092830 -0.671324
vn  -1.505680 1.490806 0.669785
vn  0.919457 -1.303260 -0.720906
vn  -1.671070 -1.267302 -0.777051
vn  0.000000 -1.365312 -0.976662
vn  -0.895672 -1.448250 -0.791903
vn  1.416255 1.469456 0.256107
vn  -0.651842 1.416483 0.329403
vn  0.000000 1.889872 -1.084810
vn  -1.458673 1.645200 0.301425
vn  0.886402 -1.180480 -0.844852
vn  -1.430434 -1.140665 -0.932852
vn  0.000000 -1.435664 -0.987184
vn  -1.011613 -1.432072 -1.007539
vn  1.673765 1.325535 0.873665
vn  -1.032642 1.299700 0.862848
vn  0.000000 1.825257 -0.603314
vn  -1.312746 1.314567 0.869979
vn  0.748137 -1.437301 -0.522262
vn  -1.711464 -1.400808 -0.558429
vn  0.000000 -1.442682 -0.722591
vn  -0.796084 -1.502638 -0.549622
vn  -0.000000 -1.000000 -0.000000
vn  -0.000000 -1.000000 -0.000000
vn  0.000000 -1.000000 0.000000
vn  0.000000 -1.000000 0.000000
vn  0.000000 -1.000000 -0.000000
vn  -0.000000 -1.000000 -0.000000
vn  0.000000 -1.000000 -0.000000
vn  -0.000000 -1.000000 -0.000000
vn  0.000000 0.137356 -0.990522
vn  0.000000 0.137356 -0.990522
vn  -0.990522 0.137355 0.000000
vn  0.990522 0.137355 0.000000
vn  -0.990522 0.137355 0.000000
vn  0.990522 0.137355 0.000000
vn  0.990522 0.137355 0.000000
vn  0.000000 0.137356 -0.990522
vn  0.000000 0.137355 0.990522
vn  0.000000 0.137355 0.990522
vn  0.000000 0.137356 -0.990522
vn  -0.990522 0.137355 0.000000
vn  -0.990522 0.137355 0.000000
vn  0.990522 0.137355 0.000000
vn  0.000000 0.137355 0.990522
vn  0.000000 0.137355 0.990522
vn  0.000000 1.000000 0.000000
vn  -0.000000 1.000000 0.000000
vn  -0.000000 1.000000 -0.000000
vn  -0.000000 1.000000 0.000000
vn  0.000004 1.000000 0.000000
vn  -0.000000 1.000000 0.000000
vn  0.000000 1.000000 0.000000
vn  0.000001 1.000000 0.000000
vn  0.694642 0.186932 -0.694643
vn  0.000000 0.767169 -0.641445
vn  -0.641441 -0.767172 -0.000000
vn  0.694643 0.186932 0.694642
vn  -0.694644 0.186932 0.694641
vn  0.641439 0.767174 0.000000
vn  0.641447 -0.767168 -0.000000
vn  -0.694641 0.186932 -0.694643
vn  0.000000 -0.767167 0.641447
vn  0.000000 0.767174 0.641439
vn  0.000000 -0.767168 -0.641446
vn  -0.641441 0.767172 0.000000
vn  -0.694643 0.186932 -0.694642
vn  0.694641 0.186932 -0.694644
vn  -0.694644 0.186932 0.694641
vn  0.694643 0.186932 0.694642
vn  -0.462311 -0.756663 -0.462310
vn  -0.445040 0.777095 -0.445042
vn  -0.641447 -0.767168 -0.000000
vn  0.641441 0.767172 0.000000
vn  0.000000 -0.767167 0.641447
vn  0.000000 0.767174 0.641439
vn  0.000000 -0.767168 -0.641446
vn  0.445044 0.777092 -0.445042
vn  -0.462309 -0.756665 0.462309
vn  0.641441 -0.767172 -0.000000
vn  -0.641441 0.767172 0.000000
vn  0.445040 0.777096 0.445041
vn  0.462310 -0.756663 -0.462311
vn  -0.000000 0.767172 -0.641441
vn  0.462310 -0.756662 0.462312
vn  -0.445041 0.777095 0.445040
vn  0.462310 -0.756662 -0.462311
vn  0.694641 0.186932 -0.694644
vn  -0.694644 0.186932 0.694641
vn  0.462307 -0.756664 0.462312
vn  -0.445042 0.777095 0.445040
vn  0.694643 0.186932 0.694642
vn  0.694641 0.186932 -0.694644
vn  -0.445040 0.777095 -0.445042
vn  0.694643 0.186932 0.694642
vn  -0.694644 0.186932 0.694641
vn  -0.694643 0.186932 -0.694642
vn  -0.694643 0.186932 -0.694642
vn  -0.462310 -0.756663 -0.462310
vn  0.445040 0.777095 -0.445042
vn  -0.462309 -0.756662 0.462312
vn  0.445040 0.777097 0.445039
vn  0.445044 0.777092 -0.445042
vn  -0.462309 -0.756665 0.462309
vn  0.445040 0.777096 0.445041
vn  0.462310 -0.756663 -0.462311
vn  0.462310 -0.756662 0.462312
vn  -0.445041 0.777095 0.445040
vn  -0.462311 -0.756663 -0.462310
vn  -0.445040 0.777095 -0.445042
vn  0.000000 -0.767168 -0.641446
vn  -0.641441 0.767172 0.000000
vn  -0.462311 -0.756663 -0.462310
vn  0.445044 0.777092 -0.445042
vn  -0.462309 -0.756665 0.462309
vn  0.445040 0.777096 0.445041
vn  0.462310 -0.756663 -0.462311
vn  -0.000000 0.767172 -0.641441
vn  -0.641441 -0.767172 -0.000000
vn  0.462310 -0.756662 0.462312
vn  -0.445041 0.777095 0.445040
vn  0.641441 0.767172 0.000000
vn  0.641447 -0.767168 -0.000000
vn  -0.445040 0.777095 -0.445042
vn  0.000000 -0.767167 0.641447
vn  0.000000 0.767174 0.641439
vn  0.000000 -0.767168 -0.641446
vn  0.641447 -0.767168 -0.000000
vn  -0.641441 0.767172 0.000000
vn  -0.000000 0.767172 -0.641441
vn  -0.641441 -0.767172 -0.000000
vn  0.641441 0.767172 0.000000
vn  0.000000 -0.767167 0.641447
vn  0.000000 0.767174 0.641439
# 688 vertex normals

g top
s 1
f 13/20/13 15/22/15 10/4/10
f 10/4/10 1/1/1 13/20/13
f 5/68/5 28/11/28 6/69/6
f 7/12/7 11/13/11 3/14/3
f 20/32/20 4/8/4 17/26/17
f 17/26/17 37/31/37 20/32/20
f 1/1/1 7/6/7 14/21/14
f 14/21/14 13/20/13 1/1/1
f 7/12/7 1/15/1 10/16/10
f 10/16/10 11/13/11 7/12/7
f 5/67/5 2/10/2 39/59/39
f 39/59/39 12/17/12 5/67/5
f 26/40/26 27/41/27 9/18/9
f 9/18/9 8/2/8 26/40/26
s 0
f 16/25/16 6/69/6 28/11/28
f 28/11/28 48/19/48 16/25/16
s 1
f 48/19/48 55/28/55 24/66/24
f 6/69/6 2/5/2 5/68/5
f 8/2/8 9/3/9 15/22/15
f 15/22/15 13/20/13 8/2/8
f 21/33/21 59/35/59 51/24/51
f 51/24/51 35/23/35 21/33/21
f 18/62/18 23/36/23 19/29/19
f 19/29/19 16/25/16 18/62/18
f 36/30/36 24/64/24 55/63/55
f 55/63/55 45/9/45 36/30/36
f 6/69/6 16/25/16 19/29/19
f 19/29/19 22/34/22 2/5/2
f 37/60/37 35/23/35 51/24/51
f 51/24/51 20/61/20 37/60/37
f 22/34/22 17/26/17 3/7/3
f 22/34/22 3/7/3 2/5/2
f 21/33/21 36/30/36 45/9/45
f 45/9/45 59/35/59 21/33/21
f 36/30/36 23/37/23 18/27/18
f 18/27/18 24/65/24 36/30/36
f 24/66/24 18/62/18 16/25/16
f 14/21/14 38/38/38 8/2/8
f 8/2/8 13/20/13 14/21/14
f 7/6/7 3/7/3 17/26/17
f 17/26/17 25/39/25 7/6/7
f 27/41/27 26/40/26 17/26/17
f 17/26/17 4/8/4 27/41/27
f 26/40/26 25/39/25 17/26/17
f 25/39/25 38/38/38 14/21/14
f 14/21/14 7/6/7 25/39/25
f 24/66/24 16/25/16 48/19/48
s 0
f 5/68/5 12/71/12 28/11/28
s 1
f 25/53/25 29/42/29 33/46/33
f 33/46/33 38/52/38 25/53/25
f 38/52/38 33/46/33 32/45/32
f 32/45/32 8/48/8 38/52/38
f 30/43/30 19/29/19 23/36/23
f 30/43/30 31/44/31 22/34/22
f 22/34/22 19/29/19 30/43/30
f 30/43/30 36/50/36 21/51/21
f 21/51/21 31/44/31 30/43/30
f 37/31/37 17/26/17 22/34/22
f 22/34/22 31/44/31 37/31/37
f 35/49/35 37/31/37 31/44/31
f 31/44/31 21/51/21 35/49/35
f 23/36/23 36/50/36 30/43/30
f 8/57/8 32/55/32 34/56/34
f 34/56/34 26/58/26 8/57/8
f 29/42/29 34/47/34 32/45/32
f 32/45/32 33/46/33 29/42/29
f 25/53/25 26/54/26 34/47/34
f 34/47/34 29/42/29 25/53/25
f 3/14/3 11/13/11 39/59/39
f 39/59/39 2/70/2 3/14/3
f 49/91/49 40/72/40 10/75/10
f 10/75/10 15/93/15 49/91/49
f 43/139/43 44/140/44 28/82/28
f 46/83/46 42/85/42 11/84/11
f 20/103/20 72/102/72 53/97/53
f 53/97/53 4/79/4 20/103/20
f 40/72/40 49/91/49 50/92/50
f 50/92/50 46/77/46 40/72/40
f 46/83/46 11/84/11 10/87/10
f 10/87/10 40/86/40 46/83/46
f 43/138/43 12/88/12 39/130/39
f 39/130/39 41/81/41 43/138/43
f 63/111/63 47/73/47 9/89/9
f 9/89/9 27/112/27 63/111/63
s 0
f 52/96/52 48/90/48 28/82/28
f 28/82/28 44/140/44 52/96/52
s 1
f 48/90/48 61/137/61 55/99/55
f 44/140/44 43/139/43 41/76/41
f 47/73/47 49/91/49 15/93/15
f 15/93/15 9/74/9 47/73/47
f 57/104/57 70/94/70 51/95/51
f 51/95/51 59/106/59 57/104/57
f 54/133/54 52/96/52 56/100/56
f 56/100/56 60/107/60 54/133/54
f 71/101/71 45/80/45 55/134/55
f 55/134/55 61/135/61 71/101/71
f 41/76/41 56/100/56 44/140/44
f 56/100/56 41/76/41 58/105/58
f 72/131/72 20/132/20 51/95/51
f 51/95/51 70/94/70 72/131/72
f 58/105/58 42/78/42 53/97/53
f 58/105/58 41/76/41 42/78/42
f 57/104/57 59/106/59 45/80/45
f 45/80/45 71/101/71 57/104/57
f 71/101/71 61/136/61 54/98/54
f 54/98/54 60/108/60 71/101/71
f 61/137/61 52/96/52 54/133/54
f 50/92/50 49/91/49 47/73/47
f 47/73/47 73/109/73 50/92/50
f 46/77/46 62/110/62 53/97/53
f 53/97/53 42/78/42 46/77/46
f 27/112/27 4/79/4 53/97/53
f 53/97/53 63/111/63 27/112/27
f 63/111/63 53/97/53 62/110/62
f 62/110/62 46/77/46 50/92/50
f 50/92/50 73/109/73 62/110/62
f 61/137/61 48/90/48 52/96/52
s 0
f 43/139/43 28/82/28 12/142/12
s 1
f 62/124/62 73/123/73 68/117/68
f 68/117/68 64/113/64 62/124/62
f 73/123/73 47/119/47 67/116/67
f 67/116/67 68/117/68 73/123/73
f 65/114/65 60/107/60 56/100/56
f 65/114/65 56/100/56 58/105/58
f 58/105/58 66/115/66 65/114/65
f 65/114/65 66/115/66 57/122/57
f 57/122/57 71/121/71 65/114/65
f 72/102/72 66/115/66 58/105/58
f 58/105/58 53/97/53 72/102/72
f 70/120/70 57/122/57 66/115/66
f 66/115/66 72/102/72 70/120/70
f 60/107/60 65/114/65 71/121/71
f 47/128/47 63/129/63 69/127/69
f 69/127/69 67/126/67 47/128/47
f 64/113/64 68/117/68 67/116/67
f 67/116/67 69/118/69 64/113/64
f 62/124/62 64/113/64 69/118/69
f 69/118/69 63/125/63 62/124/62
f 42/85/42 41/141/41 39/130/39
f 39/130/39 11/84/11 42/85/42
f 19/29/19 2/5/2 6/69/6
f 56/100/56 52/96/52 44/140/44
f 75/160/75 84/161/84 87/162/87
f 87/162/87 74/159/74 75/160/75
f 77/144/77 85/145/85 84/146/84
f 84/146/84 75/143/75 77/144/77
f 76/164/76 86/165/86 85/166/85
f 85/166/85 77/163/77 76/164/76
f 74/148/74 87/149/87 86/150/86
f 86/150/86 76/147/76 74/148/74
f 78/168/78 88/169/88 81/170/81
f 81/170/81 80/167/80 78/168/78
f 79/152/79 78/153/78 80/154/80
f 80/154/80 82/151/82 79/152/79
f 89/172/89 79/173/79 82/174/82
f 82/174/82 83/171/83 89/172/89
f 88/156/88 89/157/89 83/158/83
f 83/158/83 81/155/81 88/156/88
f 80/167/80 81/170/81 87/162/87
f 87/162/87 84/161/84 80/167/80
f 82/151/82 80/154/80 84/146/84
f 84/146/84 85/145/85 82/151/82
f 83/171/83 82/174/82 85/166/85
f 85/166/85 86/165/86 83/171/83
f 81/155/81 83/158/83 86/150/86
f 86/150/86 87/149/87 81/155/81
f 78/176/78 90/177/90 91/178/91
f 91/178/91 88/175/88 78/176/78
f 79/187/79 92/188/92 90/185/90
f 90/185/90 78/184/78 79/187/79
f 89/181/89 93/182/93 92/180/92
f 92/180/92 79/179/79 89/181/89
f 89/189/89 88/183/88 91/186/91
f 91/186/91 93/190/93 89/189/89
f 96/193/96 99/196/99 98/195/98
f 98/195/98 94/191/94 96/193/96
f 94/191/94 98/198/98 106/210/106
f 106/210/106 104/208/104 94/191/94
f 95/192/95 96/193/96 105/209/105
f 105/209/105 103/207/103 95/192/95
f 95/192/95 97/194/97 99/196/99
f 99/196/99 96/193/96 95/192/95
f 94/191/94 104/208/104 105/209/105
f 105/209/105 96/193/96 94/191/94
f 95/192/95 103/207/103 107/212/107
f 107/212/107 97/197/97 95/192/95
f 102/201/102 100/199/100 98/203/98
f 98/203/98 99/204/99 102/201/102
f 100/199/100 109/215/109 106/211/106
f 106/211/106 98/206/98 100/199/100
f 101/200/101 108/214/108 110/216/110
f 110/216/110 102/201/102 101/200/101
f 101/200/101 102/201/102 99/204/99
f 99/204/99 97/202/97 101/200/101
f 110/216/110 109/215/109 100/199/100
f 100/199/100 102/201/102 110/216/110
f 107/213/107 108/214/108 101/200/101
f 101/200/101 97/205/97 107/213/107
f 123/229/123 124/230/124 125/231/125
f 125/231/125 111/228/111 123/229/123
f 126/233/126 127/234/127 114/235/114
f 114/235/114 113/232/113 126/233/126
f 111/228/111 133/237/133 121/238/121
f 121/238/121 122/236/122 111/228/111
f 122/236/122 121/238/121 120/240/120
f 120/240/120 112/239/112 122/236/122
f 117/218/117 130/219/130 131/220/131
f 131/220/131 118/217/118 117/218/117
f 127/234/127 130/243/130 117/244/117
f 117/244/117 114/235/114 127/234/127
f 116/242/116 114/235/114 117/244/117
f 117/244/117 118/245/118 116/242/116
f 124/221/124 123/222/123 112/223/112
f 112/223/112 137/252/137 124/221/124
f 113/232/113 119/246/119 132/249/132
f 132/249/132 126/233/126 113/232/113
f 116/226/116 118/217/118 131/220/131
f 131/220/131 129/225/129 116/226/116
f 135/250/135 136/251/136 132/249/132
f 132/249/132 119/246/119 135/250/135
f 128/247/128 115/241/115 121/238/121
f 121/238/121 133/237/133 128/247/128
f 115/241/115 116/242/116 120/240/120
f 120/240/120 121/238/121 115/241/115
f 116/226/116 129/225/129 134/224/134
f 134/224/134 120/227/120 116/226/116
f 111/228/111 122/236/122 112/239/112
f 112/239/112 123/229/123 111/228/111
f 111/228/111 125/248/125 133/237/133
f 115/241/115 128/247/128 136/251/136
f 136/251/136 135/250/135 115/241/115
f 114/235/114 116/242/116 115/241/115
f 115/241/115 113/232/113 114/235/114
f 112/223/112 120/227/120 134/224/134
f 134/224/134 137/252/137 112/223/112
f 135/250/135 119/246/119 113/232/113
f 113/232/113 115/241/115 135/250/135
f 150/265/150 138/264/138 125/267/125
f 125/267/125 124/266/124 150/265/150
f 126/269/126 140/268/140 141/271/141
f 141/271/141 127/270/127 126/269/126
f 138/264/138 149/272/149 148/274/148
f 148/274/148 133/273/133 138/264/138
f 149/272/149 139/275/139 147/276/147
f 147/276/147 148/274/148 149/272/149
f 144/254/144 145/253/145 131/256/131
f 131/256/131 130/255/130 144/254/144
f 127/270/127 141/271/141 144/280/144
f 144/280/144 130/279/130 127/270/127
f 143/278/143 145/281/145 144/280/144
f 144/280/144 141/271/141 143/278/143
f 124/257/124 137/288/137 139/259/139
f 139/259/139 150/258/150 124/257/124
f 140/268/140 126/269/126 132/285/132
f 132/285/132 146/282/146 140/268/140
f 143/262/143 129/261/129 131/256/131
f 131/256/131 145/253/145 143/262/143
f 151/286/151 146/282/146 132/285/132
f 132/285/132 136/287/136 151/286/151
f 128/283/128 133/273/133 148/274/148
f 148/274/148 142/277/142 128/283/128
f 142/277/142 148/274/148 147/276/147
f 147/276/147 143/278/143 142/277/142
f 143/262/143 147/263/147 134/260/134
f 134/260/134 129/261/129 143/262/143
f 138/264/138 150/265/150 139/275/139
f 139/275/139 149/272/149 138/264/138
f 138/264/138 133/273/133 125/284/125
f 142/277/142 151/286/151 136/287/136
f 136/287/136 128/283/128 142/277/142
f 141/271/141 140/268/140 142/277/142
f 142/277/142 143/278/143 141/271/141
f 139/259/139 137/288/137 134/260/134
f 134/260/134 147/263/147 139/259/139
f 151/286/151 142/277/142 140/268/140
f 140/268/140 146/282/146 151/286/151
f 152/289/152 153/290/153 154/291/154
f 152/289/152 154/291/154 155/292/155
f 152/289/152 155/292/155 156/293/156
f 152/289/152 156/293/156 157/294/157
f 152/289/152 157/294/157 158/295/158
f 152/289/152 158/295/158 159/296/159
f 152/289/152 159/296/159 160/297/160
f 152/289/152 160/297/160 161/298/161
f 152/289/152 161/298/161 162/299/162
f 152/289/152 162/299/162 163/300/163
f 152/289/152 163/300/163 164/301/164
f 152/289/152 164/301/164 153/290/153
f 166/303/166 154/291/154 153/290/153
f 153/290/153 165/302/165 166/303/166
f 167/304/167 155/292/155 154/291/154
f 154/291/154 166/303/166 167/304/167
f 168/305/168 156/293/156 155/292/155
f 155/292/155 167/304/167 168/305/168
f 169/306/169 157/294/157 156/293/156
f 156/293/156 168/305/168 169/306/169
f 170/307/170 158/295/158 157/294/157
f 157/294/157 169/306/169 170/307/170
f 171/308/171 159/296/159 158/295/158
f 158/295/158 170/307/170 171/308/171
f 172/309/172 160/297/160 159/296/159
f 159/296/159 171/308/171 172/309/172
f 173/310/173 161/298/161 160/297/160
f 160/297/160 172/309/172 173/310/173
f 174/311/174 162/299/162 161/298/161
f 161/298/161 173/310/173 174/311/174
f 175/312/175 163/300/163 162/299/162
f 162/299/162 174/311/174 175/312/175
f 176/313/176 164/301/164 163/300/163
f 163/300/163 175/312/175 176/313/176
f 165/302/165 153/290/153 164/301/164
f 164/301/164 176/313/176 165/302/165
f 178/315/178 166/303/166 165/302/165
f 165/302/165 177/314/177 178/315/178
f 179/316/179 167/304/167 166/303/166
f 166/303/166 178/315/178 179/316/179
f 180/317/180 168/305/168 167/304/167
f 167/304/167 179/316/179 180/317/180
f 181/318/181 169/306/169 168/305/168
f 168/305/168 180/317/180 181/318/181
f 182/319/182 170/307/170 169/306/169
f 169/306/169 181/318/181 182/319/182
f 183/320/183 171/308/171 170/307/170
f 170/307/170 182/319/182 183/320/183
f 184/321/184 172/309/172 171/308/171
f 171/308/171 183/320/183 184/321/184
f 185/322/185 173/310/173 172/309/172
f 172/309/172 184/321/184 185/322/185
f 186/323/186 174/311/174 173/310/173
f 173/310/173 185/322/185 186/323/186
f 187/324/187 175/312/175 174/311/174
f 174/311/174 186/323/186 187/324/187
f 188/325/188 176/313/176 175/312/175
f 175/312/175 187/324/187 188/325/188
f 177/314/177 165/302/165 176/313/176
f 176/313/176 188/325/188 177/314/177
f 189/326/189 191/328/191 190/327/190
f 189/326/189 192/329/192 191/328/191
f 189/326/189 193/330/193 192/329/192
f 189/326/189 194/331/194 193/330/193
f 189/326/189 195/332/195 194/331/194
f 189/326/189 196/333/196 195/332/195
f 189/326/189 197/334/197 196/333/196
f 189/326/189 198/335/198 197/334/197
f 189/326/189 199/336/199 198/335/198
f 189/326/189 200/337/200 199/336/199
f 189/326/189 201/338/201 200/337/200
f 189/326/189 190/327/190 201/338/201
f 203/340/203 202/339/202 190/327/190
f 190/327/190 191/328/191 203/340/203
f 204/341/204 203/340/203 191/328/191
f 191/328/191 192/329/192 204/341/204
f 205/342/205 204/341/204 192/329/192
f 192/329/192 193/330/193 205/342/205
f 206/343/206 205/342/205 193/330/193
f 193/330/193 194/331/194 206/343/206
f 207/344/207 206/343/206 194/331/194
f 194/331/194 195/332/195 207/344/207
f 208/345/208 207/344/207 195/332/195
f 195/332/195 196/333/196 208/345/208
f 209/346/209 208/345/208 196/333/196
f 196/333/196 197/334/197 209/346/209
f 210/347/210 209/346/209 197/334/197
f 197/334/197 198/335/198 210/347/210
f 211/348/211 210/347/210 198/335/198
f 198/335/198 199/336/199 211/348/211
f 212/349/212 211/348/211 199/336/199
f 199/336/199 200/337/200 212/349/212
f 213/350/213 212/349/212 200/337/200
f 200/337/200 201/338/201 213/350/213
f 202/339/202 213/350/213 201/338/201
f 201/338/201 190/327/190 202/339/202
f 215/352/215 214/351/214 202/339/202
f 202/339/202 203/340/203 215/352/215
f 216/353/216 215/352/215 203/340/203
f 203/340/203 204/341/204 216/353/216
f 217/354/217 216/353/216 204/341/204
f 204/341/204 205/342/205 217/354/217
f 218/355/218 217/354/217 205/342/205
f 205/342/205 206/343/206 218/355/218
f 219/356/219 218/355/218 206/343/206
f 206/343/206 207/344/207 219/356/219
f 220/357/220 219/356/219 207/344/207
f 207/344/207 208/345/208 220/357/220
f 221/358/221 220/357/220 208/345/208
f 208/345/208 209/346/209 221/358/221
f 222/359/222 221/358/221 209/346/209
f 209/346/209 210/347/210 222/359/222
f 223/360/223 222/359/222 210/347/210
f 210/347/210 211/348/211 223/360/223
f 224/361/224 223/360/223 211/348/211
f 211/348/211 212/349/212 224/361/224
f 225/362/225 224/361/224 212/349/212
f 212/349/212 213/350/213 225/362/225
f 214/351/214 225/362/225 213/350/213
f 213/350/213 202/339/202 214/351/214
f 226/363/226 227/364/227 228/365/228
f 229/366/229 230/367/230 227/364/227
f 228/365/228 227/364/227 230/367/230
f 227/364/227 226/363/226 229/366/229
f 231/368/231 232/369/232 233/370/233
f 234/371/234 235/372/235 232/369/232
f 233/370/233 232/369/232 235/372/235
f 232/369/232 231/368/231 234/371/234
f 236/373/236 237/374/237 238/375/238
f 239/376/239 240/377/240 237/374/237
f 238/375/238 237/374/237 240/377/240
f 237/374/237 236/373/236 239/376/239
f 241/378/241 242/379/242 243/380/243
f 244/381/244 245/382/245 242/379/242
f 243/380/243 242/379/242 245/382/245
f 242/379/242 241/378/241 244/381/244
f 246/383/246 247/384/247 248/385/248
f 249/386/249 250/387/250 247/384/247
f 248/385/248 247/384/247 250/387/250
f 247/384/247 246/383/246 249/386/249
f 251/388/251 253/390/253 252/389/252
f 254/391/254 252/389/252 255/392/255
f 253/390/253 255/392/255 252/389/252
f 252/389/252 254/391/254 251/388/251
f 256/393/256 258/395/258 257/394/257
f 259/396/259 257/394/257 260/397/260
f 258/395/258 260/397/260 257/394/257
f 257/394/257 259/396/259 256/393/256
f 261/398/261 263/400/263 262/399/262
f 264/401/264 262/399/262 265/402/265
f 263/400/263 265/402/265 262/399/262
f 262/399/262 264/401/264 261/398/261
f 266/403/266 268/405/268 267/404/267
f 269/406/269 267/404/267 270/407/270
f 268/405/268 270/407/270 267/404/267
f 267/404/267 269/406/269 266/403/266
f 271/408/271 273/410/273 272/409/272
f 274/411/274 272/409/272 275/412/275
f 273/410/273 275/412/275 272/409/272
f 272/409/272 274/411/274 271/408/271
f 276/413/276 277/414/277 278/415/278
f 279/416/279 280/417/280 277/414/277
f 278/415/278 277/414/277 280/417/280
f 277/414/277 276/413/276 279/416/279
f 281/418/281 282/419/282 283/420/283
f 284/421/284 285/422/285 282/419/282
f 283/420/283 282/419/282 285/422/285
f 282/419/282 281/418/281 284/421/284
f 286/423/286 287/424/287 288/425/288
f 289/426/289 290/427/290 287/424/287
f 288/425/288 287/424/287 290/427/290
f 287/424/287 286/423/286 289/426/289
f 291/428/291 292/429/292 293/430/293
f 294/431/294 295/432/295 292/429/292
f 293/430/293 292/429/292 295/432/295
f 292/429/292 291/428/291 294/431/294
f 296/433/296 297/434/297 298/435/298
f 299/436/299 300/437/300 297/434/297
f 298/435/298 297/434/297 300/437/300
f 297/434/297 296/433/296 299/436/299
f 301/438/301 302/439/302 303/440/303
f 304/441/304 305/442/305 302/439/302
f 303/440/303 302/439/302 305/442/305
f 302/439/302 301/438/301 304/441/304
f 306/443/306 308/445/308 307/444/307
f 309/446/309 307/444/307 310/447/310
f 308/445/308 310/447/310 307/444/307
f 307/444/307 309/446/309 306/443/306
f 311/448/311 313/450/313 312/449/312
f 314/451/314 312/449/312 315/452/315
f 313/450/313 315/452/315 312/449/312
f 312/449/312 314/451/314 311/448/311
f 316/453/316 318/455/318 317/454/317
f 319/456/319 317/454/317 320/457/320
f 318/455/318 320/457/320 317/454/317
f 317/454/317 319/456/319 316/453/316
f 321/458/321 323/460/323 322/459/322
f 324/461/324 322/459/322 325/462/325
f 323/460/323 325/462/325 322/459/322
f 322/459/322 324/461/324 321/458/321
f 326/463/326 328/465/328 327/464/327
f 329/466/329 327/464/327 330/467/330
f 328/465/328 330/467/330 327/464/327
f 327/464/327 329/466/329 326/463/326
f 331/468/331 333/470/333 332/469/332
f 334/471/334 332/469/332 335/472/335
f 333/470/333 335/472/335 332/469/332
f 332/469/332 334/471/334 331/468/331
f 336/475/336 339/474/339 338/473/338
f 340/477/340 337/476/337 338/473/338
f 341/480/341 343/478/343 344/479/344
f 345/482/345 343/478/343 342/481/342
f 346/484/346 349/488/349 357/487/357
f 357/487/357 355/483/355 346/484/346
f 347/485/347 359/489/359 349/488/349
f 349/488/349 346/484/346 347/485/347
f 351/491/351 350/490/350 357/487/357
f 357/487/357 349/488/349 351/491/351
f 352/492/352 351/491/351 349/488/349
f 349/488/349 359/489/359 352/492/352
f 353/494/353 361/493/361 350/490/350
f 350/490/350 351/491/351 353/494/353
f 354/495/354 353/494/353 351/491/351
f 351/491/351 352/492/352 354/495/354
f 353/494/353 348/486/348 361/493/361
f 354/495/354 348/486/348 353/494/353
f 356/497/356 355/496/355 357/500/357
f 357/500/357 358/501/358 356/497/356
f 347/498/347 356/497/356 358/501/358
f 358/501/358 359/502/359 347/498/347
f 360/504/360 358/501/358 357/500/357
f 357/500/357 350/503/350 360/504/360
f 352/505/352 359/502/359 358/501/358
f 358/501/358 360/504/360 352/505/352
f 362/507/362 360/504/360 350/503/350
f 350/503/350 361/506/361 362/507/362
f 354/508/354 352/505/352 360/504/360
f 360/504/360 362/507/362 354/508/354
f 362/507/362 361/506/361 348/499/348
f 354/508/354 362/507/362 348/499/348
f 363/509/363 364/510/364 365/511/365
f 363/509/363 365/511/365 366/512/366
f 363/509/363 366/512/366 367/513/367
f 363/509/363 367/513/367 368/514/368
f 363/509/363 368/514/368 369/515/369
f 363/509/363 369/515/369 370/516/370
f 363/509/363 370/516/370 371/517/371
f 363/509/363 371/517/371 372/518/372
f 363/509/363 372/518/372 373/519/373
f 363/509/363 373/519/373 374/520/374
f 363/509/363 374/520/374 375/521/375
f 363/509/363 375/521/375 364/510/364
f 377/523/377 365/511/365 364/510/364
f 364/510/364 376/522/376 377/523/377
f 378/524/378 366/512/366 365/511/365
f 365/511/365 377/523/377 378/524/378
f 379/525/379 367/513/367 366/512/366
f 366/512/366 378/524/378 379/525/379
f 380/526/380 368/514/368 367/513/367
f 367/513/367 379/525/379 380/526/380
f 381/527/381 369/515/369 368/514/368
f 368/514/368 380/526/380 381/527/381
f 382/528/382 370/516/370 369/515/369
f 369/515/369 381/527/381 382/528/382
f 383/529/383 371/517/371 370/516/370
f 370/516/370 382/528/382 383/529/383
f 384/530/384 372/518/372 371/517/371
f 371/517/371 383/529/383 384/530/384
f 385/531/385 373/519/373 372/518/372
f 372/518/372 384/530/384 385/531/385
f 386/532/386 374/520/374 373/519/373
f 373/519/373 385/531/385 386/532/386
f 387/533/387 375/521/375 374/520/374
f 374/520/374 386/532/386 387/533/387
f 376/522/376 364/510/364 375/521/375
f 375/521/375 387/533/387 376/522/376
f 389/535/389 377/523/377 376/522/376
f 376/522/376 388/534/388 389/535/389
f 390/536/390 378/524/378 377/523/377
f 377/523/377 389/535/389 390/536/390
f 391/537/391 379/525/379 378/524/378
f 378/524/378 390/536/390 391/537/391
f 392/538/392 380/526/380 379/525/379
f 379/525/379 391/537/391 392/538/392
f 393/539/393 381/527/381 380/526/380
f 380/526/380 392/538/392 393/539/393
f 394/540/394 382/528/382 381/527/381
f 381/527/381 393/539/393 394/540/394
f 395/541/395 383/529/383 382/528/382
f 382/528/382 394/540/394 395/541/395
f 396/542/396 384/530/384 383/529/383
f 383/529/383 395/541/395 396/542/396
f 397/543/397 385/531/385 384/530/384
f 384/530/384 396/542/396 397/543/397
f 398/544/398 386/532/386 385/531/385
f 385/531/385 397/543/397 398/544/398
f 399/545/399 387/533/387 386/532/386
f 386/532/386 398/544/398 399/545/399
f 388/534/388 376/522/376 387/533/387
f 387/533/387 399/545/399 388/534/388
f 401/547/401 389/535/389 388/534/388
f 388/534/388 400/546/400 401/547/401
f 402/548/402 390/536/390 389/535/389
f 389/535/389 401/547/401 402/548/402
f 403/549/403 391/537/391 390/536/390
f 390/536/390 402/548/402 403/549/403
f 404/550/404 392/538/392 391/537/391
f 391/537/391 403/549/403 404/550/404
f 405/551/405 393/539/393 392/538/392
f 392/538/392 404/550/404 405/551/405
f 406/552/406 394/540/394 393/539/393
f 393/539/393 405/551/405 406/552/406
f 407/553/407 395/541/395 394/540/394
f 394/540/394 406/552/406 407/553/407
f 408/554/408 396/542/396 395/541/395
f 395/541/395 407/553/407 408/554/408
f 409/555/409 397/543/397 396/542/396
f 396/542/396 408/554/408 409/555/409
f 410/556/410 398/544/398 397/543/397
f 397/543/397 409/555/409 410/556/410
f 411/557/411 399/545/399 398/544/398
f 398/544/398 410/556/410 411/557/411
f 400/546/400 388/534/388 399/545/399
f 399/545/399 411/557/411 400/546/400
f 413/559/413 401/547/401 400/546/400
f 400/546/400 412/558/412 413/559/413
f 414/560/414 402/548/402 401/547/401
f 401/547/401 413/559/413 414/560/414
f 415/561/415 403/549/403 402/548/402
f 402/548/402 414/560/414 415/561/415
f 416/562/416 404/550/404 403/549/403
f 403/549/403 415/561/415 416/562/416
f 417/563/417 405/551/405 404/550/404
f 404/550/404 416/562/416 417/563/417
f 418/564/418 406/552/406 405/551/405
f 405/551/405 417/563/417 418/564/418
f 419/565/419 407/553/407 406/552/406
f 406/552/406 418/564/418 419/565/419
f 420/566/420 408/554/408 407/553/407
f 407/553/407 419/565/419 420/566/420
f 421/567/421 409/555/409 408/554/408
f 408/554/408 420/566/420 421/567/421
f 422/568/422 410/556/410 409/555/409
f 409/555/409 421/567/421 422/568/422
f 423/569/423 411/557/411 410/556/410
f 410/556/410 422/568/422 423/569/423
f 412/558/412 400/546/400 411/557/411
f 411/557/411 423/569/423 412/558/412
f 424/570/424 413/559/413 412/558/412
f 424/570/424 414/560/414 413/559/413
f 424/570/424 415/561/415 414/560/414
f 424/570/424 416/562/416 415/561/415
f 424/570/424 417/563/417 416/562/416
f 424/570/424 418/564/418 417/563/417
f 424/570/424 419/565/419 418/564/418
f 424/570/424 420/566/420 419/565/419
f 424/570/424 421/567/421 420/566/420
f 424/570/424 422/568/422 421/567/421
f 424/570/424 423/569/423 422/568/422
f 424/570/424 412/558/412 423/569/423
f 425/571/425 426/572/426 427/573/427
f 427/573/427 428/574/428 425/571/425
f 429/787/429 430/788/430 431/789/431
f 431/789/431 432/790/432 429/787/429
f 428/575/428 427/576/427 431/577/431
f 431/577/431 430/578/430 428/575/428
f 427/573/427 426/572/426 432/579/432
f 432/579/432 431/580/431 427/573/427
f 426/581/426 425/582/425 429/583/429
f 429/583/429 432/584/432 426/581/426
f 433/585/433 436/588/436 435/587/435
f 435/587/435 434/586/434 433/585/433
f 437/791/437 440/794/440 439/793/439
f 439/793/439 438/792/438 437/791/437
f 436/589/436 438/592/438 439/591/439
f 439/591/439 435/590/435 436/589/436
f 435/587/435 439/594/439 440/593/440
f 440/593/440 434/586/434 435/587/435
f 434/595/434 440/598/440 437/597/437
f 437/597/437 433/596/433 434/595/434
f 441/599/441 443/601/443 442/600/442
f 441/599/441 444/602/444 443/601/443
f 441/599/441 445/603/445 444/602/444
f 441/599/441 446/604/446 445/603/445
f 441/599/441 447/605/447 446/604/446
f 441/599/441 448/606/448 447/605/447
f 441/599/441 449/607/449 448/606/448
f 441/599/441 450/608/450 449/607/449
f 441/599/441 451/609/451 450/608/450
f 441/599/441 452/610/452 451/609/451
f 441/599/441 453/611/453 452/610/452
f 441/599/441 442/600/442 453/611/453
f 455/613/455 454/612/454 442/600/442
f 442/600/442 443/601/443 455/613/455
f 456/614/456 455/613/455 443/601/443
f 443/601/443 444/602/444 456/614/456
f 457/615/457 456/614/456 444/602/444
f 444/602/444 445/603/445 457/615/457
f 458/616/458 457/615/457 445/603/445
f 445/603/445 446/604/446 458/616/458
f 459/617/459 458/616/458 446/604/446
f 446/604/446 447/605/447 459/617/459
f 460/618/460 459/617/459 447/605/447
f 447/605/447 448/606/448 460/618/460
f 461/619/461 460/618/460 448/606/448
f 448/606/448 449/607/449 461/619/461
f 462/620/462 461/619/461 449/607/449
f 449/607/449 450/608/450 462/620/462
f 463/621/463 462/620/462 450/608/450
f 450/608/450 451/609/451 463/621/463
f 464/622/464 463/621/463 451/609/451
f 451/609/451 452/610/452 464/622/464
f 465/623/465 464/622/464 452/610/452
f 452/610/452 453/611/453 465/623/465
f 454/612/454 465/623/465 453/611/453
f 453/611/453 442/600/442 454/612/454
f 467/625/467 466/624/466 454/612/454
f 454/612/454 455/613/455 467/625/467
f 468/626/468 467/625/467 455/613/455
f 455/613/455 456/614/456 468/626/468
f 469/627/469 468/626/468 456/614/456
f 456/614/456 457/615/457 469/627/469
f 470/628/470 469/627/469 457/615/457
f 457/615/457 458/616/458 470/628/470
f 471/629/471 470/628/470 458/616/458
f 458/616/458 459/617/459 471/629/471
f 472/630/472 471/629/471 459/617/459
f 459/617/459 460/618/460 472/630/472
f 473/631/473 472/630/472 460/618/460
f 460/618/460 461/619/461 473/631/473
f 474/632/474 473/631/473 461/619/461
f 461/619/461 462/620/462 474/632/474
f 475/633/475 474/632/474 462/620/462
f 462/620/462 463/621/463 475/633/475
f 476/634/476 475/633/475 463/621/463
f 463/621/463 464/622/464 476/634/476
f 477/635/477 476/634/476 464/622/464
f 464/622/464 465/623/465 477/635/477
f 466/624/466 477/635/477 465/623/465
f 465/623/465 454/612/454 466/624/466
f 479/637/479 478/636/478 466/624/466
f 466/624/466 467/625/467 479/637/479
f 480/638/480 479/637/479 467/625/467
f 467/625/467 468/626/468 480/638/480
f 481/639/481 480/638/480 468/626/468
f 468/626/468 469/627/469 481/639/481
f 482/640/482 481/639/481 469/627/469
f 469/627/469 470/628/470 482/640/482
f 483/641/483 482/640/482 470/628/470
f 470/628/470 471/629/471 483/641/483
f 484/642/484 483/641/483 471/629/471
f 471/629/471 472/630/472 484/642/484
f 485/643/485 484/642/484 472/630/472
f 472/630/472 473/631/473 485/643/485
f 486/644/486 485/643/485 473/631/473
f 473/631/473 474/632/474 486/644/486
f 487/645/487 486/644/486 474/632/474
f 474/632/474 475/633/475 487/645/487
f 488/646/488 487/645/487 475/633/475
f 475/633/475 476/634/476 488/646/488
f 489/647/489 488/646/488 476/634/476
f 476/634/476 477/635/477 489/647/489
f 478/636/478 489/647/489 477/635/477
f 477/635/477 466/624/466 478/636/478
f 491/649/491 490/648/490 478/636/478
f 478/636/478 479/637/479 491/649/491
f 492/650/492 491/649/491 479/637/479
f 479/637/479 480/638/480 492/650/492
f 493/651/493 492/650/492 480/638/480
f 480/638/480 481/639/481 493/651/493
f 494/652/494 493/651/493 481/639/481
f 481/639/481 482/640/482 494/652/494
f 495/653/495 494/652/494 482/640/482
f 482/640/482 483/641/483 495/653/495
f 496/654/496 495/653/495 483/641/483
f 483/641/483 484/642/484 496/654/496
f 497/655/497 496/654/496 484/642/484
f 484/642/484 485/643/485 497/655/497
f 498/656/498 497/655/497 485/643/485
f 485/643/485 486/644/486 498/656/498
f 499/657/499 498/656/498 486/644/486
f 486/644/486 487/645/487 499/657/499
f 500/658/500 499/657/499 487/645/487
f 487/645/487 488/646/488 500/658/500
f 501/659/501 500/658/500 488/646/488
f 488/646/488 489/647/489 501/659/501
f 490/648/490 501/659/501 489/647/489
f 489/647/489 478/636/478 490/648/490
f 502/660/502 490/648/490 491/649/491
f 502/660/502 491/649/491 492/650/492
f 502/660/502 492/650/492 493/651/493
f 502/660/502 493/651/493 494/652/494
f 502/660/502 494/652/494 495/653/495
f 502/660/502 495/653/495 496/654/496
f 502/660/502 496/654/496 497/655/497
f 502/660/502 497/655/497 498/656/498
f 502/660/502 498/656/498 499/657/499
f 502/660/502 499/657/499 500/658/500
f 502/660/502 500/658/500 501/659/501
f 502/660/502 501/659/501 490/648/490
f 508/684/508 523/683/523 524/671/524
f 518/661/518 519/662/519 504/665/504
f 504/665/504 505/666/505 518/661/518
f 514/679/514 509/672/509 525/673/525
f 525/673/525 528/678/528 514/679/514
f 514/679/514 516/681/516 509/672/509
f 516/681/516 515/680/515 505/666/505
f 505/666/505 504/665/504 516/681/516
f 518/661/518 505/666/505 515/680/515
f 515/680/515 517/682/517 518/661/518
f 504/665/504 519/662/519 521/668/521
f 521/668/521 506/667/506 504/665/504
f 520/663/520 503/664/503 507/670/507
f 507/670/507 522/669/522 520/663/520
f 521/668/521 526/686/526 511/685/511
f 511/685/511 506/667/506 521/668/521
f 522/669/522 507/670/507 512/676/512
f 512/676/512 527/675/527 522/669/522
f 510/674/510 513/677/513 512/676/512
f 512/676/512 507/670/507 510/674/510
f 509/672/509 503/664/503 520/663/520
f 520/663/520 525/673/525 509/672/509
f 529/687/529 504/665/504 506/667/506
f 506/667/506 510/674/510 529/687/529
f 510/674/510 506/667/506 511/685/511
f 511/685/511 513/677/513 510/674/510
f 503/664/503 529/687/529 510/674/510
f 510/674/510 507/670/507 503/664/503
f 503/664/503 509/672/509 529/687/529
f 516/681/516 504/665/504 529/687/529
f 526/686/526 523/683/523 511/685/511
f 508/684/508 524/671/524 527/675/527
f 527/675/527 512/676/512 508/684/508
f 513/677/513 508/684/508 512/676/512
f 523/683/523 508/684/508 513/677/513
f 513/677/513 511/685/511 523/683/523
f 509/672/509 516/681/516 529/687/529
f 535/711/535 524/698/524 523/710/523
f 518/688/518 532/693/532 531/692/531
f 531/692/531 519/689/519 518/688/518
f 541/706/541 528/705/528 525/700/525
f 525/700/525 536/699/536 541/706/541
f 541/706/541 536/699/536 543/708/543
f 543/708/543 531/692/531 532/693/532
f 532/693/532 542/707/542 543/708/543
f 518/688/518 517/709/517 542/707/542
f 542/707/542 532/693/532 518/688/518
f 531/692/531 533/694/533 521/695/521
f 521/695/521 519/689/519 531/692/531
f 520/690/520 522/696/522 534/697/534
f 534/697/534 530/691/530 520/690/520
f 521/695/521 533/694/533 538/712/538
f 538/712/538 526/713/526 521/695/521
f 522/696/522 527/702/527 539/703/539
f 539/703/539 534/697/534 522/696/522
f 537/701/537 534/697/534 539/703/539
f 539/703/539 540/704/540 537/701/537
f 536/699/536 525/700/525 520/690/520
f 520/690/520 530/691/530 536/699/536
f 544/714/544 537/701/537 533/694/533
f 533/694/533 531/692/531 544/714/544
f 537/701/537 540/704/540 538/712/538
f 538/712/538 533/694/533 537/701/537
f 530/691/530 534/697/534 537/701/537
f 537/701/537 544/714/544 530/691/530
f 530/691/530 544/714/544 536/699/536
f 543/708/543 544/714/544 531/692/531
f 526/713/526 538/712/538 523/710/523
f 535/711/535 539/703/539 527/702/527
f 527/702/527 524/698/524 535/711/535
f 540/704/540 539/703/539 535/711/535
f 523/710/523 538/712/538 540/704/540
f 540/704/540 535/711/535 523/710/523
f 536/699/536 544/714/544 543/708/543
f 545/723/545 547/725/547 548/726/548
f 548/726/548 546/724/546 545/723/545
f 549/727/549 550/728/550 552/730/552
f 552/730/552 551/729/551 549/727/549
f 546/716/546 548/718/548 552/722/552
f 552/722/552 550/720/550 546/716/546
f 548/726/548 547/725/547 551/731/551
f 551/731/551 552/732/552 548/726/548
f 547/717/547 545/715/545 549/719/549
f 549/719/549 551/721/551 547/717/547
f 553/741/553 555/743/555 556/744/556
f 556/744/556 554/742/554 553/741/553
f 557/745/557 558/746/558 560/748/560
f 560/748/560 559/747/559 557/745/557
f 554/734/554 556/736/556 560/740/560
f 560/740/560 558/738/558 554/734/554
f 556/744/556 555/743/555 559/749/559
f 559/749/559 560/750/560 556/744/556
f 555/735/555 553/733/553 557/737/557
f 557/737/557 559/739/559 555/735/555
f 561/759/561 563/761/563 564/762/564
f 564/762/564 562/760/562 561/759/561
f 565/763/565 566/764/566 568/766/568
f 568/766/568 567/765/567 565/763/565
f 562/752/562 564/754/564 568/758/568
f 568/758/568 566/756/566 562/752/562
f 564/762/564 563/761/563 567/767/567
f 567/767/567 568/768/568 564/762/564
f 563/753/563 561/751/561 565/755/565
f 565/755/565 567/757/567 563/753/563
f 569/777/569 571/779/571 572/780/572
f 572/780/572 570/778/570 569/777/569
f 573/781/573 574/782/574 576/784/576
f 576/784/576 575/783/575 573/781/573
f 570/770/570 572/772/572 576/776/576
f 576/776/576 574/774/574 570/770/570
f 572/780/572 571/779/571 575/785/575
f 575/785/575 576/786/576 572/780/572
f 571/771/571 569/769/569 573/773/573
f 573/773/573 575/775/575 571/771/571
s 2
f 595/813/595 592/810/592 586/804/586
f 586/804/586 585/803/585 595/813/595
s 4
f 599/817/599 593/811/593 600/818/600
f 600/818/600 594/812/594 599/817/599
s 16
f 591/809/591 598/816/598 590/808/590
f 590/808/590 588/806/588 591/809/591
s 64
f 596/814/596 597/815/597 587/805/587
f 587/805/587 589/807/589 596/814/596
s 8
f 577/795/577 580/798/580 583/801/583
f 583/801/583 582/800/582 584/802/584
f 577/795/577 583/801/583 584/802/584
f 584/802/584 579/797/579 581/799/581
f 577/795/577 584/802/584 581/799/581
f 578/796/578 577/795/577 581/799/581
s 32
f 604/822/604 607/825/607 601/819/601
f 601/819/601 605/823/605 608/826/608
f 604/822/604 601/819/601 608/826/608
f 608/826/608 603/821/603 606/824/606
f 604/822/604 608/826/608 606/824/606
f 602/820/602 604/822/604 606/824/606
s 0
f 651/834/651 621/869/621 652/866/652
f 652/866/652 616/832/616 651/834/651
f 642/877/642 622/835/622 647/831/647
f 647/831/647 609/874/609 642/877/642
f 649/833/649 612/828/612 646/830/646
f 646/830/646 624/836/624 649/833/649
f 650/860/650 613/829/613 643/827/643
f 643/827/643 623/862/623 650/860/650
f 684/832/684 638/850/638 672/844/672
f 672/844/672 610/878/610 684/832/684
f 681/875/681 631/843/631 665/837/665
f 665/837/665 619/834/619 681/875/681
f 687/863/687 629/841/629 679/854/679
f 679/854/679 617/853/617 687/863/687
f 688/857/688 630/842/630 680/855/680
f 680/855/680 618/856/618 688/857/688
f 677/849/677 615/831/615 682/828/682
f 682/828/682 634/846/634 677/849/677
f 673/845/673 611/827/611 685/870/685
f 685/870/685 627/839/627 673/845/673
f 686/835/686 628/840/628 676/848/676
f 676/848/676 614/830/614 686/835/686
f 666/838/666 620/867/620 683/829/683
f 683/829/683 635/847/635 666/838/666
f 663/834/663 625/837/625 667/873/667
f 667/873/667 653/871/653 663/834/663
f 660/831/660 637/849/637 671/880/671
f 671/880/671 641/876/641 660/831/660
f 664/868/664 626/872/626 678/850/678
f 678/850/678 648/832/648 664/868/664
f 657/879/657 632/881/632 668/840/668
f 668/840/668 654/835/654 657/879/657
f 658/827/658 633/845/633 669/865/669
f 669/865/669 655/864/655 658/827/658
f 661/833/661 639/851/639 674/846/674
f 674/846/674 644/828/644 661/833/661
f 662/861/662 640/852/640 675/847/675
f 675/847/675 645/829/645 662/861/662
f 659/830/659 636/848/636 670/859/670
f 670/859/670 656/858/656 659/830/659
# 950 faces

g
# object side to come ...
#
v  40.164684 10.717603 -47.957890
v  38.935249 39.590530 -49.197098
v  41.997684 31.263948 -48.498455
v  49.813042 28.596142 -62.029850
v  40.978775 43.689030 -48.876358
v  37.774548 47.994663 -56.534607
v  38.301617 11.409074 -47.844242
v  40.219776 8.914229 -64.825890
v  49.813046 9.234394 -64.911087
v  49.813046 10.717604 -47.957890
v  49.813038 31.260893 -48.464977
v  49.813038 43.664185 -48.874176
v  39.673134 5.993958 -58.350132
v  37.810066 6.673092 -58.377453
v  49.813046 5.993958 -58.350132
v  37.263245 46.251377 -61.987518
v  42.446438 28.603600 -61.423725
v  37.490040 44.372013 -69.355164
v  35.696259 37.881958 -61.249474
v  49.813042 30.227257 -62.419323
v  45.491405 33.202156 -68.954720
v  40.671951 34.584450 -60.201096
v  36.069691 37.189274 -68.722702
v  43.708920 44.264080 -70.601318
v  39.501709 15.962886 -64.016548
v  40.540005 15.937862 -64.087738
v  49.813046 17.193291 -63.726727
v  49.813038 47.994667 -56.534607
v  38.582577 11.585719 -67.872520
v  43.417625 37.693859 -63.229797
v  45.601086 34.493992 -61.482380
v  39.892078 8.755031 -66.885971
v  38.252800 8.951880 -66.759094
v  40.063152 11.583571 -68.176033
v  44.476078 29.651405 -65.217697
v  43.274231 37.031662 -69.991310
v  44.179878 30.482285 -62.372532
v  38.203976 9.247046 -63.895359
v  49.813038 39.657825 -49.159008
v  59.461403 10.717608 -47.957890
v  60.690826 39.590534 -49.197094
v  57.628395 31.263952 -48.498447
v  58.647301 43.689034 -48.876354
v  61.851528 47.994671 -56.534603
v  49.813042 36.965832 -69.310486
v  61.324471 11.409076 -47.844242
v  59.406315 8.914235 -64.825882
v  49.813038 46.255013 -61.987839
v  59.952957 5.993963 -58.350121
v  61.816029 6.673098 -58.377449
v  49.813042 29.221645 -65.367729
v  62.362839 46.251385 -61.987514
v  57.179646 28.603601 -61.423717
v  62.136044 44.372017 -69.355164
v  49.813042 44.324108 -69.927475
v  63.929821 37.881962 -61.249470
v  54.134678 33.202160 -68.954720
v  58.954128 34.584454 -60.201092
v  49.813042 33.078236 -68.949860
v  63.556393 37.189281 -68.722702
v  55.917160 44.264084 -70.601318
v  60.124382 15.962892 -64.016541
v  59.086086 15.937867 -64.087730
v  61.043518 11.585725 -67.872513
v  56.208454 37.693863 -63.229786
v  54.024998 34.493992 -61.482380
v  59.734016 8.755036 -66.885971
v  61.373295 8.951886 -66.759079
v  59.562943 11.583577 -68.176025
v  55.150005 29.651405 -65.217690
v  56.351852 37.031666 -69.991310
v  55.446205 30.482290 -62.372532
v  61.422119 9.247053 -63.895355
v  43.829529 41.717766 -48.041779
v  55.796589 41.717770 -48.041767
v  43.829529 46.964081 -58.704147
v  55.796589 46.964081 -58.704144
v  56.464039 52.847740 -29.940481
v  55.796581 63.926201 -35.590828
v  55.796589 48.270493 -40.086800
v  43.829525 48.270493 -40.086803
v  55.796585 57.730850 -47.076134
v  43.829521 57.730858 -47.076126
v  55.796589 44.353481 -45.830151
v  55.796589 49.599796 -56.492516
v  43.829529 49.599792 -56.492516
v  43.829529 44.353477 -45.830154
v  43.162056 52.847725 -29.940495
v  43.829514 63.926201 -35.590832
v  58.266922 53.050415 -18.442305
v  41.359169 53.050407 -18.442310
v  58.266918 70.135017 -18.915314
v  41.359165 70.135025 -18.915319
v  38.375393 51.809357 -19.226089
v  38.382648 71.722206 -19.226095
v  38.375389 58.700584 -19.226093
v  49.813042 73.111359 -19.226086
v  49.813046 51.809361 -19.226084
v  49.813046 58.700588 -19.226086
v  61.250698 51.809364 -19.226084
v  61.243435 71.722206 -19.226086
v  61.250698 58.700592 -19.226084
v  34.731552 77.380989 -9.730220
v  34.719936 47.388680 -9.660904
v  34.722786 55.816158 -9.677886
v  49.813042 47.388680 -9.660900
v  49.813034 78.770149 -9.730212
v  64.894516 77.380997 -9.730209
v  64.906151 47.388683 -9.660893
v  64.903297 55.816166 -9.677876
v  40.405788 17.411058 -31.844158
v  39.182117 13.364576 -38.329517
v  40.866051 50.107426 -43.124672
v  40.866055 45.415451 -48.276070
v  41.037777 40.569550 -40.237431
v  41.037781 40.758030 -46.580910
v  40.866055 45.678238 -56.384750
v  40.990417 41.575077 -55.062599
v  40.887436 50.023327 -40.532616
v  42.161720 32.190376 -43.462540
v  42.161720 31.148165 -38.172447
v  39.182121 18.105978 -31.939663
v  40.405788 12.798399 -36.888130
v  49.813042 12.798404 -36.888126
v  49.813038 17.411064 -31.844158
v  49.813034 50.107437 -43.124676
v  49.813034 45.415455 -48.276070
v  49.813034 40.569553 -40.237427
v  49.813038 40.758034 -46.580906
v  49.813038 45.678230 -56.384743
v  49.813038 41.575081 -55.062595
v  49.813034 50.023319 -40.532612
v  49.813038 31.417246 -38.270386
v  49.813038 32.459465 -43.560474
v  40.962605 44.396172 -37.896984
v  49.813034 44.396164 -37.896980
v  49.813042 13.977096 -38.545135
v  59.220291 17.411064 -31.844152
v  60.443962 13.364582 -38.329517
v  58.760017 50.107430 -43.124664
v  58.760017 45.415455 -48.276066
v  58.588295 40.569553 -40.237423
v  58.588295 40.758034 -46.580906
v  58.760021 45.678242 -56.384739
v  58.635658 41.575081 -55.062595
v  58.738628 50.023331 -40.532608
v  57.464355 32.190384 -43.462536
v  57.464352 31.148167 -38.172443
v  60.443958 18.105984 -31.939657
v  59.220295 12.798405 -36.888126
v  58.663460 44.396175 -37.896980
v  40.491879 37.237743 -69.052628
v  40.491875 39.534134 -68.647720
v  41.618057 39.233521 -68.621422
v  42.442486 38.412228 -68.549568
v  42.744240 37.290344 -68.451416
v  42.442486 36.168449 -68.353264
v  41.618057 35.347157 -68.281410
v  40.491879 35.046532 -68.255104
v  39.365696 35.347157 -68.281410
v  38.541264 36.168449 -68.353264
v  38.239510 37.290344 -68.451416
v  38.541264 38.412228 -68.549568
v  39.365692 39.233521 -68.621422
v  40.491875 41.320412 -67.148857
v  42.442486 40.799744 -67.103294
v  43.870422 39.377228 -66.978844
v  44.393097 37.434052 -66.808838
v  43.870422 35.490864 -66.638832
v  42.442486 34.068356 -66.514374
v  40.491879 33.547676 -66.468819
v  38.541264 34.068356 -66.514374
v  37.113327 35.490864 -66.638832
v  36.590656 37.434048 -66.808838
v  37.113327 39.377224 -66.978851
v  38.541264 40.799744 -67.103302
v  40.491875 42.117935 -64.957657
v  42.744240 41.516720 -64.905060
v  44.393093 39.874146 -64.761353
v  44.996605 37.630356 -64.565048
v  44.393097 35.386547 -64.368736
v  42.744240 33.743980 -64.225029
v  40.491879 33.142765 -64.172432
v  38.239510 33.743980 -64.225029
v  36.590656 35.386555 -64.368736
v  35.987144 37.630356 -64.565048
v  36.590652 39.874153 -64.761353
v  38.239510 41.516720 -64.905060
v  59.134216 37.237747 -69.052628
v  59.134216 39.534138 -68.647720
v  58.008034 39.233524 -68.621422
v  57.183605 38.412231 -68.549568
v  56.881851 37.290348 -68.451416
v  57.183605 36.168453 -68.353264
v  58.008034 35.347160 -68.281410
v  59.134216 35.046539 -68.255104
v  60.260399 35.347160 -68.281403
v  61.084827 36.168453 -68.353256
v  61.386581 37.290348 -68.451416
v  61.084827 38.412231 -68.549568
v  60.260399 39.233524 -68.621422
v  59.134212 41.320415 -67.148857
v  57.183605 40.799747 -67.103294
v  55.755669 39.377232 -66.978836
v  55.232994 37.434055 -66.808838
v  55.755669 35.490868 -66.638824
v  57.183605 34.068359 -66.514374
v  59.134216 33.547680 -66.468819
v  61.084827 34.068359 -66.514374
v  62.512760 35.490868 -66.638824
v  63.035435 37.434055 -66.808830
v  62.512760 39.377232 -66.978851
v  61.084824 40.799747 -67.103302
v  59.134212 42.117939 -64.957657
v  56.881847 41.516724 -64.905060
v  55.232994 39.874149 -64.761353
v  54.629486 37.630360 -64.565041
v  55.232994 35.386551 -64.368736
v  56.881851 33.743988 -64.225029
v  59.134216 33.142773 -64.172432
v  61.386581 33.743988 -64.225029
v  63.035435 35.386562 -64.368736
v  63.638947 37.630360 -64.565041
v  63.035435 39.874161 -64.761353
v  61.386581 41.516724 -64.905060
v  39.735535 14.372732 -37.964340
v  40.875919 14.500719 -41.950066
v  41.626080 13.868071 -37.920189
v  40.648106 17.693499 -39.084564
v  42.538651 17.188860 -39.040413
v  40.950317 21.268385 -40.411282
v  41.636814 21.553114 -43.224308
v  42.323311 21.268385 -40.411282
v  40.950314 23.681856 -41.204460
v  42.323311 23.681860 -41.204460
v  41.389000 23.030329 -40.180286
v  42.075497 23.315046 -42.993313
v  42.761993 23.030329 -40.180283
v  41.388996 25.443792 -40.973461
v  42.761993 25.443792 -40.973461
v  42.956345 31.120039 -42.842136
v  43.576809 31.377390 -45.384586
v  44.197273 31.120039 -42.842136
v  42.956345 33.301376 -43.559021
v  44.197273 33.301376 -43.559021
v  42.372227 38.225861 -45.298244
v  43.058723 38.510597 -48.111275
v  43.745224 38.225861 -45.298244
v  42.372227 40.639343 -46.091431
v  43.745220 40.639343 -46.091431
v  59.890594 14.372738 -37.964340
v  58.750214 14.500724 -41.950066
v  58.000050 13.868076 -37.920185
v  58.978020 17.693504 -39.084560
v  57.087475 17.188862 -39.040413
v  58.675812 21.268391 -40.411282
v  57.989315 21.553116 -43.224308
v  57.302814 21.268391 -40.411282
v  58.675812 23.681862 -41.204460
v  57.302814 23.681862 -41.204460
v  58.237125 23.030334 -40.180283
v  57.550629 23.315048 -42.993309
v  56.864132 23.030331 -40.180283
v  58.237125 25.443794 -40.973461
v  56.864132 25.443794 -40.973461
v  56.669777 31.120045 -42.842133
v  56.049313 31.377394 -45.384583
v  55.428848 31.120043 -42.842133
v  56.669777 33.301380 -43.559021
v  55.428848 33.301380 -43.559021
v  57.253891 38.225864 -45.298241
v  56.567394 38.510601 -48.111271
v  55.880898 38.225864 -45.298241
v  57.253891 40.639347 -46.091427
v  55.880898 40.639347 -46.091427
v  42.058205 11.376847 -48.945866
v  41.005058 13.263265 -45.040089
v  39.951912 11.376843 -48.945881
v  42.058205 15.272214 -49.068775
v  39.951912 15.272214 -49.068775
v  41.733841 14.777883 -48.632053
v  41.204670 15.185502 -46.491077
v  40.675499 14.777883 -48.632061
v  41.733841 16.684462 -48.185116
v  40.675499 16.684462 -48.185116
v  43.941032 24.194525 -48.440929
v  43.254536 25.424204 -45.894932
v  42.568039 24.194525 -48.440929
v  43.941032 26.733744 -48.521038
v  42.568039 26.733740 -48.521038
v  43.811550 27.316984 -48.883450
v  43.254536 28.314726 -46.817654
v  42.697517 27.316984 -48.883450
v  43.811550 29.377279 -48.948452
v  42.697517 29.377279 -48.948452
v  43.228065 32.093235 -48.797359
v  42.844872 32.779621 -47.376217
v  42.461681 32.093235 -48.797359
v  43.228065 33.510593 -48.842075
v  42.461681 33.510593 -48.842075
v  42.543224 36.409271 -49.299271
v  42.022366 37.342258 -47.367577
v  41.501507 36.409271 -49.299271
v  42.543221 38.335819 -49.360054
v  41.501507 38.335819 -49.360054
v  57.567886 11.376853 -48.945866
v  58.621029 13.263270 -45.040089
v  59.674175 11.376849 -48.945873
v  57.567883 15.272220 -49.068768
v  59.674171 15.272220 -49.068768
v  57.892246 14.777884 -48.632053
v  58.421417 15.185508 -46.491077
v  58.950584 14.777884 -48.632053
v  57.892242 16.684465 -48.185116
v  58.950584 16.684465 -48.185116
v  55.685047 24.194529 -48.440929
v  56.371544 25.424208 -45.894932
v  57.058044 24.194529 -48.440929
v  55.685047 26.733744 -48.521038
v  57.058041 26.733744 -48.521038
v  55.814529 27.316988 -48.883450
v  56.371544 28.314726 -46.817654
v  56.928562 27.316988 -48.883450
v  55.814529 29.377279 -48.948452
v  56.928562 29.377279 -48.948452
v  56.398014 32.093239 -48.797352
v  56.781204 32.779625 -47.376217
v  57.164398 32.093239 -48.797352
v  56.398014 33.510597 -48.842075
v  57.164398 33.510597 -48.842075
v  57.082855 36.409275 -49.299267
v  57.603710 37.342262 -47.367573
v  58.124569 36.409275 -49.299267
v  57.082855 38.335827 -49.360050
v  58.124569 38.335827 -49.360050
v  50.284977 57.428761 -86.947548
v  50.728634 54.737831 -84.541565
v  49.813019 57.368713 -85.967606
v  49.813019 57.428757 -86.947563
v  49.813019 54.737831 -84.541565
v  49.341103 57.428761 -86.947548
v  48.897446 54.737831 -84.541565
v  49.813061 57.368713 -85.967606
v  49.813061 57.428757 -86.947563
v  49.813065 54.737831 -84.541565
v  46.371021 14.425133 -63.234066
v  49.813053 19.181488 -63.108456
v  49.813057 15.732338 -73.259155
v  46.762577 13.886292 -65.998001
v  49.813057 12.119564 -69.673256
v  47.469334 13.930618 -69.721405
v  49.813057 15.956356 -69.711128
v  48.753571 15.727508 -73.308281
v  49.813057 16.605560 -72.898834
v  49.813057 11.707787 -63.954166
v  53.255077 14.425134 -63.234066
v  49.813057 11.268692 -65.894394
v  52.863522 13.886292 -65.998001
v  49.813053 16.314259 -66.898392
v  52.156769 13.930618 -69.721405
v  49.813057 14.849438 -73.717728
v  50.872536 15.727489 -73.308273
v  40.491875 33.578690 -64.292938
v  40.491875 33.943916 -66.364243
v  41.507671 33.967640 -66.093102
v  42.251289 34.032448 -65.352310
v  42.523464 34.120983 -64.340378
v  42.251286 34.209515 -63.328449
v  41.507671 34.274323 -62.587662
v  40.491875 34.298046 -62.316513
v  39.476082 34.274323 -62.587662
v  38.732464 34.209515 -63.328453
v  38.460285 34.120979 -64.340378
v  38.732464 34.032448 -65.352310
v  39.476082 33.967640 -66.093102
v  40.491875 35.295868 -67.975426
v  42.251289 35.336967 -67.505791
v  43.539261 35.449223 -66.222717
v  44.010700 35.602562 -64.470001
v  43.539257 35.755905 -62.717281
v  42.251286 35.868160 -61.434204
v  40.491875 35.909248 -60.964577
v  38.732460 35.868160 -61.434212
v  37.444492 35.755905 -62.717285
v  36.973049 35.602562 -64.470001
v  37.444492 35.449211 -66.222717
v  38.732464 35.336956 -67.505791
v  40.491875 37.272289 -68.694786
v  42.523464 37.319733 -68.152489
v  44.010700 37.449352 -66.670921
v  44.555054 37.626419 -64.647064
v  44.010700 37.803486 -62.623199
v  42.523464 37.933105 -61.141640
v  40.491875 37.980549 -60.599342
v  38.460285 37.933102 -61.141640
v  36.973049 37.803482 -62.623207
v  36.428696 37.626419 -64.647064
v  36.973049 37.449352 -66.670929
v  38.460285 37.319733 -68.152489
v  40.491875 39.343590 -68.329559
v  42.251286 39.384678 -67.859924
v  43.539257 39.496929 -66.576851
v  44.010696 39.650272 -64.824127
v  43.539257 39.803616 -63.071411
v  42.251286 39.915871 -61.788338
v  40.491875 39.956959 -61.318703
v  38.732460 39.915871 -61.788338
v  37.444489 39.803616 -63.071419
v  36.973049 39.650272 -64.824127
v  37.444492 39.496929 -66.576851
v  38.732464 39.384674 -67.859924
v  40.491875 40.954781 -66.977608
v  41.507668 40.978500 -66.706467
v  42.251286 41.043312 -65.965675
v  42.523464 41.131844 -64.953751
v  42.251286 41.220375 -63.941818
v  41.507668 41.285187 -63.201035
v  40.491875 41.308910 -62.929886
v  39.476078 41.285187 -63.201035
v  38.732460 41.220375 -63.941818
v  38.460285 41.131844 -64.953751
v  38.732460 41.043312 -65.965675
v  39.476078 40.978500 -66.706467
v  40.491875 41.674137 -65.001190
v  39.202972 42.702034 -66.775238
v  34.647827 51.723431 -78.596588
v  38.520149 52.121494 -78.748253
v  41.384037 43.330391 -67.014656
v  38.893501 44.682747 -60.688919
v  41.074566 45.311104 -60.928337
v  38.553894 57.586460 -66.516502
v  34.681572 57.188385 -66.364822
v  60.423107 42.702038 -66.775238
v  64.978256 51.723438 -78.596588
v  61.105930 52.121502 -78.748253
v  58.242043 43.330395 -67.014656
v  60.732574 44.682751 -60.688915
v  58.551510 45.311108 -60.928333
v  61.072178 57.586464 -66.516495
v  64.944504 57.188393 -66.364822
v  59.134216 33.578693 -64.292931
v  59.134216 33.943920 -66.364235
v  58.118423 33.967644 -66.093094
v  57.374805 34.032452 -65.352303
v  57.102627 34.120987 -64.340378
v  57.374805 34.209518 -63.328449
v  58.118420 34.274330 -62.587658
v  59.134216 34.298050 -62.316509
v  60.150009 34.274330 -62.587658
v  60.893627 34.209518 -63.328449
v  61.165806 34.120987 -64.340378
v  60.893627 34.032455 -65.352303
v  60.150009 33.967644 -66.093094
v  59.134216 35.295872 -67.975426
v  57.374805 35.336971 -67.505791
v  56.086834 35.449226 -66.222717
v  55.615391 35.602566 -64.470001
v  56.086830 35.755909 -62.717274
v  57.374802 35.868164 -61.434200
v  59.134212 35.909252 -60.964565
v  60.893627 35.868164 -61.434200
v  62.181599 35.755909 -62.717281
v  62.653038 35.602570 -64.470001
v  62.181599 35.449215 -66.222717
v  60.893627 35.336960 -67.505791
v  59.134216 37.272293 -68.694786
v  57.102627 37.319736 -68.152489
v  55.615391 37.449356 -66.670921
v  55.071037 37.626423 -64.647064
v  55.615391 37.803486 -62.623196
v  57.102627 37.933105 -61.141636
v  59.134212 37.980553 -60.599339
v  61.165802 37.933109 -61.141628
v  62.653038 37.803490 -62.623196
v  63.197395 37.626423 -64.647064
v  62.653038 37.449360 -66.670929
v  61.165806 37.319740 -68.152489
v  59.134216 39.343594 -68.329552
v  57.374805 39.384682 -67.859917
v  56.086834 39.496933 -66.576843
v  55.615391 39.650276 -64.824127
v  56.086830 39.803619 -63.071407
v  57.374802 39.915874 -61.788334
v  59.134212 39.956963 -61.318699
v  60.893627 39.915874 -61.788334
v  62.181599 39.803619 -63.071407
v  62.653038 39.650276 -64.824127
v  62.181599 39.496937 -66.576843
v  60.893627 39.384682 -67.859917
v  59.134216 40.954784 -66.977608
v  58.118420 40.978508 -66.706467
v  57.374802 41.043316 -65.965675
v  57.102627 41.131851 -64.953751
v  57.374802 41.220383 -63.941814
v  58.118420 41.285191 -63.201031
v  59.134212 41.308914 -62.929882
v  60.150009 41.285191 -63.201031
v  60.893627 41.220383 -63.941814
v  61.165802 41.131851 -64.953751
v  60.893627 41.043316 -65.965675
v  60.150009 40.978508 -66.706467
v  59.134212 41.674145 -65.001190
v  46.156113 40.129230 -76.831520
v  46.652771 48.925854 -69.205383
v  44.917831 49.960823 -61.757713
v  47.981838 50.621223 -78.453957
v  47.438755 45.332207 -83.249245
v  49.341103 57.428761 -86.947548
v  45.568169 35.885307 -71.087021
v  46.342136 48.799423 -80.150528
v  48.897446 54.737831 -84.541565
v  48.496452 51.851837 -87.156883
v  48.033386 53.830692 -85.206474
v  45.856930 35.563381 -68.604614
v  44.948826 45.401501 -57.229027
v  43.918560 43.217152 -61.425339
v  49.813038 45.325520 -57.159409
v  49.813038 49.960815 -61.757713
v  49.813038 48.925854 -69.205391
v  49.813042 40.129238 -76.831528
v  49.813038 50.621223 -78.453964
v  49.813042 45.332207 -83.249245
v  49.813038 57.368713 -85.967606
v  49.813038 57.428757 -86.947563
v  49.813042 35.734737 -71.184341
v  49.813042 54.737831 -84.541565
v  49.813042 51.851837 -87.156883
v  49.813042 35.635769 -68.610954
v  44.440468 43.990753 -71.758018
v  53.469971 40.129230 -76.831520
v  52.973305 48.925858 -69.205376
v  54.708244 49.960827 -61.757713
v  51.644241 50.621227 -78.453957
v  52.187328 45.332207 -83.249245
v  50.284977 57.428761 -86.947548
v  54.057919 35.885311 -71.087021
v  53.283947 48.799423 -80.150528
v  50.728634 54.737831 -84.541565
v  51.129631 51.851837 -87.156883
v  51.592693 53.830692 -85.206474
v  53.769154 35.563385 -68.604614
v  54.677250 45.401501 -57.229023
v  55.707520 43.217155 -61.425335
v  55.185612 43.990757 -71.758018
v  48.495579 59.169483 -41.644611
v  51.130527 59.169483 -41.644611
v  48.894230 63.037640 -43.188831
v  50.731873 63.037640 -43.188831
v  48.495575 62.360977 -34.970871
v  51.130524 62.360977 -34.970871
v  48.894226 67.357368 -39.336678
v  50.731873 67.357368 -39.336678
v  48.495583 51.188259 -53.083244
v  51.130531 51.188259 -53.083244
v  48.978447 57.587818 -56.446098
v  50.647667 57.587818 -56.446098
v  48.495583 54.477406 -47.947197
v  51.130527 54.477406 -47.947189
v  48.978443 60.132309 -50.777809
v  50.647667 60.132309 -50.777809
v  48.495575 63.405357 -30.931885
v  51.130520 63.405357 -30.931885
v  49.508583 72.161583 -33.434315
v  50.117508 72.161583 -33.434315
v  48.495571 66.968178 -23.057365
v  51.130516 66.968185 -23.057365
v  49.508579 73.302948 -26.967678
v  50.117508 73.302948 -26.967678
v  48.803371 66.327629 -20.267998
v  50.822716 66.327629 -20.267998
v  48.872330 73.083679 -24.808010
v  50.753754 73.083679 -24.808010
v  48.678604 70.027290 -13.308074
v  50.947475 70.027290 -13.308073
v  48.872326 76.286972 -15.566800
v  50.753750 76.286972 -15.566800
v  73.820251 87.937897 1.334595
v  74.822495 86.935661 1.334595
v  73.820267 37.918961 1.334607
v  25.805788 87.937889 1.334587
v  74.822502 38.921196 1.334607
v  24.803556 38.921185 1.334599
v  24.803541 86.935646 1.334587
v  25.805798 37.918949 1.334599
v  25.494854 88.733635 0.629041
v  29.255642 84.735443 -15.686577
v  75.666328 38.562187 0.629073
v  23.959724 38.562176 0.629065
v  71.668144 42.322968 -15.686558
v  27.957924 42.322956 -15.686565
v  23.959717 87.198502 0.629041
v  70.370399 84.735451 -15.686569
v  25.494865 37.027035 0.629055
v  70.370415 41.025234 -15.686558
v  74.131180 88.733650 0.629051
v  71.668129 83.437729 -15.686569
v  75.666321 87.198517 0.629051
v  27.957912 83.437721 -15.686577
v  74.131195 37.027046 0.629063
v  29.255653 41.025223 -15.686565
v  70.824303 83.049614 -16.392105
v  28.801741 83.049606 -16.392109
v  29.643772 41.869057 -16.392101
v  29.643763 83.891617 -16.392113
v  70.824318 42.711086 -16.392094
v  28.801754 42.711075 -16.392101
v  69.982285 83.891624 -16.392105
v  69.982300 41.869068 -16.392086
v  25.494854 88.733635 0.629041
v  29.255642 84.735443 -15.686577
v  75.666328 38.562187 0.629073
v  23.959724 38.562176 0.629065
v  71.668144 42.322968 -15.686558
v  27.957924 42.322956 -15.686565
v  23.959717 87.198502 0.629041
v  70.370399 84.735451 -15.686569
v  25.494865 37.027035 0.629055
v  70.370415 41.025234 -15.686558
v  74.131180 88.733650 0.629051
v  71.668129 83.437729 -15.686569
v  75.666321 87.198517 0.629051
v  27.957912 83.437721 -15.686577
v  74.131195 37.027046 0.629063
v  29.255653 41.025227 -15.686565
v  73.820251 87.889824 1.334595
v  70.824303 83.049614 -16.392105
v  74.822495 86.887581 1.334595
v  28.801741 83.049606 -16.392109
v  73.820267 37.870872 1.334607
v  29.643772 41.869057 -16.392101
v  25.805788 87.889809 1.334587
v  29.643763 83.891617 -16.392117
v  74.822502 38.873116 1.334607
v  24.803556 38.873104 1.334599
v  70.824318 42.711082 -16.392094
v  28.801754 42.711075 -16.392101
v  24.803541 86.887566 1.334587
v  69.982285 83.891624 -16.392105
v  25.805798 37.870861 1.334599
v  69.982300 41.869064 -16.392094
v  25.494854 88.733635 0.629041
v  29.255642 84.735443 -15.686577
v  75.666328 38.562187 0.629073
v  23.959724 38.562176 0.629065
v  71.668144 42.322968 -15.686558
v  27.957924 42.322956 -15.686565
v  23.959717 87.198502 0.629041
v  70.370399 84.735451 -15.686569
v  25.494865 37.027035 0.629055
v  70.370415 41.025234 -15.686558
v  74.131180 88.733650 0.629051
v  71.668129 83.437729 -15.686569
v  75.666321 87.198517 0.629051
v  27.957912 83.437721 -15.686577
v  74.131195 37.027046 0.629063
v  29.255653 41.025227 -15.686565
v  29.255642 84.735443 -15.686577
v  75.666328 38.562187 0.629073
v  27.957924 42.322956 -15.686565
v  23.959717 87.198502 0.629041
v  25.494865 37.027035 0.629055
v  70.370415 41.025234 -15.686558
v  74.131180 88.733650 0.629051
v  71.668129 83.437729 -15.686569
v  73.820251 87.889824 1.334595
v  70.824303 83.049614 -16.392105
v  74.822495 86.887581 1.334595
v  28.801741 83.049606 -16.392109
v  73.820267 37.870872 1.334607
v  29.643772 41.869057 -16.392101
v  25.805788 87.889809 1.334587
v  29.643763 83.891617 -16.392117
v  74.822502 38.873116 1.334607
v  24.803556 38.873104 1.334599
v  70.824318 42.711082 -16.392094
v  28.801754 42.711075 -16.392101
v  24.803541 86.887566 1.334587
v  69.982285 83.891624 -16.392105
v  25.805798 37.870861 1.334599
v  69.982300 41.869064 -16.392094
v  25.494854 88.733635 0.629041
v  23.959724 38.562176 0.629065
v  71.668144 42.322968 -15.686558
v  70.370399 84.735451 -15.686569
v  75.666321 87.198517 0.629051
v  27.957912 83.437721 -15.686577
v  74.131195 37.027046 0.629063
v  29.255653 41.025227 -15.686565
# 688 vertices

vt  0.101257 0.847290 0.000000
vt  0.106623 0.950766 0.000000
vt  0.027437 0.950766 0.000000
vt  0.027437 0.847290 0.000000
vt  0.453468 0.847290 0.000000
vt  0.117170 0.847290 0.000000
vt  0.333547 0.847290 0.000000
vt  0.333547 0.984926 0.000000
vt  0.296187 0.657411 -0.000477
vt  0.521140 0.791514 0.000000
vt  0.561127 0.874970 0.000000
vt  0.390835 0.791514 0.000000
vt  0.478148 0.814130 0.000000
vt  0.478148 0.791514 0.000000
vt  0.387628 0.793579 0.000000
vt  0.387628 0.814130 0.000000
vt  0.543478 0.814130 0.000000
vt  0.106623 0.984926 0.000000
vt  0.560113 0.932783 0.000000
vt  0.077452 0.913156 0.000000
vt  0.091361 0.913156 0.000000
vt  0.027437 0.913156 0.000000
vt  0.198330 0.686923 0.000036
vt  0.198330 0.657411 0.000545
vt  0.524901 0.932783 0.000000
vt  0.333547 0.932783 0.000000
vt  0.382299 0.710633 -0.000335
vt  0.559841 0.984926 -0.000000
vt  0.453468 0.932783 0.000000
vt  0.296187 0.686923 -0.000170
vt  0.353732 0.955606 0.000364
vt  0.348240 0.984926 -0.000177
vt  0.251274 0.686923 -0.000146
vt  0.389792 0.932783 0.000000
vt  0.251274 0.657411 0.000321
vt  0.453468 0.984926 0.000000
vt  0.296187 0.710430 -0.000166
vt  0.113868 0.946631 0.000000
vt  0.200734 0.946631 0.000000
vt  0.200734 0.950766 0.000000
vt  0.200734 0.984926 0.000000
vt  0.449267 0.704521 0.692157
vt  0.421627 0.955606 0.619917
vt  0.389792 0.955606 0.352664
vt  0.418949 0.676420 0.704784
vt  0.447197 0.690701 0.707527
vt  0.416851 0.709924 0.714525
vt  0.510212 0.657486 0.624719
vt  0.354717 0.984926 0.203556
vt  0.421627 0.984926 0.412840
vt  0.389792 0.984926 0.194405
vt  0.528375 0.671959 0.784576
vt  0.538259 0.728448 0.655373
vt  0.524552 0.739439 0.562827
vt  0.598512 0.651668 0.704784
vt  0.614267 0.674889 0.714525
vt  0.569771 0.651502 0.624719
vt  0.551440 0.701322 0.562827
vt  0.521107 0.814130 0.000000
vt  0.179751 0.686923 0.000364
vt  0.179066 0.657411 -0.000177
vt  0.524901 0.984926 -0.000335
vt  0.382299 0.657411 -0.000000
vt  0.382299 0.686923 0.000568
vt  0.382299 0.686923 0.000568
vt  0.539683 0.984926 0.000568
vt  0.543478 0.791514 0.000000
vt  0.524901 0.847290 0.000000
vt  0.524901 0.874970 0.000000
vt  0.521140 0.791514 0.000000
vt  0.561127 0.847290 0.000000
vt  0.101257 0.847290 0.000000
vt  0.106623 0.950766 0.000000
vt  0.027437 0.950766 0.000000
vt  0.027437 0.847290 0.000000
vt  0.453468 0.847290 0.000000
vt  0.117170 0.847290 0.000000
vt  0.333547 0.847290 0.000000
vt  0.333547 0.984926 0.000000
vt  0.296187 0.657411 -0.000477
vt  0.521140 0.791514 0.000000
vt  0.561127 0.874970 0.000000
vt  0.390835 0.791514 0.000000
vt  0.478148 0.814130 0.000000
vt  0.478148 0.791514 0.000000
vt  0.387628 0.793579 0.000000
vt  0.387628 0.814130 0.000000
vt  0.543478 0.814130 0.000000
vt  0.106623 0.984926 0.000000
vt  0.560113 0.932783 0.000000
vt  0.077452 0.913156 0.000000
vt  0.091361 0.913156 0.000000
vt  0.027437 0.913156 0.000000
vt  0.198330 0.686923 0.000036
vt  0.198330 0.657411 0.000545
vt  0.524901 0.932783 0.000000
vt  0.333547 0.932783 0.000000
vt  0.382299 0.710633 -0.000335
vt  0.559841 0.984926 -0.000000
vt  0.453468 0.932783 0.000000
vt  0.296187 0.686923 -0.000170
vt  0.353732 0.955606 0.000364
vt  0.348240 0.984926 -0.000177
vt  0.251274 0.686923 -0.000146
vt  0.389792 0.932783 0.000000
vt  0.251274 0.657411 0.000321
vt  0.453468 0.984926 0.000000
vt  0.296187 0.710430 -0.000166
vt  0.113868 0.946631 0.000000
vt  0.200734 0.946631 0.000000
vt  0.200734 0.950766 0.000000
vt  0.200734 0.984926 0.000000
vt  0.449267 0.704521 0.692157
vt  0.421627 0.955606 0.619917
vt  0.389792 0.955606 0.352664
vt  0.418949 0.676420 0.704784
vt  0.447197 0.690701 0.707527
vt  0.416851 0.709924 0.714525
vt  0.510212 0.657486 0.624719
vt  0.354717 0.984926 0.203556
vt  0.421627 0.984926 0.412840
vt  0.389792 0.984926 0.194405
vt  0.528375 0.671959 0.784576
vt  0.538259 0.728448 0.655373
vt  0.524552 0.739439 0.562827
vt  0.598512 0.651668 0.704784
vt  0.614267 0.674889 0.714525
vt  0.569771 0.651502 0.624719
vt  0.551440 0.701322 0.562827
vt  0.521107 0.814130 0.000000
vt  0.179751 0.686923 0.000364
vt  0.179066 0.657411 -0.000177
vt  0.524901 0.984926 -0.000335
vt  0.382299 0.657411 -0.000000
vt  0.382299 0.686923 0.000568
vt  0.382299 0.686923 0.000568
vt  0.539683 0.984926 0.000568
vt  0.543478 0.791514 0.000000
vt  0.524901 0.847290 0.000000
vt  0.524901 0.874970 0.000000
vt  0.521140 0.791514 0.000000
vt  0.561127 0.847290 0.000000
vt  0.594782 0.842377 0.000000
vt  0.594782 0.906823 0.000000
vt  0.634408 0.906823 0.000000
vt  0.634408 0.842377 0.000000
vt  0.594782 0.906823 0.000000
vt  0.594782 0.842377 0.000000
vt  0.634408 0.842377 0.000000
vt  0.634408 0.906823 0.000000
vt  0.774418 0.906823 0.000000
vt  0.995406 0.906823 0.000000
vt  0.995406 0.842377 0.000000
vt  0.774418 0.842377 0.000000
vt  0.774418 0.842377 0.000000
vt  0.995406 0.842377 0.000000
vt  0.995406 0.906823 0.000000
vt  0.774418 0.906823 0.000000
vt  0.594782 0.809516 0.000000
vt  0.594782 0.842377 0.000000
vt  0.634408 0.842377 0.000000
vt  0.634408 0.809516 0.000000
vt  0.594782 0.979480 0.000000
vt  0.594782 0.906823 0.000000
vt  0.634408 0.906823 0.000000
vt  0.634408 0.979480 0.000000
vt  0.774418 0.842377 0.000000
vt  0.995406 0.842377 0.000000
vt  0.995406 0.809516 0.000000
vt  0.774418 0.809516 0.000000
vt  0.774418 0.906823 0.000000
vt  0.995406 0.906823 0.000000
vt  0.995406 0.979480 0.000000
vt  0.774418 0.979480 0.000000
vt  0.300767 0.461366 0.000000
vt  0.366488 0.461366 0.000000
vt  0.366488 0.553698 0.000000
vt  0.300767 0.553698 0.000000
vt  0.026561 0.461366 0.000000
vt  0.026561 0.553698 0.000000
vt  0.171011 0.461366 0.000000
vt  0.171011 0.553698 0.000000
vt  0.300767 0.461366 0.000000
vt  0.300767 0.461366 0.000000
vt  0.300767 0.553698 0.000000
vt  0.300767 0.553698 0.000000
vt  0.171011 0.461366 0.000000
vt  0.171011 0.553698 0.000000
vt  0.171011 0.461366 0.000000
vt  0.171011 0.553698 0.000000
vt  0.603137 0.415251 0.000000
vt  0.390248 0.415251 0.000000
vt  0.517681 0.415251 0.000000
vt  0.390027 0.468867 0.000000
vt  0.603137 0.468867 0.000000
vt  0.517681 0.468867 0.000000
vt  0.248688 0.415251 0.000000
vt  0.727595 0.415251 0.000000
vt  0.603137 0.415251 0.000000
vt  0.390248 0.415251 0.000000
vt  0.517681 0.415251 0.000000
vt  0.390027 0.468867 0.000000
vt  0.603137 0.468867 0.000000
vt  0.517681 0.468867 0.000000
vt  0.248688 0.415251 0.000000
vt  0.727595 0.415251 0.000000
vt  0.344913 0.375602 0.000000
vt  0.603137 0.375326 0.000000
vt  0.517681 0.375394 0.000000
vt  0.727595 0.375326 0.000000
vt  0.727595 0.375326 0.000000
vt  0.203354 0.375602 0.000000
vt  0.203354 0.375602 0.000000
vt  0.344913 0.375602 0.000000
vt  0.603137 0.375326 0.000000
vt  0.517681 0.375394 0.000000
vt  0.284083 0.841060 0.000000
vt  0.268863 0.841060 0.000000
vt  0.268863 0.818926 0.000000
vt  0.284083 0.818926 0.000000
vt  0.442323 0.818926 0.000000
vt  0.442323 0.841060 0.000000
vt  0.437751 0.841060 0.000000
vt  0.354706 0.818926 0.000000
vt  0.301213 0.818926 0.000000
vt  0.301212 0.841060 0.000000
vt  0.354706 0.841060 0.000000
vt  0.493983 0.599560 0.000000
vt  0.493983 0.650212 0.000000
vt  0.545309 0.650212 0.000000
vt  0.545309 0.599560 0.000000
vt  0.072547 0.599560 0.000000
vt  0.018620 0.599560 0.000000
vt  0.018620 0.650212 0.000000
vt  0.072547 0.650212 0.000000
vt  0.468845 0.599560 0.000000
vt  0.312324 0.580082 0.000000
vt  0.312324 0.599560 0.000000
vt  0.468845 0.650212 0.000000
vt  0.312324 0.650212 0.000000
vt  0.222730 0.599560 0.000000
vt  0.166013 0.650212 0.000000
vt  0.018620 0.701558 0.000000
vt  0.072547 0.701558 0.000000
vt  0.166013 0.701558 0.000000
vt  0.072681 0.578373 0.000000
vt  0.222730 0.580082 0.000000
vt  0.493983 0.579977 0.000000
vt  0.072681 0.565554 0.000000
vt  0.192389 0.578373 0.000000
vt  0.192389 0.565554 0.000000
vt  0.437751 0.818926 0.000000
vt  0.284083 0.841060 0.000000
vt  0.268863 0.841060 0.000000
vt  0.268863 0.818926 0.000000
vt  0.284083 0.818926 0.000000
vt  0.442323 0.818926 0.000000
vt  0.442323 0.841060 0.000000
vt  0.437751 0.841060 0.000000
vt  0.354706 0.818926 0.000000
vt  0.301213 0.818926 0.000000
vt  0.301212 0.841060 0.000000
vt  0.354706 0.841060 0.000000
vt  0.493983 0.599560 0.000000
vt  0.493983 0.650212 0.000000
vt  0.545309 0.650212 0.000000
vt  0.545309 0.599560 0.000000
vt  0.072547 0.599560 0.000000
vt  0.018620 0.599560 0.000000
vt  0.018620 0.650212 0.000000
vt  0.072547 0.650212 0.000000
vt  0.468845 0.599560 0.000000
vt  0.312324 0.580082 0.000000
vt  0.312324 0.599560 0.000000
vt  0.468845 0.650212 0.000000
vt  0.312324 0.650212 0.000000
vt  0.222730 0.599560 0.000000
vt  0.166013 0.650212 0.000000
vt  0.018620 0.701558 0.000000
vt  0.072547 0.701558 0.000000
vt  0.166013 0.701558 0.000000
vt  0.072681 0.578373 0.000000
vt  0.222730 0.580082 0.000000
vt  0.493983 0.579977 0.000000
vt  0.072681 0.565554 0.000000
vt  0.192389 0.578373 0.000000
vt  0.192389 0.565554 0.000000
vt  0.437751 0.818926 0.000000
vt  0.102612 0.810212 0.000000
vt  0.092967 0.795272 0.000000
vt  0.078503 0.800182 0.000000
vt  0.071624 0.805220 0.000000
vt  0.071624 0.810212 0.000000
vt  0.071624 0.815204 0.000000
vt  0.078503 0.820242 0.000000
vt  0.092967 0.825152 0.000000
vt  0.078503 0.820242 0.000000
vt  0.071624 0.815204 0.000000
vt  0.071624 0.810212 0.000000
vt  0.071624 0.805220 0.000000
vt  0.078503 0.800182 0.000000
vt  0.065774 0.784335 0.000000
vt  0.057423 0.792840 0.000000
vt  0.053451 0.801566 0.000000
vt  0.053451 0.810212 0.000000
vt  0.053451 0.818859 0.000000
vt  0.057423 0.827585 0.000000
vt  0.065774 0.836090 0.000000
vt  0.057423 0.827585 0.000000
vt  0.053451 0.818859 0.000000
vt  0.053451 0.810212 0.000000
vt  0.053451 0.801566 0.000000
vt  0.057423 0.792840 0.000000
vt  0.028628 0.780332 0.000000
vt  0.028628 0.790153 0.000000
vt  0.028628 0.800228 0.000000
vt  0.028628 0.810212 0.000000
vt  0.028628 0.820197 0.000000
vt  0.028628 0.830272 0.000000
vt  0.028628 0.840093 0.000000
vt  0.028628 0.830272 0.000000
vt  0.028628 0.820197 0.000000
vt  0.028628 0.810212 0.000000
vt  0.028628 0.800228 0.000000
vt  0.028628 0.790153 0.000000
vt  0.102612 0.810212 0.000000
vt  0.092967 0.795272 0.000000
vt  0.078503 0.800182 0.000000
vt  0.071624 0.805220 0.000000
vt  0.071624 0.810212 0.000000
vt  0.071624 0.815204 0.000000
vt  0.078503 0.820242 0.000000
vt  0.092967 0.825152 0.000000
vt  0.078503 0.820242 0.000000
vt  0.071624 0.815204 0.000000
vt  0.071624 0.810212 0.000000
vt  0.071624 0.805220 0.000000
vt  0.078503 0.800182 0.000000
vt  0.065774 0.784335 0.000000
vt  0.057423 0.792840 0.000000
vt  0.053451 0.801566 0.000000
vt  0.053451 0.810212 0.000000
vt  0.053451 0.818859 0.000000
vt  0.057423 0.827585 0.000000
vt  0.065774 0.836090 0.000000
vt  0.057423 0.827585 0.000000
vt  0.053451 0.818859 0.000000
vt  0.053451 0.810212 0.000000
vt  0.053451 0.801566 0.000000
vt  0.057423 0.792840 0.000000
vt  0.028628 0.780332 0.000000
vt  0.028628 0.790153 0.000000
vt  0.028628 0.800228 0.000000
vt  0.028628 0.810212 0.000000
vt  0.028628 0.820197 0.000000
vt  0.028628 0.830272 0.000000
vt  0.028628 0.840093 0.000000
vt  0.028628 0.830272 0.000000
vt  0.028628 0.820197 0.000000
vt  0.028628 0.810212 0.000000
vt  0.028628 0.800228 0.000000
vt  0.028628 0.790153 0.000000
vt  0.125451 0.371574 0.000000
vt  0.036975 0.393729 0.000000
vt  0.125451 0.371574 0.000000
vt  0.128235 0.417321 0.000000
vt  0.128235 0.417321 0.000000
vt  0.125451 0.371574 0.000000
vt  0.036975 0.393729 0.000000
vt  0.125451 0.371574 0.000000
vt  0.128235 0.417321 0.000000
vt  0.128235 0.417321 0.000000
vt  0.125451 0.371574 0.000000
vt  0.036975 0.393729 0.000000
vt  0.125451 0.371574 0.000000
vt  0.128235 0.417321 0.000000
vt  0.128235 0.417321 0.000000
vt  0.125451 0.371574 0.000000
vt  0.036975 0.393729 0.000000
vt  0.125451 0.371574 0.000000
vt  0.128235 0.417321 0.000000
vt  0.128235 0.417321 0.000000
vt  0.125451 0.371574 0.000000
vt  0.036975 0.393729 0.000000
vt  0.125451 0.371574 0.000000
vt  0.128235 0.417321 0.000000
vt  0.128235 0.417321 0.000000
vt  0.125451 0.371574 0.000000
vt  0.036975 0.393729 0.000000
vt  0.125451 0.371574 0.000000
vt  0.128235 0.417321 0.000000
vt  0.128235 0.417321 0.000000
vt  0.125451 0.371574 0.000000
vt  0.036975 0.393729 0.000000
vt  0.125451 0.371574 0.000000
vt  0.128235 0.417321 0.000000
vt  0.128235 0.417321 0.000000
vt  0.125451 0.371574 0.000000
vt  0.036975 0.393729 0.000000
vt  0.125451 0.371574 0.000000
vt  0.128235 0.417321 0.000000
vt  0.128235 0.417321 0.000000
vt  0.125451 0.371574 0.000000
vt  0.036975 0.393729 0.000000
vt  0.125451 0.371574 0.000000
vt  0.128235 0.417321 0.000000
vt  0.128235 0.417321 0.000000
vt  0.125451 0.371574 0.000000
vt  0.036975 0.393729 0.000000
vt  0.125451 0.371574 0.000000
vt  0.128235 0.417321 0.000000
vt  0.128235 0.417321 0.000000
vt  0.125451 0.371574 0.000000
vt  0.036975 0.393729 0.000000
vt  0.125451 0.371574 0.000000
vt  0.128235 0.417321 0.000000
vt  0.128235 0.417321 0.000000
vt  0.125451 0.371574 0.000000
vt  0.036975 0.393729 0.000000
vt  0.125451 0.371574 0.000000
vt  0.128235 0.417321 0.000000
vt  0.128235 0.417321 0.000000
vt  0.125451 0.371574 0.000000
vt  0.036975 0.393729 0.000000
vt  0.125451 0.371574 0.000000
vt  0.128235 0.417321 0.000000
vt  0.128235 0.417321 0.000000
vt  0.125451 0.371574 0.000000
vt  0.036975 0.393729 0.000000
vt  0.125451 0.371574 0.000000
vt  0.128235 0.417321 0.000000
vt  0.128235 0.417321 0.000000
vt  0.125451 0.371574 0.000000
vt  0.036975 0.393729 0.000000
vt  0.125451 0.371574 0.000000
vt  0.128235 0.417321 0.000000
vt  0.128235 0.417321 0.000000
vt  0.125451 0.371574 0.000000
vt  0.036975 0.393729 0.000000
vt  0.125451 0.371574 0.000000
vt  0.128235 0.417321 0.000000
vt  0.128235 0.417321 0.000000
vt  0.125451 0.371574 0.000000
vt  0.036975 0.393729 0.000000
vt  0.125451 0.371574 0.000000
vt  0.128235 0.417321 0.000000
vt  0.128235 0.417321 0.000000
vt  0.125451 0.371574 0.000000
vt  0.036975 0.393729 0.000000
vt  0.125451 0.371574 0.000000
vt  0.128235 0.417321 0.000000
vt  0.128235 0.417321 0.000000
vt  0.125451 0.371574 0.000000
vt  0.036975 0.393729 0.000000
vt  0.125451 0.371574 0.000000
vt  0.128235 0.417321 0.000000
vt  0.128235 0.417321 0.000000
vt  0.125451 0.371574 0.000000
vt  0.036975 0.393729 0.000000
vt  0.125451 0.371574 0.000000
vt  0.128235 0.417321 0.000000
vt  0.128235 0.417321 0.000000
vt  0.125451 0.371574 0.000000
vt  0.036975 0.393729 0.000000
vt  0.125451 0.371574 0.000000
vt  0.128235 0.417321 0.000000
vt  0.128235 0.417321 0.000000
vt  0.125451 0.371574 0.000000
vt  0.036975 0.393729 0.000000
vt  0.125451 0.371574 0.000000
vt  0.128235 0.417321 0.000000
vt  0.128235 0.417321 0.000000
vt  0.533881 0.772451 0.000000
vt  0.532618 0.756994 0.000000
vt  0.528235 0.767183 0.000000
vt  0.442244 0.774019 0.000000
vt  0.448195 0.780655 0.000000
vt  0.533881 0.772451 0.000000
vt  0.532618 0.756994 0.000000
vt  0.528235 0.767183 0.000000
vt  0.442244 0.774019 0.000000
vt  0.448195 0.780655 0.000000
vt  0.890127 0.611910 0.000000
vt  0.890127 0.637681 0.000000
vt  0.890127 0.664937 0.000000
vt  0.637874 0.637681 0.000000
vt  0.818680 0.611910 0.000000
vt  0.818680 0.637681 0.000000
vt  0.818680 0.664937 0.000000
vt  0.728184 0.615135 0.000000
vt  0.728184 0.637742 0.000000
vt  0.728184 0.661650 0.000000
vt  0.640108 0.621656 0.000000
vt  0.640108 0.637865 0.000000
vt  0.640108 0.655007 0.000000
vt  0.890127 0.611910 0.000000
vt  0.890127 0.637681 0.000000
vt  0.890127 0.664937 0.000000
vt  0.637874 0.637681 0.000000
vt  0.818680 0.611910 0.000000
vt  0.818680 0.637681 0.000000
vt  0.818680 0.664937 0.000000
vt  0.728184 0.615135 0.000000
vt  0.728184 0.637742 0.000000
vt  0.728184 0.661650 0.000000
vt  0.640108 0.621656 0.000000
vt  0.640108 0.637865 0.000000
vt  0.640108 0.655007 0.000000
vt  0.677791 0.799613 0.000000
vt  0.738448 0.791718 0.000000
vt  0.718513 0.779879 0.000000
vt  0.698059 0.774248 0.000000
vt  0.677791 0.774248 0.000000
vt  0.657524 0.774248 0.000000
vt  0.637070 0.779879 0.000000
vt  0.617135 0.791718 0.000000
vt  0.637070 0.779879 0.000000
vt  0.657524 0.774248 0.000000
vt  0.677791 0.774248 0.000000
vt  0.698059 0.774248 0.000000
vt  0.718513 0.779879 0.000000
vt  0.782852 0.769459 0.000000
vt  0.748323 0.762624 0.000000
vt  0.712896 0.759373 0.000000
vt  0.677791 0.759373 0.000000
vt  0.642687 0.759373 0.000000
vt  0.607260 0.762624 0.000000
vt  0.572730 0.769459 0.000000
vt  0.607260 0.762624 0.000000
vt  0.642687 0.759373 0.000000
vt  0.677791 0.759373 0.000000
vt  0.712896 0.759373 0.000000
vt  0.748323 0.762624 0.000000
vt  0.799106 0.739053 0.000000
vt  0.759234 0.739053 0.000000
vt  0.718327 0.739053 0.000000
vt  0.677791 0.739053 0.000000
vt  0.637256 0.739053 0.000000
vt  0.596349 0.739053 0.000000
vt  0.556478 0.739053 0.000000
vt  0.596349 0.739053 0.000000
vt  0.637256 0.739053 0.000000
vt  0.677791 0.739053 0.000000
vt  0.718327 0.739053 0.000000
vt  0.759234 0.739053 0.000000
vt  0.782852 0.708647 0.000000
vt  0.748323 0.715482 0.000000
vt  0.712896 0.718734 0.000000
vt  0.677791 0.718734 0.000000
vt  0.642687 0.718734 0.000000
vt  0.607260 0.715482 0.000000
vt  0.572730 0.708647 0.000000
vt  0.607260 0.715482 0.000000
vt  0.642687 0.718734 0.000000
vt  0.677791 0.718734 0.000000
vt  0.712896 0.718734 0.000000
vt  0.748323 0.715482 0.000000
vt  0.738448 0.686388 0.000000
vt  0.718513 0.698228 0.000000
vt  0.698059 0.703859 0.000000
vt  0.677791 0.703859 0.000000
vt  0.657524 0.703859 0.000000
vt  0.637070 0.698228 0.000000
vt  0.617135 0.686388 0.000000
vt  0.637070 0.698228 0.000000
vt  0.657524 0.703859 0.000000
vt  0.677791 0.703859 0.000000
vt  0.698059 0.703859 0.000000
vt  0.718513 0.698228 0.000000
vt  0.677791 0.678493 0.000000
vt  0.218078 0.445036 0.000000
vt  0.128932 0.445036 0.000000
vt  0.128932 0.432011 0.000000
vt  0.218078 0.432011 0.000000
vt  0.595159 0.486497 0.000000
vt  0.410687 0.498107 0.000000
vt  0.410687 0.565992 0.000000
vt  0.595159 0.560375 0.000000
vt  0.044269 0.445036 0.000000
vt  0.044269 0.432011 0.000000
vt  0.410687 0.498107 0.000000
vt  0.595159 0.486497 0.000000
vt  0.595159 0.560375 0.000000
vt  0.410687 0.565992 0.000000
vt  0.218078 0.445036 0.000000
vt  0.128932 0.445036 0.000000
vt  0.128932 0.432011 0.000000
vt  0.218078 0.432011 0.000000
vt  0.595159 0.486497 0.000000
vt  0.410687 0.498107 0.000000
vt  0.410687 0.565992 0.000000
vt  0.595159 0.560375 0.000000
vt  0.044269 0.445036 0.000000
vt  0.044269 0.432011 0.000000
vt  0.410687 0.498107 0.000000
vt  0.595159 0.486497 0.000000
vt  0.595159 0.560375 0.000000
vt  0.410687 0.565992 0.000000
vt  0.677791 0.799613 0.000000
vt  0.738448 0.791718 0.000000
vt  0.718513 0.779879 0.000000
vt  0.698059 0.774248 0.000000
vt  0.677791 0.774248 0.000000
vt  0.657524 0.774248 0.000000
vt  0.637070 0.779879 0.000000
vt  0.617135 0.791718 0.000000
vt  0.637070 0.779879 0.000000
vt  0.657524 0.774248 0.000000
vt  0.677791 0.774248 0.000000
vt  0.698059 0.774248 0.000000
vt  0.718513 0.779879 0.000000
vt  0.782852 0.769459 0.000000
vt  0.748323 0.762624 0.000000
vt  0.712896 0.759373 0.000000
vt  0.677791 0.759373 0.000000
vt  0.642687 0.759373 0.000000
vt  0.607260 0.762624 0.000000
vt  0.572730 0.769459 0.000000
vt  0.607260 0.762624 0.000000
vt  0.642687 0.759373 0.000000
vt  0.677791 0.759373 0.000000
vt  0.712896 0.759373 0.000000
vt  0.748323 0.762624 0.000000
vt  0.799106 0.739053 0.000000
vt  0.759234 0.739053 0.000000
vt  0.718327 0.739053 0.000000
vt  0.677791 0.739053 0.000000
vt  0.637256 0.739053 0.000000
vt  0.596349 0.739053 0.000000
vt  0.556478 0.739053 0.000000
vt  0.596349 0.739053 0.000000
vt  0.637256 0.739053 0.000000
vt  0.677791 0.739053 0.000000
vt  0.718327 0.739053 0.000000
vt  0.759234 0.739053 0.000000
vt  0.782852 0.708647 0.000000
vt  0.748323 0.715482 0.000000
vt  0.712896 0.718734 0.000000
vt  0.677791 0.718734 0.000000
vt  0.642687 0.718734 0.000000
vt  0.607260 0.715482 0.000000
vt  0.572730 0.708647 0.000000
vt  0.607260 0.715482 0.000000
vt  0.642687 0.718734 0.000000
vt  0.677791 0.718734 0.000000
vt  0.712896 0.718734 0.000000
vt  0.748323 0.715482 0.000000
vt  0.738448 0.686388 0.000000
vt  0.718513 0.698228 0.000000
vt  0.698059 0.703859 0.000000
vt  0.677791 0.703859 0.000000
vt  0.657524 0.703859 0.000000
vt  0.637070 0.698228 0.000000
vt  0.617135 0.686388 0.000000
vt  0.637070 0.698228 0.000000
vt  0.657524 0.703859 0.000000
vt  0.677791 0.703859 0.000000
vt  0.698059 0.703859 0.000000
vt  0.718513 0.698228 0.000000
vt  0.677791 0.678493 0.000000
vt  0.191891 0.839422 0.000000
vt  0.269825 0.807360 0.000000
vt  0.202740 0.713725 0.000000
vt  0.205340 0.747233 0.000000
vt  0.246912 0.798303 0.000000
vt  0.166558 0.824916 0.000000
vt  0.340454 0.782365 0.000000
vt  0.350681 0.790811 0.000000
vt  0.336059 0.722153 0.000000
vt  0.333823 0.748741 0.000000
vt  0.532618 0.756994 0.000000
vt  0.116552 0.754326 0.000000
vt  0.116552 0.712829 0.000000
vt  0.333891 0.766768 0.000000
vt  0.440672 0.736254 0.000000
vt  0.436234 0.755913 0.000000
vt  0.436555 0.764793 0.000000
vt  0.020717 0.723838 0.000000
vt  0.031917 0.767918 0.000000
vt  0.116552 0.822872 0.000000
vt  0.116552 0.788452 0.000000
vt  0.116552 0.837736 0.000000
vt  0.533881 0.772451 0.000000
vt  0.528235 0.767183 0.000000
vt  0.442244 0.774019 0.000000
vt  0.448195 0.780655 0.000000
vt  0.217451 0.775958 0.000000
vt  0.191891 0.839422 0.000000
vt  0.269825 0.807360 0.000000
vt  0.202740 0.713725 0.000000
vt  0.205340 0.747233 0.000000
vt  0.246912 0.798303 0.000000
vt  0.166558 0.824916 0.000000
vt  0.340454 0.782365 0.000000
vt  0.350681 0.790811 0.000000
vt  0.336059 0.722153 0.000000
vt  0.333823 0.748741 0.000000
vt  0.532618 0.756994 0.000000
vt  0.116552 0.754326 0.000000
vt  0.116552 0.712829 0.000000
vt  0.333891 0.766768 0.000000
vt  0.440672 0.736254 0.000000
vt  0.436234 0.755913 0.000000
vt  0.436555 0.764793 0.000000
vt  0.020717 0.723838 0.000000
vt  0.031917 0.767918 0.000000
vt  0.116552 0.822872 0.000000
vt  0.116552 0.788452 0.000000
vt  0.116552 0.837736 0.000000
vt  0.533881 0.772451 0.000000
vt  0.528235 0.767183 0.000000
vt  0.442244 0.774019 0.000000
vt  0.448195 0.780655 0.000000
vt  0.217451 0.775958 0.000000
vt  0.817346 0.691398 0.000000
vt  0.817345 0.691398 0.000000
vt  0.823922 0.793794 0.000000
vt  0.823922 0.793794 0.000000
vt  0.979464 0.691398 0.000000
vt  0.979464 0.691398 0.000000
vt  0.972887 0.793794 0.000000
vt  0.972887 0.793794 0.000000
vt  0.591991 0.578677 0.000000
vt  0.573762 0.578677 0.000000
vt  0.591991 0.610028 0.000000
vt  0.573762 0.610028 0.000000
vt  0.591991 0.578677 0.000000
vt  0.573762 0.578677 0.000000
vt  0.591991 0.610028 0.000000
vt  0.573762 0.610028 0.000000
vt  0.591991 0.639803 0.000000
vt  0.573762 0.639803 0.000000
vt  0.817346 0.691398 0.000000
vt  0.817345 0.691398 0.000000
vt  0.823922 0.793794 0.000000
vt  0.823922 0.793794 0.000000
vt  0.979464 0.691398 0.000000
vt  0.979464 0.691398 0.000000
vt  0.972887 0.793794 0.000000
vt  0.972887 0.793794 0.000000
vt  0.591991 0.578677 0.000000
vt  0.573762 0.578677 0.000000
vt  0.591991 0.610028 0.000000
vt  0.573762 0.610028 0.000000
vt  0.591991 0.578677 0.000000
vt  0.573762 0.578677 0.000000
vt  0.591991 0.610028 0.000000
vt  0.573762 0.610028 0.000000
vt  0.591991 0.639803 0.000000
vt  0.573762 0.639803 0.000000
vt  0.817346 0.691398 0.000000
vt  0.817345 0.691398 0.000000
vt  0.823922 0.793794 0.000000
vt  0.823922 0.793794 0.000000
vt  0.979464 0.691398 0.000000
vt  0.979464 0.691398 0.000000
vt  0.972887 0.793794 0.000000
vt  0.972887 0.793794 0.000000
vt  0.591991 0.578677 0.000000
vt  0.573762 0.578677 0.000000
vt  0.591991 0.610028 0.000000
vt  0.573762 0.610028 0.000000
vt  0.591991 0.578677 0.000000
vt  0.573762 0.578677 0.000000
vt  0.591991 0.610028 0.000000
vt  0.573762 0.610028 0.000000
vt  0.591991 0.639803 0.000000
vt  0.573762 0.639803 0.000000
vt  0.817346 0.691398 0.000000
vt  0.817345 0.691398 0.000000
vt  0.823922 0.793794 0.000000
vt  0.823922 0.793794 0.000000
vt  0.979464 0.691398 0.000000
vt  0.979464 0.691398 0.000000
vt  0.972887 0.793794 0.000000
vt  0.972887 0.793794 0.000000
vt  0.591991 0.578677 0.000000
vt  0.573762 0.578677 0.000000
vt  0.591991 0.610028 0.000000
vt  0.573762 0.610028 0.000000
vt  0.591991 0.578677 0.000000
vt  0.573762 0.578677 0.000000
vt  0.591991 0.610028 0.000000
vt  0.573762 0.610028 0.000000
vt  0.591991 0.639803 0.000000
vt  0.573762 0.639803 0.000000
vt  0.348076 0.445696 0.000000
vt  0.348076 0.432672 0.000000
vt  0.258930 0.432672 0.000000
vt  0.258930 0.445696 0.000000
vt  0.348076 0.445696 0.000000
vt  0.348076 0.432672 0.000000
vt  0.258930 0.432672 0.000000
vt  0.258930 0.445696 0.000000
vt  0.814945 0.370906 0.999500
vt  0.813110 0.371823 0.999500
vt  0.814945 0.416690 0.999500
vt  0.902845 0.370906 0.999501
vt  0.813110 0.415773 0.999500
vt  0.904679 0.415773 0.999500
vt  0.904679 0.371823 0.999501
vt  0.902845 0.416690 0.999500
vt  0.946507 0.342280 1.371497
vt  0.946507 0.025907 1.159397
vt  0.060599 0.342280 1.371497
vt  0.946507 0.342280 1.371497
vt  0.060599 0.025907 1.159396
vt  0.946507 0.025907 1.159396
vt  0.060599 0.342280 1.371497
vt  0.060599 0.025907 1.159396
vt  0.061169 0.342280 1.371497
vt  0.947077 0.025907 1.159395
vt  0.060599 0.342280 1.371497
vt  0.946507 0.025907 1.159396
vt  0.946507 0.342280 1.371497
vt  0.060599 0.025907 1.159397
vt  0.947077 0.342280 1.371497
vt  0.061169 0.025907 1.159396
vt  0.646001 0.433400 0.000500
vt  0.980683 0.433400 0.000500
vt  0.973977 0.597388 0.000500
vt  0.973977 0.430047 0.000500
vt  0.646001 0.594035 0.000499
vt  0.980683 0.594035 0.000500
vt  0.652707 0.430047 0.000500
vt  0.652707 0.597388 0.000500
vt  0.060599 0.342280 1.371497
vt  0.946507 0.342280 1.371497
vt  0.060599 0.025907 1.159396
vt  0.946507 0.025907 1.159396
vt  0.060599 0.342280 1.371497
vt  0.060599 0.025907 1.159396
vt  0.975416 0.342280 1.371497
vt  0.060599 0.342280 1.371497
vt  0.060599 0.025907 1.159397
vt  0.975416 0.025907 1.159396
vt  0.060599 0.357121 1.339583
vt  0.946507 0.010893 1.125428
vt  0.946507 0.357121 1.339583
vt  0.060599 0.010893 1.125429
vt  0.947077 0.357121 1.339583
vt  0.061169 0.010893 1.125427
vt  0.946507 0.357121 1.339583
vt  0.946507 0.010893 1.125428
vt  0.060599 0.357121 1.339583
vt  0.946507 0.357121 1.339583
vt  0.060599 0.010893 1.125427
vt  0.946507 0.010893 1.125428
vt  0.060599 0.357121 1.339583
vt  0.060599 0.010893 1.125428
vt  0.975416 0.357121 1.339583
vt  0.030851 0.010893 1.125427
vt  0.061169 0.342280 1.371497
vt  0.061169 0.357121 1.339583
vt  0.947077 0.010893 1.125427
vt  0.947077 0.025907 1.159395
vt  0.061169 0.025907 1.159396
vt  0.975416 0.025907 1.159396
vt  0.975416 0.010893 1.125427
vt  0.030851 0.025907 1.159395
vt  0.030851 0.025907 1.159395
vt  0.030851 0.342280 1.371497
vt  0.947077 0.342280 1.371497
vt  0.030851 0.342280 1.371497
vt  0.030851 0.357121 1.339583
vt  0.030851 0.025907 1.159396
vt  0.946507 0.025907 1.159396
vt  0.030851 0.025907 1.159396
vt  0.030851 0.342280 1.371497
vt  0.946507 0.342280 1.371497
vt  0.030851 0.342280 1.371497
vt  0.030851 0.010893 1.125428
vt  0.030851 0.357121 1.339583
vt  0.030851 0.342280 1.371497
vt  0.946507 0.342280 1.371497
vt  0.030851 0.342280 1.371497
vt  0.030851 0.025907 1.159397
vt  0.946507 0.025907 1.159397
vt  0.030851 0.025907 1.159397
vt  0.030851 0.357121 1.339583
vt  0.030851 0.010893 1.125428
# 881 texture vertices

vn  -0.516133 -3.413748 4.109127
vn  -0.747926 0.247850 1.598151
vn  -0.485437 -0.085331 1.766345
vn  0.000001 -0.043629 -0.999048
vn  -0.004838 0.869191 2.156041
vn  -1.128670 1.361301 0.840170
vn  -0.421500 -1.214022 0.911760
vn  -0.001284 -0.434365 -1.776880
vn  0.049549 -1.179458 -2.274342
vn  0.000000 -1.439866 0.709985
vn  -0.000001 0.056545 0.998400
vn  -0.000000 -0.070917 0.997482
vn  -0.172565 -0.984998 0.000549
vn  -1.624120 -2.737450 -0.007643
vn  0.000000 -0.999960 -0.008931
vn  -0.000000 1.003704 -0.320882
vn  -1.157287 -0.662095 -0.752802
vn  -1.843056 0.268242 -0.983570
vn  -0.869512 -0.493809 0.010028
vn  0.000001 -0.881890 -0.471455
vn  -0.899513 -2.098397 -3.254616
vn  -0.697926 -0.530854 -0.480722
vn  -1.785764 0.223945 -1.467073
vn  -0.028618 0.554053 -0.831989
vn  -1.698379 0.675106 -1.362440
vn  0.082592 0.306848 -0.948168
vn  0.000000 0.168092 -0.985771
vn  -0.000000 0.871679 0.490077
vn  -2.230387 -0.184979 -0.976076
vn  -0.451359 -0.851720 -0.266172
vn  -0.785489 -0.169170 -0.595306
vn  1.683794 -1.863177 -0.118079
vn  -2.026814 -1.333030 0.176798
vn  0.496507 0.110296 -0.860997
vn  -0.852601 -2.403657 -0.654213
vn  -1.268734 -1.130250 -4.013912
vn  -0.922166 -2.300597 -2.917821
vn  -2.640274 -1.262964 -0.777620
vn  -0.000000 0.004607 0.999989
vn  0.516131 -3.413750 4.109129
vn  0.747925 0.247850 1.598151
vn  0.485435 -0.085332 1.766345
vn  0.000190 0.961639 0.982807
vn  1.464680 1.306014 1.106867
vn  0.000000 -0.115262 -0.993335
vn  0.421498 -1.214023 0.911760
vn  0.018425 -0.764008 -1.900143
vn  -0.000446 1.496553 -0.477420
vn  0.172566 -0.984998 0.000550
vn  2.705687 -2.575079 -0.064613
vn  0.000000 -0.970332 -0.241777
vn  0.000121 0.407665 -0.130050
vn  1.157289 -0.662096 -0.752802
vn  1.865295 0.251252 -0.989732
vn  -0.000000 0.608188 -0.793793
vn  0.869512 -0.493809 0.010028
vn  0.430353 -1.864211 -3.268407
vn  0.697926 -0.530853 -0.480723
vn  0.000000 -0.413188 -0.910646
vn  1.785764 0.223945 -1.467073
vn  0.028618 0.554053 -0.831989
vn  1.698379 0.675108 -1.362438
vn  -0.082592 0.306849 -0.948168
vn  2.064502 0.107258 -0.357748
vn  0.451360 -0.851720 -0.266173
vn  0.785489 -0.169169 -0.595306
vn  -1.683795 -1.863173 -0.118079
vn  2.026815 -1.333033 0.176800
vn  -0.496506 0.110296 -0.860997
vn  1.619619 -2.300781 -0.556568
vn  1.268736 -1.130249 -4.013912
vn  0.385038 -2.050038 -2.523436
vn  2.640270 -1.262962 -0.777619
vn  -1.518337 -1.009690 1.203300
vn  1.811667 -1.009685 1.203302
vn  -1.329923 1.009689 -1.203299
vn  1.329923 1.009690 -1.203299
vn  1.515212 -1.344360 0.506798
vn  1.546976 1.398779 -0.802455
vn  0.866202 -1.467635 0.605104
vn  -1.779571 -1.551304 0.582762
vn  1.429181 0.653181 -0.352336
vn  -0.771899 1.418962 -0.765411
vn  0.257192 -1.009686 1.203302
vn  1.811669 0.179956 -0.214463
vn  -0.293332 1.009689 -1.203298
vn  -1.329925 -1.009688 1.203299
vn  -0.819614 -1.338521 0.600418
vn  -1.545561 1.455516 -0.785129
vn  0.972438 -1.419017 -0.117646
vn  -0.571039 -1.426232 -0.064397
vn  1.232101 0.828275 -0.490918
vn  -1.232099 1.337789 -0.680627
vn  0.000001 -0.675771 -1.883113
vn  -1.940288 -0.000442 -1.715777
vn  -1.724244 0.000960 -2.230104
vn  -0.169520 1.394876 -2.281094
vn  0.000002 -1.425880 -2.229786
vn  0.000000 -0.000000 -1.000000
vn  0.000001 -1.053219 -2.057556
vn  1.940289 -0.000442 -1.465427
vn  1.724245 0.000962 -2.230103
vn  -1.095646 1.095220 -1.073932
vn  -1.084665 -1.123240 -0.933639
vn  -0.933934 -0.000123 -0.357446
vn  0.000000 -0.907743 -0.419526
vn  -0.000000 0.852473 -0.522771
vn  1.095646 1.095220 -1.073931
vn  1.084666 -1.123239 -0.933638
vn  0.933934 -0.000123 -0.357445
vn  -0.001341 -0.978074 1.452808
vn  -1.187234 -0.548698 -0.392886
vn  -0.000001 2.441041 -1.016208
vn  -0.000002 2.731270 -1.006850
vn  -1.225064 0.149001 1.416228
vn  -2.309733 -1.765263 -0.155719
vn  -0.570197 0.491784 -0.658046
vn  -0.592814 -0.631526 -0.499746
vn  -2.041157 2.219667 1.478945
vn  -3.185742 -0.606545 -1.599001
vn  -2.118328 1.293375 1.751267
vn  0.056715 0.798345 1.697660
vn  0.000002 -3.243651 0.241269
vn  0.000000 -1.293812 1.007169
vn  -0.000000 -0.504128 2.487750
vn  -0.000003 2.731266 -1.006781
vn  0.000000 1.995107 -1.030709
vn  -0.000000 -0.166664 0.986014
vn  0.000000 -0.790677 -0.612234
vn  0.000000 0.601785 -0.798658
vn  0.000000 -0.779108 -0.626890
vn  -0.000000 0.835034 0.550199
vn  -0.000000 0.313551 0.949571
vn  0.000000 -0.303406 -0.952861
vn  -0.303145 -0.142374 2.761589
vn  -0.000000 -0.055418 0.998463
vn  0.000000 -0.561388 -0.827553
vn  -0.184092 -0.687183 2.135710
vn  1.180545 0.001403 -0.226142
vn  0.000002 1.443284 -1.048577
vn  0.000001 2.731270 -1.006849
vn  0.574293 0.239864 1.406949
vn  2.309733 -1.765262 -0.155719
vn  0.570197 0.491784 -0.658045
vn  0.592815 -0.631525 -0.499746
vn  2.041155 2.219667 1.478947
vn  3.185744 -0.606545 -1.599000
vn  2.118328 1.293376 1.751268
vn  1.215450 0.937859 1.539229
vn  0.000000 -3.243651 0.241273
vn  1.851286 -0.173786 2.755865
vn  0.000000 -0.087155 -0.996195
vn  0.000000 0.455019 -0.890482
vn  0.265450 0.384163 -0.884282
vn  0.459772 0.190580 -0.867346
vn  0.530898 -0.073859 -0.844211
vn  0.459773 -0.338297 -0.821075
vn  0.265450 -0.531881 -0.804139
vn  0.000001 -0.602740 -0.797938
vn  -0.265450 -0.531880 -0.804139
vn  -0.459772 -0.338297 -0.821075
vn  -0.530898 -0.073858 -0.844211
vn  -0.459772 0.190579 -0.867346
vn  -0.265448 0.384162 -0.884283
vn  0.000000 0.830611 -0.556853
vn  0.437992 0.713698 -0.546624
vn  0.758624 0.394286 -0.518680
vn  0.875984 -0.042037 -0.480505
vn  0.758622 -0.478365 -0.442334
vn  0.437992 -0.797776 -0.414387
vn  0.000001 -0.914690 -0.404157
vn  -0.437992 -0.797776 -0.414387
vn  -0.758623 -0.478364 -0.442333
vn  -0.875984 -0.042040 -0.480505
vn  -0.758622 0.394286 -0.518682
vn  -0.437992 0.713698 -0.546624
vn  -0.000000 0.939694 -0.342017
vn  0.482961 0.810778 -0.330739
vn  0.836517 0.458565 -0.299929
vn  0.965926 -0.022554 -0.257833
vn  0.836514 -0.503684 -0.215744
vn  0.482960 -0.855892 -0.184929
vn  0.000001 -0.984808 -0.173647
vn  -0.482961 -0.855892 -0.184927
vn  -0.836516 -0.503681 -0.215745
vn  -0.965926 -0.022559 -0.257833
vn  -0.836514 0.458569 -0.299930
vn  -0.482961 0.810777 -0.330741
vn  0.000001 -0.087156 -0.996195
vn  -0.000000 0.455019 -0.890482
vn  -0.265450 0.384163 -0.884282
vn  -0.459772 0.190581 -0.867345
vn  -0.530898 -0.073859 -0.844211
vn  -0.459774 -0.338297 -0.821074
vn  -0.265450 -0.531881 -0.804139
vn  0.000001 -0.602739 -0.797938
vn  0.265453 -0.531879 -0.804139
vn  0.459773 -0.338300 -0.821074
vn  0.530899 -0.073860 -0.844211
vn  0.459772 0.190579 -0.867346
vn  0.265448 0.384162 -0.884283
vn  -0.000001 0.830611 -0.556853
vn  -0.437993 0.713698 -0.546624
vn  -0.758624 0.394286 -0.518679
vn  -0.875984 -0.042037 -0.480506
vn  -0.758622 -0.478366 -0.442333
vn  -0.437993 -0.797776 -0.414387
vn  -0.000001 -0.914690 -0.404157
vn  0.437993 -0.797775 -0.414388
vn  0.758624 -0.478363 -0.442333
vn  0.875985 -0.042041 -0.480504
vn  0.758623 0.394286 -0.518681
vn  0.437992 0.713698 -0.546623
vn  -0.000000 0.939694 -0.342017
vn  -0.482962 0.810777 -0.330739
vn  -0.836517 0.458564 -0.299930
vn  -0.965926 -0.022555 -0.257833
vn  -0.836514 -0.503685 -0.215745
vn  -0.482960 -0.855892 -0.184930
vn  -0.000001 -0.984808 -0.173647
vn  0.482962 -0.855891 -0.184927
vn  0.836517 -0.503680 -0.215745
vn  0.965926 -0.022560 -0.257832
vn  0.836515 0.458568 -0.299930
vn  0.482962 0.810777 -0.330740
vn  -1.443982 -1.082197 -0.447898
vn  -0.032038 -0.153403 -0.381755
vn  0.730979 -1.662752 -0.397106
vn  -0.774909 1.075451 -1.259887
vn  1.261669 0.531827 -1.212325
vn  -1.125846 -1.419234 -0.418406
vn  -0.000001 -0.157607 -0.381385
vn  1.125847 -1.419233 -0.418406
vn  -1.054210 0.835555 -1.238903
vn  1.054204 0.835554 -1.238900
vn  -1.125850 -1.419238 -0.418401
vn  0.000000 -0.157607 -0.381383
vn  1.125850 -1.419232 -0.418400
vn  -1.054207 0.835555 -1.238900
vn  1.054208 0.835555 -1.238901
vn  -1.125844 -1.419234 -0.418410
vn  0.000000 -0.157606 -0.381386
vn  1.125844 -1.419232 -0.418410
vn  -1.054206 0.835555 -1.238901
vn  1.054206 0.835556 -1.238901
vn  -1.125842 -1.419235 -0.418408
vn  0.000000 -0.157606 -0.381387
vn  1.125842 -1.419233 -0.418408
vn  -1.054207 0.835552 -1.238902
vn  1.054207 0.835553 -1.238902
vn  1.443983 -1.082198 -0.447898
vn  0.032038 -0.153402 -0.381755
vn  -0.730978 -1.662751 -0.397106
vn  0.774909 1.075450 -1.259885
vn  -1.261670 0.531827 -1.212327
vn  1.125847 -1.419234 -0.418404
vn  0.000000 -0.157607 -0.381384
vn  -1.125847 -1.419234 -0.418404
vn  1.054206 0.835554 -1.238901
vn  -1.054206 0.835554 -1.238902
vn  1.125854 -1.419235 -0.418400
vn  0.000001 -0.157608 -0.381383
vn  -1.125845 -1.419235 -0.418400
vn  1.054208 0.835554 -1.238901
vn  -1.054207 0.835553 -1.238902
vn  1.125843 -1.419233 -0.418409
vn  0.000000 -0.157606 -0.381387
vn  -1.125842 -1.419233 -0.418410
vn  1.054207 0.835554 -1.238901
vn  -1.054207 0.835554 -1.238902
vn  1.125842 -1.419234 -0.418408
vn  0.000000 -0.157606 -0.381387
vn  -1.125842 -1.419234 -0.418408
vn  1.054207 0.835553 -1.238902
vn  -1.054207 0.835552 -1.238903
vn  1.125847 -1.190546 0.878583
vn  -0.000001 -0.017662 0.412289
vn  -1.125848 -1.190534 0.878575
vn  1.054203 1.208894 0.878410
vn  -1.054208 1.208894 0.878410
vn  1.125846 -1.377375 0.540506
vn  -0.000001 -0.123768 0.393670
vn  -1.125847 -1.377363 0.540501
vn  1.054204 0.940349 1.161366
vn  -1.054209 0.940348 1.161366
vn  1.125842 -1.190539 0.878583
vn  -0.000001 -0.017659 0.412291
vn  -1.125842 -1.190539 0.878582
vn  1.054203 1.208891 0.878411
vn  -1.054211 1.208894 0.878412
vn  1.125846 -1.190540 0.878580
vn  -0.000000 -0.017662 0.412290
vn  -1.125846 -1.190541 0.878579
vn  1.054204 1.208893 0.878413
vn  -1.054204 1.208892 0.878413
vn  1.125844 -1.190540 0.878580
vn  -0.000000 -0.017661 0.412289
vn  -1.125844 -1.190541 0.878580
vn  1.054206 1.208893 0.878412
vn  -1.054206 1.208892 0.878412
vn  1.125841 -1.190536 0.878586
vn  -0.000000 -0.017657 0.412291
vn  -1.125841 -1.190537 0.878586
vn  1.054210 1.208896 0.878406
vn  -1.054210 1.208896 0.878406
vn  -1.125847 -1.190544 0.878581
vn  -0.000000 -0.017661 0.412290
vn  1.125845 -1.190536 0.878577
vn  -1.054205 1.208893 0.878411
vn  1.054207 1.208894 0.878412
vn  -1.125847 -1.377367 0.540507
vn  -0.000000 -0.123769 0.393671
vn  1.125847 -1.377367 0.540507
vn  -1.054205 0.940349 1.161366
vn  1.054204 0.940350 1.161366
vn  -1.125842 -1.190539 0.878582
vn  -0.000000 -0.017659 0.412291
vn  1.125842 -1.190538 0.878582
vn  -1.054208 1.208893 0.878410
vn  1.054208 1.208894 0.878411
vn  -1.125847 -1.190542 0.878578
vn  -0.000000 -0.017662 0.412290
vn  1.125847 -1.190541 0.878578
vn  -1.054204 1.208892 0.878413
vn  1.054203 1.208892 0.878413
vn  -1.125847 -1.190538 0.878584
vn  -0.000000 -0.017662 0.412291
vn  1.125847 -1.190536 0.878584
vn  -1.054201 1.208894 0.878411
vn  1.054200 1.208895 0.878412
vn  -1.125841 -1.190537 0.878586
vn  -0.000000 -0.017658 0.412291
vn  1.125840 -1.190536 0.878586
vn  -1.054209 1.208895 0.878407
vn  1.054209 1.208896 0.878407
vn  -0.000007 0.998128 0.061156
vn  -0.000000 0.476536 0.879155
vn  -0.000005 0.898018 0.439959
vn  -0.000007 0.998128 0.061156
vn  -0.000000 0.476536 0.879155
vn  0.000007 0.998128 0.061156
vn  -0.000001 0.476536 0.879155
vn  0.000004 0.898018 0.439959
vn  0.000007 0.998128 0.061156
vn  -0.000001 0.476536 0.879155
vn  -0.991697 0.023921 -0.126350
vn  0.000000 0.852938 -0.522012
vn  0.000007 0.420990 -0.907065
vn  -0.975614 -0.110178 -0.189839
vn  0.000001 -0.921200 -0.389091
vn  -0.951299 -0.084604 -0.296433
vn  0.000001 0.999451 0.033133
vn  -0.734017 0.269525 -0.623358
vn  0.000004 0.950122 -0.311880
vn  0.000001 -0.975335 0.220729
vn  0.991697 0.023921 -0.126349
vn  0.000001 -0.999969 -0.007873
vn  0.975614 -0.110177 -0.189838
vn  0.000001 0.924473 -0.381246
vn  0.951299 -0.084604 -0.296431
vn  0.000000 -0.412423 -0.910993
vn  0.734021 0.269517 -0.623357
vn  0.000000 -0.996195 0.087155
vn  0.000001 -0.890480 -0.455023
vn  0.265451 -0.884280 -0.384168
vn  0.459775 -0.867344 -0.190581
vn  0.530901 -0.844209 0.073861
vn  0.459776 -0.821073 0.338298
vn  0.265452 -0.804137 0.531883
vn  0.000001 -0.797937 0.602741
vn  -0.265452 -0.804137 0.531883
vn  -0.459775 -0.821073 0.338299
vn  -0.530901 -0.844209 0.073859
vn  -0.459774 -0.867345 -0.190581
vn  -0.265449 -0.884281 -0.384166
vn  0.000002 -0.556853 -0.830611
vn  0.437993 -0.546622 -0.713700
vn  0.758624 -0.518678 -0.394287
vn  0.875984 -0.480504 0.042038
vn  0.758623 -0.442332 0.478365
vn  0.437993 -0.414385 0.797777
vn  -0.000002 -0.404158 0.914689
vn  -0.437992 -0.414385 0.797777
vn  -0.758624 -0.442332 0.478364
vn  -0.875985 -0.480503 0.042040
vn  -0.758623 -0.518680 -0.394287
vn  -0.437992 -0.546623 -0.713699
vn  0.000000 -0.087156 -0.996195
vn  0.500000 -0.075480 -0.862730
vn  0.866026 -0.043579 -0.498096
vn  1.000000 0.000000 -0.000000
vn  0.866025 0.043578 0.498098
vn  0.499999 0.075480 0.862730
vn  -0.000000 0.087156 0.996195
vn  -0.500000 0.075479 0.862730
vn  -0.866026 0.043578 0.498097
vn  -1.000000 -0.000000 0.000000
vn  -0.866025 -0.043578 -0.498097
vn  -0.499999 -0.075480 -0.862731
vn  -0.000001 0.404159 -0.914689
vn  0.437992 0.414387 -0.797776
vn  0.758622 0.442333 -0.478365
vn  0.875984 0.480506 -0.042037
vn  0.758623 0.518681 0.394286
vn  0.437991 0.546624 0.713699
vn  0.000000 0.556853 0.830611
vn  -0.437993 0.546623 0.713698
vn  -0.758623 0.518680 0.394287
vn  -0.875984 0.480505 -0.042039
vn  -0.758623 0.442333 -0.478364
vn  -0.437991 0.414386 -0.797777
vn  -0.000000 0.797939 -0.602738
vn  0.265449 0.804138 -0.531882
vn  0.459774 0.821074 -0.338297
vn  0.530899 0.844210 -0.073860
vn  0.459774 0.867345 0.190582
vn  0.265450 0.884281 0.384165
vn  -0.000001 0.890480 0.455023
vn  -0.265450 0.884281 0.384165
vn  -0.459775 0.867344 0.190581
vn  -0.530900 0.844210 -0.073858
vn  -0.459773 0.821074 -0.338298
vn  -0.265449 0.804138 -0.531883
vn  -0.000000 0.996195 -0.087155
vn  -1.744928 -2.037044 -0.837838
vn  -0.093656 0.347295 -1.479711
vn  1.156191 -1.096060 -1.132070
vn  1.173305 -1.074419 -1.091357
vn  -0.705387 0.373140 1.484865
vn  1.409818 0.979271 1.515203
vn  1.086033 0.898967 1.398293
vn  -0.040087 0.826304 1.145155
vn  1.744928 -2.037043 -0.837838
vn  0.093656 0.347295 -1.479711
vn  -1.156190 -1.096061 -1.132071
vn  -1.447717 -1.022350 -1.022455
vn  0.740387 0.446104 1.521850
vn  -1.409819 0.979270 1.515203
vn  -0.432244 0.765824 1.494185
vn  0.150595 1.744996 0.735001
vn  0.000000 -0.996195 0.087156
vn  -0.000001 -0.890480 -0.455022
vn  -0.265450 -0.884280 -0.384167
vn  -0.459775 -0.867344 -0.190581
vn  -0.530901 -0.844209 0.073860
vn  -0.459775 -0.821073 0.338298
vn  -0.265452 -0.804136 0.531883
vn  -0.000001 -0.797937 0.602741
vn  0.265452 -0.804137 0.531883
vn  0.459775 -0.821073 0.338299
vn  0.530901 -0.844209 0.073858
vn  0.459775 -0.867344 -0.190580
vn  0.265450 -0.884281 -0.384165
vn  -0.000002 -0.556853 -0.830611
vn  -0.437992 -0.546623 -0.713699
vn  -0.758624 -0.518678 -0.394288
vn  -0.875984 -0.480504 0.042037
vn  -0.758623 -0.442332 0.478366
vn  -0.437992 -0.414385 0.797777
vn  -0.000000 -0.404157 0.914690
vn  0.437992 -0.414386 0.797776
vn  0.758625 -0.442332 0.478363
vn  0.875985 -0.480503 0.042040
vn  0.758623 -0.518680 -0.394287
vn  0.437993 -0.546623 -0.713699
vn  0.000000 -0.087154 -0.996195
vn  -0.500000 -0.075479 -0.862730
vn  -0.866026 -0.043578 -0.498097
vn  -1.000000 -0.000000 -0.000001
vn  -0.866026 0.043578 0.498097
vn  -0.499999 0.075480 0.862730
vn  -0.000001 0.087157 0.996195
vn  0.499998 0.075481 0.862731
vn  0.866026 0.043578 0.498097
vn  1.000000 0.000000 0.000000
vn  0.866025 -0.043577 -0.498098
vn  0.499999 -0.075478 -0.862731
vn  0.000001 0.404159 -0.914689
vn  -0.437992 0.414387 -0.797776
vn  -0.758622 0.442333 -0.478366
vn  -0.875984 0.480505 -0.042038
vn  -0.758623 0.518680 0.394286
vn  -0.437991 0.546624 0.713699
vn  -0.000001 0.556853 0.830611
vn  0.437991 0.546625 0.713698
vn  0.758622 0.518681 0.394287
vn  0.875983 0.480506 -0.042039
vn  0.758623 0.442334 -0.478363
vn  0.437991 0.414387 -0.797777
vn  0.000000 0.797938 -0.602739
vn  -0.265451 0.804137 -0.531883
vn  -0.459775 0.821073 -0.338298
vn  -0.530900 0.844210 -0.073860
vn  -0.459774 0.867345 0.190582
vn  -0.265451 0.884281 0.384165
vn  0.000000 0.890480 0.455023
vn  0.265449 0.884281 0.384166
vn  0.459775 0.867344 0.190581
vn  0.530900 0.844210 -0.073859
vn  0.459774 0.821074 -0.338298
vn  0.265450 0.804137 -0.531883
vn  -0.000000 0.996195 -0.087155
vn  -0.618297 -0.570527 -0.540563
vn  -0.718367 3.104109 -0.203556
vn  -0.611590 0.768127 0.189577
vn  -0.499009 0.818637 0.284296
vn  -0.575739 -0.477678 -0.663588
vn  -0.536667 0.690151 -0.485468
vn  -0.620351 -0.727481 -0.293148
vn  -0.965951 0.250408 -0.065068
vn  -0.495865 0.661682 0.562401
vn  -0.546916 -0.148448 -0.823921
vn  -0.947122 0.318367 -0.040016
vn  -0.664435 -0.747342 -0.002425
vn  -0.551653 0.585706 0.593824
vn  -1.257322 0.117888 0.191702
vn  -0.000000 0.704269 0.709934
vn  -0.000000 0.947499 0.319759
vn  0.000001 3.100897 0.067020
vn  0.000000 -0.788130 -0.615509
vn  -0.000000 0.925688 0.378288
vn  0.000000 -0.655431 -0.755255
vn  -0.000000 0.819371 0.573264
vn  -0.000000 0.741122 -0.671370
vn  0.000000 -0.933426 -0.358770
vn  -0.000000 0.671667 0.740853
vn  0.000000 -0.248583 -0.968611
vn  0.000000 -0.999261 -0.038431
vn  -0.986572 0.124555 -0.105649
vn  0.618297 -0.570527 -0.540562
vn  0.718368 2.058797 -0.395174
vn  0.611589 0.768127 0.189578
vn  0.499008 0.818637 0.284296
vn  0.575739 -0.477677 -0.663588
vn  0.536667 0.690151 -0.485468
vn  0.620351 -0.727481 -0.293148
vn  0.965951 0.250409 -0.065068
vn  0.495864 0.661682 0.562402
vn  0.546916 -0.148448 -0.823921
vn  0.947122 0.318368 -0.040016
vn  0.664435 -0.747342 -0.002425
vn  0.551652 0.585707 0.593824
vn  1.006398 0.061404 -0.199936
vn  0.986572 0.124556 -0.105649
vn  -1.497980 -0.417378 -1.432213
vn  0.650883 -0.500674 -1.422181
vn  0.000000 0.427689 -2.719822
vn  2.019732 -0.473983 -1.708703
vn  -0.527797 1.039756 1.115820
vn  1.296702 1.067052 1.102768
vn  -0.000000 1.277670 0.998590
vn  0.453158 1.105314 1.191865
vn  -1.481886 -0.616003 -1.385041
vn  0.733229 -0.654897 -1.351560
vn  -0.000000 0.671324 -2.092830
vn  1.505680 -0.669785 -1.490806
vn  -0.919457 0.720906 1.303260
vn  1.671070 0.777051 1.267302
vn  -0.000000 0.976663 1.365311
vn  0.895672 0.791904 1.448250
vn  -1.416255 -0.256107 -1.469455
vn  0.651843 -0.329403 -1.416483
vn  0.000000 1.084810 -1.889872
vn  1.458673 -0.301425 -1.645200
vn  -0.886403 0.844852 1.180480
vn  1.430434 0.932853 1.140665
vn  -0.000000 0.987184 1.435664
vn  1.011613 1.007539 1.432072
vn  -1.673765 -0.873665 -1.325535
vn  1.032642 -0.862848 -1.299700
vn  -0.000000 0.603314 -1.825258
vn  1.312747 -0.869979 -1.314566
vn  -0.748138 0.522262 1.437301
vn  1.711464 0.558429 1.400808
vn  -0.000000 0.722591 1.442682
vn  0.796084 0.549622 1.502638
vn  -0.000000 0.000000 1.000000
vn  0.000000 0.000000 1.000000
vn  -0.000000 0.000000 1.000000
vn  -0.000000 0.000000 1.000000
vn  -0.000000 0.000000 1.000000
vn  0.000000 0.000000 1.000000
vn  -0.000000 0.000000 1.000000
vn  -0.000000 0.000000 1.000000
vn  -0.000000 0.971263 -0.238011
vn  -0.000000 0.971263 -0.238011
vn  0.971263 0.000000 -0.238011
vn  -0.971262 -0.000000 -0.238011
vn  0.971263 0.000000 -0.238011
vn  -0.971262 -0.000000 -0.238011
vn  -0.971262 -0.000000 -0.238011
vn  -0.000000 0.971263 -0.238011
vn  0.000000 -0.971263 -0.238011
vn  0.000000 -0.971263 -0.238011
vn  -0.000000 0.971263 -0.238011
vn  0.971263 0.000000 -0.238011
vn  0.971263 0.000000 -0.238011
vn  -0.971263 -0.000000 -0.238011
vn  0.000000 -0.971263 -0.238011
vn  0.000000 -0.971263 -0.238011
vn  0.000000 -0.000000 -1.000000
vn  -0.000004 -0.000000 -1.000000
vn  0.000000 0.000000 -1.000000
vn  -0.000001 -0.000000 -1.000000
vn  -0.000009 -0.000000 -1.000000
vn  0.000000 -0.000000 -1.000000
vn  0.000000 0.000000 -1.000000
vn  -0.000003 -0.000000 -1.000000
vn  -0.670227 0.670229 -0.318730
vn  -0.000000 0.641445 -0.767169
vn  0.641440 0.000000 0.767173
vn  -0.670229 -0.670227 -0.318730
vn  0.670229 -0.670227 -0.318730
vn  -0.641441 -0.000000 -0.767172
vn  -0.641449 0.000000 0.767166
vn  0.670226 0.670230 -0.318730
vn  0.000000 -0.641447 0.767167
vn  0.000000 -0.641441 -0.767172
vn  -0.000000 0.641447 0.767167
vn  0.641442 -0.000000 -0.767171
vn  0.670227 0.670229 -0.318730
vn  -0.670227 0.670229 -0.318730
vn  0.670230 -0.670226 -0.318730
vn  -0.670228 -0.670228 -0.318730
vn  0.462312 0.462311 0.756661
vn  0.445041 0.445043 -0.777094
vn  0.641445 0.000000 0.767169
vn  -0.641440 -0.000000 -0.767173
vn  0.000000 -0.641447 0.767167
vn  0.000000 -0.641441 -0.767172
vn  -0.000000 0.641449 0.767166
vn  -0.445045 0.445042 -0.777092
vn  0.462309 -0.462307 0.756666
vn  -0.641439 -0.000000 0.767174
vn  0.641443 -0.000000 -0.767171
vn  -0.445042 -0.445042 -0.777094
vn  -0.462311 0.462313 0.756660
vn  0.000000 0.641443 -0.767171
vn  -0.462311 -0.462311 0.756662
vn  0.445043 -0.445042 -0.777094
vn  -0.462311 0.462312 0.756661
vn  -0.670227 0.670229 -0.318730
vn  0.670229 -0.670227 -0.318730
vn  -0.462307 -0.462311 0.756665
vn  0.445043 -0.445042 -0.777093
vn  -0.670229 -0.670227 -0.318730
vn  -0.670227 0.670229 -0.318730
vn  0.445041 0.445043 -0.777094
vn  -0.670229 -0.670227 -0.318730
vn  0.670229 -0.670227 -0.318730
vn  0.670227 0.670229 -0.318730
vn  0.670227 0.670229 -0.318730
vn  0.462309 0.462311 0.756663
vn  -0.445040 0.445042 -0.777095
vn  0.462309 -0.462312 0.756662
vn  -0.445042 -0.445041 -0.777095
vn  -0.445045 0.445042 -0.777092
vn  0.462309 -0.462307 0.756666
vn  -0.445042 -0.445042 -0.777094
vn  -0.462311 0.462313 0.756660
vn  -0.462311 -0.462311 0.756662
vn  0.445043 -0.445042 -0.777094
vn  0.462312 0.462311 0.756661
vn  0.445041 0.445043 -0.777094
vn  -0.000000 0.641449 0.767166
vn  0.641442 -0.000000 -0.767171
vn  0.462312 0.462311 0.756661
vn  -0.445045 0.445042 -0.777092
vn  0.462309 -0.462307 0.756666
vn  -0.445042 -0.445042 -0.777094
vn  -0.462311 0.462313 0.756660
vn  0.000000 0.641443 -0.767171
vn  0.641440 0.000000 0.767173
vn  -0.462311 -0.462311 0.756662
vn  0.445043 -0.445042 -0.777094
vn  -0.641440 -0.000000 -0.767173
vn  -0.641449 0.000000 0.767166
vn  0.445041 0.445043 -0.777094
vn  0.000000 -0.641447 0.767167
vn  0.000000 -0.641441 -0.767172
vn  -0.000000 0.641449 0.767166
vn  -0.641449 0.000000 0.767166
vn  0.641442 -0.000000 -0.767171
vn  0.000000 0.641443 -0.767171
vn  0.641440 0.000000 0.767173
vn  -0.641440 -0.000000 -0.767173
vn  0.000000 -0.641447 0.767167
vn  0.000000 -0.641441 -0.767172
# 688 vertex normals

g side
s 1
f 701/901/701 703/903/703 698/885/698
f 698/885/698 689/882/689 701/901/701
f 693/949/693 716/892/716 694/950/694
f 695/893/695 699/894/699 691/895/691
f 708/913/708 692/889/692 705/907/705
f 705/907/705 725/912/725 708/913/708
f 689/882/689 695/887/695 702/902/702
f 702/902/702 701/901/701 689/882/689
f 695/893/695 689/896/689 698/897/698
f 698/897/698 699/894/699 695/893/695
f 693/948/693 690/891/690 727/940/727
f 727/940/727 700/898/700 693/948/693
f 714/921/714 715/922/715 697/899/697
f 697/899/697 696/883/696 714/921/714
s 0
f 704/906/704 694/950/694 716/892/716
f 716/892/716 736/900/736 704/906/704
s 1
f 736/900/736 743/909/743 712/947/712
f 694/950/694 690/886/690 693/949/693
f 696/883/696 697/884/697 703/903/703
f 703/903/703 701/901/701 696/883/696
f 709/914/709 747/916/747 739/905/739
f 739/905/739 723/904/723 709/914/709
f 706/943/706 711/917/711 707/910/707
f 707/910/707 704/906/704 706/943/706
f 724/911/724 712/945/712 743/944/743
f 743/944/743 733/890/733 724/911/724
f 694/950/694 704/906/704 707/910/707
f 707/910/707 710/915/710 690/886/690
f 725/941/725 723/904/723 739/905/739
f 739/905/739 708/942/708 725/941/725
f 710/915/710 705/907/705 691/888/691
f 710/915/710 691/888/691 690/886/690
f 709/914/709 724/911/724 733/890/733
f 733/890/733 747/916/747 709/914/709
f 724/911/724 711/918/711 706/908/706
f 706/908/706 712/946/712 724/911/724
f 712/947/712 706/943/706 704/906/704
f 702/902/702 726/919/726 696/883/696
f 696/883/696 701/901/701 702/902/702
f 695/887/695 691/888/691 705/907/705
f 705/907/705 713/920/713 695/887/695
f 715/922/715 714/921/714 705/907/705
f 705/907/705 692/889/692 715/922/715
f 714/921/714 713/920/713 705/907/705
f 713/920/713 726/919/726 702/902/702
f 702/902/702 695/887/695 713/920/713
f 712/947/712 704/906/704 736/900/736
s 0
f 693/949/693 700/952/700 716/892/716
s 1
f 713/934/713 717/923/717 721/927/721
f 721/927/721 726/933/726 713/934/713
f 726/933/726 721/927/721 720/926/720
f 720/926/720 696/929/696 726/933/726
f 718/924/718 707/910/707 711/917/711
f 718/924/718 719/925/719 710/915/710
f 710/915/710 707/910/707 718/924/718
f 718/924/718 724/931/724 709/932/709
f 709/932/709 719/925/719 718/924/718
f 725/912/725 705/907/705 710/915/710
f 710/915/710 719/925/719 725/912/725
f 723/930/723 725/912/725 719/925/719
f 719/925/719 709/932/709 723/930/723
f 711/917/711 724/931/724 718/924/718
f 696/938/696 720/936/720 722/937/722
f 722/937/722 714/939/714 696/938/696
f 717/923/717 722/928/722 720/926/720
f 720/926/720 721/927/721 717/923/717
f 713/934/713 714/935/714 722/928/722
f 722/928/722 717/923/717 713/934/713
f 691/895/691 699/894/699 727/940/727
f 727/940/727 690/951/690 691/895/691
f 737/972/737 728/953/728 698/956/698
f 698/956/698 703/974/703 737/972/737
f 731/1020/731 732/1021/732 716/963/716
f 734/964/734 730/966/730 699/965/699
f 708/984/708 760/983/760 741/978/741
f 741/978/741 692/960/692 708/984/708
f 728/953/728 737/972/737 738/973/738
f 738/973/738 734/958/734 728/953/728
f 734/964/734 699/965/699 698/968/698
f 698/968/698 728/967/728 734/964/734
f 731/1019/731 700/969/700 727/1011/727
f 727/1011/727 729/962/729 731/1019/731
f 751/992/751 735/954/735 697/970/697
f 697/970/697 715/993/715 751/992/751
s 0
f 740/977/740 736/971/736 716/963/716
f 716/963/716 732/1021/732 740/977/740
s 1
f 736/971/736 749/1018/749 743/980/743
f 732/1021/732 731/1020/731 729/957/729
f 735/954/735 737/972/737 703/974/703
f 703/974/703 697/955/697 735/954/735
f 745/985/745 758/975/758 739/976/739
f 739/976/739 747/987/747 745/985/745
f 742/1014/742 740/977/740 744/981/744
f 744/981/744 748/988/748 742/1014/742
f 759/982/759 733/961/733 743/1015/743
f 743/1015/743 749/1016/749 759/982/759
f 729/957/729 744/981/744 732/1021/732
f 744/981/744 729/957/729 746/986/746
f 760/1012/760 708/1013/708 739/976/739
f 739/976/739 758/975/758 760/1012/760
f 746/986/746 730/959/730 741/978/741
f 746/986/746 729/957/729 730/959/730
f 745/985/745 747/987/747 733/961/733
f 733/961/733 759/982/759 745/985/745
f 759/982/759 749/1017/749 742/979/742
f 742/979/742 748/989/748 759/982/759
f 749/1018/749 740/977/740 742/1014/742
f 738/973/738 737/972/737 735/954/735
f 735/954/735 761/990/761 738/973/738
f 734/958/734 750/991/750 741/978/741
f 741/978/741 730/959/730 734/958/734
f 715/993/715 692/960/692 741/978/741
f 741/978/741 751/992/751 715/993/715
f 751/992/751 741/978/741 750/991/750
f 750/991/750 734/958/734 738/973/738
f 738/973/738 761/990/761 750/991/750
f 749/1018/749 736/971/736 740/977/740
s 0
f 731/1020/731 716/963/716 700/1023/700
s 1
f 750/1005/750 761/1004/761 756/998/756
f 756/998/756 752/994/752 750/1005/750
f 761/1004/761 735/1000/735 755/997/755
f 755/997/755 756/998/756 761/1004/761
f 753/995/753 748/988/748 744/981/744
f 753/995/753 744/981/744 746/986/746
f 746/986/746 754/996/754 753/995/753
f 753/995/753 754/996/754 745/1003/745
f 745/1003/745 759/1002/759 753/995/753
f 760/983/760 754/996/754 746/986/746
f 746/986/746 741/978/741 760/983/760
f 758/1001/758 745/1003/745 754/996/754
f 754/996/754 760/983/760 758/1001/758
f 748/988/748 753/995/753 759/1002/759
f 735/1009/735 751/1010/751 757/1008/757
f 757/1008/757 755/1007/755 735/1009/735
f 752/994/752 756/998/756 755/997/755
f 755/997/755 757/999/757 752/994/752
f 750/1005/750 752/994/752 757/999/757
f 757/999/757 751/1006/751 750/1005/750
f 730/966/730 729/1022/729 727/1011/727
f 727/1011/727 699/965/699 730/966/730
f 707/910/707 690/886/690 694/950/694
f 744/981/744 740/977/740 732/1021/732
f 763/1041/763 772/1042/772 775/1043/775
f 775/1043/775 762/1040/762 763/1041/763
f 765/1025/765 773/1026/773 772/1027/772
f 772/1027/772 763/1024/763 765/1025/765
f 764/1045/764 774/1046/774 773/1047/773
f 773/1047/773 765/1044/765 764/1045/764
f 762/1029/762 775/1030/775 774/1031/774
f 774/1031/774 764/1028/764 762/1029/762
f 766/1049/766 776/1050/776 769/1051/769
f 769/1051/769 768/1048/768 766/1049/766
f 767/1033/767 766/1034/766 768/1035/768
f 768/1035/768 770/1032/770 767/1033/767
f 777/1053/777 767/1054/767 770/1055/770
f 770/1055/770 771/1052/771 777/1053/777
f 776/1037/776 777/1038/777 771/1039/771
f 771/1039/771 769/1036/769 776/1037/776
f 768/1048/768 769/1051/769 775/1043/775
f 775/1043/775 772/1042/772 768/1048/768
f 770/1032/770 768/1035/768 772/1027/772
f 772/1027/772 773/1026/773 770/1032/770
f 771/1052/771 770/1055/770 773/1047/773
f 773/1047/773 774/1046/774 771/1052/771
f 769/1036/769 771/1039/771 774/1031/774
f 774/1031/774 775/1030/775 769/1036/769
f 766/1057/766 778/1058/778 779/1059/779
f 779/1059/779 776/1056/776 766/1057/766
f 767/1068/767 780/1069/780 778/1066/778
f 778/1066/778 766/1065/766 767/1068/767
f 777/1062/777 781/1063/781 780/1061/780
f 780/1061/780 767/1060/767 777/1062/777
f 777/1070/777 776/1064/776 779/1067/779
f 779/1067/779 781/1071/781 777/1070/777
f 784/1074/784 787/1077/787 786/1076/786
f 786/1076/786 782/1072/782 784/1074/784
f 782/1072/782 786/1079/786 794/1091/794
f 794/1091/794 792/1089/792 782/1072/782
f 783/1073/783 784/1074/784 793/1090/793
f 793/1090/793 791/1088/791 783/1073/783
f 783/1073/783 785/1075/785 787/1077/787
f 787/1077/787 784/1074/784 783/1073/783
f 782/1072/782 792/1089/792 793/1090/793
f 793/1090/793 784/1074/784 782/1072/782
f 783/1073/783 791/1088/791 795/1093/795
f 795/1093/795 785/1078/785 783/1073/783
f 790/1082/790 788/1080/788 786/1084/786
f 786/1084/786 787/1085/787 790/1082/790
f 788/1080/788 797/1096/797 794/1092/794
f 794/1092/794 786/1087/786 788/1080/788
f 789/1081/789 796/1095/796 798/1097/798
f 798/1097/798 790/1082/790 789/1081/789
f 789/1081/789 790/1082/790 787/1085/787
f 787/1085/787 785/1083/785 789/1081/789
f 798/1097/798 797/1096/797 788/1080/788
f 788/1080/788 790/1082/790 798/1097/798
f 795/1094/795 796/1095/796 789/1081/789
f 789/1081/789 785/1086/785 795/1094/795
f 811/1110/811 812/1111/812 813/1112/813
f 813/1112/813 799/1109/799 811/1110/811
f 814/1114/814 815/1115/815 802/1116/802
f 802/1116/802 801/1113/801 814/1114/814
f 799/1109/799 821/1118/821 809/1119/809
f 809/1119/809 810/1117/810 799/1109/799
f 810/1117/810 809/1119/809 808/1121/808
f 808/1121/808 800/1120/800 810/1117/810
f 805/1099/805 818/1100/818 819/1101/819
f 819/1101/819 806/1098/806 805/1099/805
f 815/1115/815 818/1124/818 805/1125/805
f 805/1125/805 802/1116/802 815/1115/815
f 804/1123/804 802/1116/802 805/1125/805
f 805/1125/805 806/1126/806 804/1123/804
f 812/1102/812 811/1103/811 800/1104/800
f 800/1104/800 825/1133/825 812/1102/812
f 801/1113/801 807/1127/807 820/1130/820
f 820/1130/820 814/1114/814 801/1113/801
f 804/1107/804 806/1098/806 819/1101/819
f 819/1101/819 817/1106/817 804/1107/804
f 823/1131/823 824/1132/824 820/1130/820
f 820/1130/820 807/1127/807 823/1131/823
f 816/1128/816 803/1122/803 809/1119/809
f 809/1119/809 821/1118/821 816/1128/816
f 803/1122/803 804/1123/804 808/1121/808
f 808/1121/808 809/1119/809 803/1122/803
f 804/1107/804 817/1106/817 822/1105/822
f 822/1105/822 808/1108/808 804/1107/804
f 799/1109/799 810/1117/810 800/1120/800
f 800/1120/800 811/1110/811 799/1109/799
f 799/1109/799 813/1129/813 821/1118/821
f 803/1122/803 816/1128/816 824/1132/824
f 824/1132/824 823/1131/823 803/1122/803
f 802/1116/802 804/1123/804 803/1122/803
f 803/1122/803 801/1113/801 802/1116/802
f 800/1104/800 808/1108/808 822/1105/822
f 822/1105/822 825/1133/825 800/1104/800
f 823/1131/823 807/1127/807 801/1113/801
f 801/1113/801 803/1122/803 823/1131/823
f 838/1146/838 826/1145/826 813/1148/813
f 813/1148/813 812/1147/812 838/1146/838
f 814/1150/814 828/1149/828 829/1152/829
f 829/1152/829 815/1151/815 814/1150/814
f 826/1145/826 837/1153/837 836/1155/836
f 836/1155/836 821/1154/821 826/1145/826
f 837/1153/837 827/1156/827 835/1157/835
f 835/1157/835 836/1155/836 837/1153/837
f 832/1135/832 833/1134/833 819/1137/819
f 819/1137/819 818/1136/818 832/1135/832
f 815/1151/815 829/1152/829 832/1161/832
f 832/1161/832 818/1160/818 815/1151/815
f 831/1159/831 833/1162/833 832/1161/832
f 832/1161/832 829/1152/829 831/1159/831
f 812/1138/812 825/1169/825 827/1140/827
f 827/1140/827 838/1139/838 812/1138/812
f 828/1149/828 814/1150/814 820/1166/820
f 820/1166/820 834/1163/834 828/1149/828
f 831/1143/831 817/1142/817 819/1137/819
f 819/1137/819 833/1134/833 831/1143/831
f 839/1167/839 834/1163/834 820/1166/820
f 820/1166/820 824/1168/824 839/1167/839
f 816/1164/816 821/1154/821 836/1155/836
f 836/1155/836 830/1158/830 816/1164/816
f 830/1158/830 836/1155/836 835/1157/835
f 835/1157/835 831/1159/831 830/1158/830
f 831/1143/831 835/1144/835 822/1141/822
f 822/1141/822 817/1142/817 831/1143/831
f 826/1145/826 838/1146/838 827/1156/827
f 827/1156/827 837/1153/837 826/1145/826
f 826/1145/826 821/1154/821 813/1165/813
f 830/1158/830 839/1167/839 824/1168/824
f 824/1168/824 816/1164/816 830/1158/830
f 829/1152/829 828/1149/828 830/1158/830
f 830/1158/830 831/1159/831 829/1152/829
f 827/1140/827 825/1169/825 822/1141/822
f 822/1141/822 835/1144/835 827/1140/827
f 839/1167/839 830/1158/830 828/1149/828
f 828/1149/828 834/1163/834 839/1167/839
f 840/1170/840 841/1171/841 842/1172/842
f 840/1170/840 842/1172/842 843/1173/843
f 840/1170/840 843/1173/843 844/1174/844
f 840/1170/840 844/1174/844 845/1175/845
f 840/1170/840 845/1175/845 846/1176/846
f 840/1170/840 846/1176/846 847/1177/847
f 840/1170/840 847/1177/847 848/1178/848
f 840/1170/840 848/1178/848 849/1179/849
f 840/1170/840 849/1179/849 850/1180/850
f 840/1170/840 850/1180/850 851/1181/851
f 840/1170/840 851/1181/851 852/1182/852
f 840/1170/840 852/1182/852 841/1171/841
f 854/1184/854 842/1172/842 841/1171/841
f 841/1171/841 853/1183/853 854/1184/854
f 855/1185/855 843/1173/843 842/1172/842
f 842/1172/842 854/1184/854 855/1185/855
f 856/1186/856 844/1174/844 843/1173/843
f 843/1173/843 855/1185/855 856/1186/856
f 857/1187/857 845/1175/845 844/1174/844
f 844/1174/844 856/1186/856 857/1187/857
f 858/1188/858 846/1176/846 845/1175/845
f 845/1175/845 857/1187/857 858/1188/858
f 859/1189/859 847/1177/847 846/1176/846
f 846/1176/846 858/1188/858 859/1189/859
f 860/1190/860 848/1178/848 847/1177/847
f 847/1177/847 859/1189/859 860/1190/860
f 861/1191/861 849/1179/849 848/1178/848
f 848/1178/848 860/1190/860 861/1191/861
f 862/1192/862 850/1180/850 849/1179/849
f 849/1179/849 861/1191/861 862/1192/862
f 863/1193/863 851/1181/851 850/1180/850
f 850/1180/850 862/1192/862 863/1193/863
f 864/1194/864 852/1182/852 851/1181/851
f 851/1181/851 863/1193/863 864/1194/864
f 853/1183/853 841/1171/841 852/1182/852
f 852/1182/852 864/1194/864 853/1183/853
f 866/1196/866 854/1184/854 853/1183/853
f 853/1183/853 865/1195/865 866/1196/866
f 867/1197/867 855/1185/855 854/1184/854
f 854/1184/854 866/1196/866 867/1197/867
f 868/1198/868 856/1186/856 855/1185/855
f 855/1185/855 867/1197/867 868/1198/868
f 869/1199/869 857/1187/857 856/1186/856
f 856/1186/856 868/1198/868 869/1199/869
f 870/1200/870 858/1188/858 857/1187/857
f 857/1187/857 869/1199/869 870/1200/870
f 871/1201/871 859/1189/859 858/1188/858
f 858/1188/858 870/1200/870 871/1201/871
f 872/1202/872 860/1190/860 859/1189/859
f 859/1189/859 871/1201/871 872/1202/872
f 873/1203/873 861/1191/861 860/1190/860
f 860/1190/860 872/1202/872 873/1203/873
f 874/1204/874 862/1192/862 861/1191/861
f 861/1191/861 873/1203/873 874/1204/874
f 875/1205/875 863/1193/863 862/1192/862
f 862/1192/862 874/1204/874 875/1205/875
f 876/1206/876 864/1194/864 863/1193/863
f 863/1193/863 875/1205/875 876/1206/876
f 865/1195/865 853/1183/853 864/1194/864
f 864/1194/864 876/1206/876 865/1195/865
f 877/1207/877 879/1209/879 878/1208/878
f 877/1207/877 880/1210/880 879/1209/879
f 877/1207/877 881/1211/881 880/1210/880
f 877/1207/877 882/1212/882 881/1211/881
f 877/1207/877 883/1213/883 882/1212/882
f 877/1207/877 884/1214/884 883/1213/883
f 877/1207/877 885/1215/885 884/1214/884
f 877/1207/877 886/1216/886 885/1215/885
f 877/1207/877 887/1217/887 886/1216/886
f 877/1207/877 888/1218/888 887/1217/887
f 877/1207/877 889/1219/889 888/1218/888
f 877/1207/877 878/1208/878 889/1219/889
f 891/1221/891 890/1220/890 878/1208/878
f 878/1208/878 879/1209/879 891/1221/891
f 892/1222/892 891/1221/891 879/1209/879
f 879/1209/879 880/1210/880 892/1222/892
f 893/1223/893 892/1222/892 880/1210/880
f 880/1210/880 881/1211/881 893/1223/893
f 894/1224/894 893/1223/893 881/1211/881
f 881/1211/881 882/1212/882 894/1224/894
f 895/1225/895 894/1224/894 882/1212/882
f 882/1212/882 883/1213/883 895/1225/895
f 896/1226/896 895/1225/895 883/1213/883
f 883/1213/883 884/1214/884 896/1226/896
f 897/1227/897 896/1226/896 884/1214/884
f 884/1214/884 885/1215/885 897/1227/897
f 898/1228/898 897/1227/897 885/1215/885
f 885/1215/885 886/1216/886 898/1228/898
f 899/1229/899 898/1228/898 886/1216/886
f 886/1216/886 887/1217/887 899/1229/899
f 900/1230/900 899/1229/899 887/1217/887
f 887/1217/887 888/1218/888 900/1230/900
f 901/1231/901 900/1230/900 888/1218/888
f 888/1218/888 889/1219/889 901/1231/901
f 890/1220/890 901/1231/901 889/1219/889
f 889/1219/889 878/1208/878 890/1220/890
f 903/1233/903 902/1232/902 890/1220/890
f 890/1220/890 891/1221/891 903/1233/903
f 904/1234/904 903/1233/903 891/1221/891
f 891/1221/891 892/1222/892 904/1234/904
f 905/1235/905 904/1234/904 892/1222/892
f 892/1222/892 893/1223/893 905/1235/905
f 906/1236/906 905/1235/905 893/1223/893
f 893/1223/893 894/1224/894 906/1236/906
f 907/1237/907 906/1236/906 894/1224/894
f 894/1224/894 895/1225/895 907/1237/907
f 908/1238/908 907/1237/907 895/1225/895
f 895/1225/895 896/1226/896 908/1238/908
f 909/1239/909 908/1238/908 896/1226/896
f 896/1226/896 897/1227/897 909/1239/909
f 910/1240/910 909/1239/909 897/1227/897
f 897/1227/897 898/1228/898 910/1240/910
f 911/1241/911 910/1240/910 898/1228/898
f 898/1228/898 899/1229/899 911/1241/911
f 912/1242/912 911/1241/911 899/1229/899
f 899/1229/899 900/1230/900 912/1242/912
f 913/1243/913 912/1242/912 900/1230/900
f 900/1230/900 901/1231/901 913/1243/913
f 902/1232/902 913/1243/913 901/1231/901
f 901/1231/901 890/1220/890 902/1232/902
f 914/1244/914 915/1245/915 916/1246/916
f 917/1247/917 918/1248/918 915/1245/915
f 916/1246/916 915/1245/915 918/1248/918
f 915/1245/915 914/1244/914 917/1247/917
f 919/1249/919 920/1250/920 921/1251/921
f 922/1252/922 923/1253/923 920/1250/920
f 921/1251/921 920/1250/920 923/1253/923
f 920/1250/920 919/1249/919 922/1252/922
f 924/1254/924 925/1255/925 926/1256/926
f 927/1257/927 928/1258/928 925/1255/925
f 926/1256/926 925/1255/925 928/1258/928
f 925/1255/925 924/1254/924 927/1257/927
f 929/1259/929 930/1260/930 931/1261/931
f 932/1262/932 933/1263/933 930/1260/930
f 931/1261/931 930/1260/930 933/1263/933
f 930/1260/930 929/1259/929 932/1262/932
f 934/1264/934 935/1265/935 936/1266/936
f 937/1267/937 938/1268/938 935/1265/935
f 936/1266/936 935/1265/935 938/1268/938
f 935/1265/935 934/1264/934 937/1267/937
f 939/1269/939 941/1271/941 940/1270/940
f 942/1272/942 940/1270/940 943/1273/943
f 941/1271/941 943/1273/943 940/1270/940
f 940/1270/940 942/1272/942 939/1269/939
f 944/1274/944 946/1276/946 945/1275/945
f 947/1277/947 945/1275/945 948/1278/948
f 946/1276/946 948/1278/948 945/1275/945
f 945/1275/945 947/1277/947 944/1274/944
f 949/1279/949 951/1281/951 950/1280/950
f 952/1282/952 950/1280/950 953/1283/953
f 951/1281/951 953/1283/953 950/1280/950
f 950/1280/950 952/1282/952 949/1279/949
f 954/1284/954 956/1286/956 955/1285/955
f 957/1287/957 955/1285/955 958/1288/958
f 956/1286/956 958/1288/958 955/1285/955
f 955/1285/955 957/1287/957 954/1284/954
f 959/1289/959 961/1291/961 960/1290/960
f 962/1292/962 960/1290/960 963/1293/963
f 961/1291/961 963/1293/963 960/1290/960
f 960/1290/960 962/1292/962 959/1289/959
f 964/1294/964 965/1295/965 966/1296/966
f 967/1297/967 968/1298/968 965/1295/965
f 966/1296/966 965/1295/965 968/1298/968
f 965/1295/965 964/1294/964 967/1297/967
f 969/1299/969 970/1300/970 971/1301/971
f 972/1302/972 973/1303/973 970/1300/970
f 971/1301/971 970/1300/970 973/1303/973
f 970/1300/970 969/1299/969 972/1302/972
f 974/1304/974 975/1305/975 976/1306/976
f 977/1307/977 978/1308/978 975/1305/975
f 976/1306/976 975/1305/975 978/1308/978
f 975/1305/975 974/1304/974 977/1307/977
f 979/1309/979 980/1310/980 981/1311/981
f 982/1312/982 983/1313/983 980/1310/980
f 981/1311/981 980/1310/980 983/1313/983
f 980/1310/980 979/1309/979 982/1312/982
f 984/1314/984 985/1315/985 986/1316/986
f 987/1317/987 988/1318/988 985/1315/985
f 986/1316/986 985/1315/985 988/1318/988
f 985/1315/985 984/1314/984 987/1317/987
f 989/1319/989 990/1320/990 991/1321/991
f 992/1322/992 993/1323/993 990/1320/990
f 991/1321/991 990/1320/990 993/1323/993
f 990/1320/990 989/1319/989 992/1322/992
f 994/1324/994 996/1326/996 995/1325/995
f 997/1327/997 995/1325/995 998/1328/998
f 996/1326/996 998/1328/998 995/1325/995
f 995/1325/995 997/1327/997 994/1324/994
f 999/1329/999 1001/1331/1001 1000/1330/1000
f 1002/1332/1002 1000/1330/1000 1003/1333/1003
f 1001/1331/1001 1003/1333/1003 1000/1330/1000
f 1000/1330/1000 1002/1332/1002 999/1329/999
f 1004/1334/1004 1006/1336/1006 1005/1335/1005
f 1007/1337/1007 1005/1335/1005 1008/1338/1008
f 1006/1336/1006 1008/1338/1008 1005/1335/1005
f 1005/1335/1005 1007/1337/1007 1004/1334/1004
f 1009/1339/1009 1011/1341/1011 1010/1340/1010
f 1012/1342/1012 1010/1340/1010 1013/1343/1013
f 1011/1341/1011 1013/1343/1013 1010/1340/1010
f 1010/1340/1010 1012/1342/1012 1009/1339/1009
f 1014/1344/1014 1016/1346/1016 1015/1345/1015
f 1017/1347/1017 1015/1345/1015 1018/1348/1018
f 1016/1346/1016 1018/1348/1018 1015/1345/1015
f 1015/1345/1015 1017/1347/1017 1014/1344/1014
f 1019/1349/1019 1021/1351/1021 1020/1350/1020
f 1022/1352/1022 1020/1350/1020 1023/1353/1023
f 1021/1351/1021 1023/1353/1023 1020/1350/1020
f 1020/1350/1020 1022/1352/1022 1019/1349/1019
f 1024/1356/1024 1027/1355/1027 1026/1354/1026
f 1028/1358/1028 1025/1357/1025 1026/1354/1026
f 1029/1361/1029 1031/1359/1031 1032/1360/1032
f 1033/1363/1033 1031/1359/1031 1030/1362/1030
f 1034/1365/1034 1037/1369/1037 1045/1368/1045
f 1045/1368/1045 1043/1364/1043 1034/1365/1034
f 1035/1366/1035 1047/1370/1047 1037/1369/1037
f 1037/1369/1037 1034/1365/1034 1035/1366/1035
f 1039/1372/1039 1038/1371/1038 1045/1368/1045
f 1045/1368/1045 1037/1369/1037 1039/1372/1039
f 1040/1373/1040 1039/1372/1039 1037/1369/1037
f 1037/1369/1037 1047/1370/1047 1040/1373/1040
f 1041/1375/1041 1049/1374/1049 1038/1371/1038
f 1038/1371/1038 1039/1372/1039 1041/1375/1041
f 1042/1376/1042 1041/1375/1041 1039/1372/1039
f 1039/1372/1039 1040/1373/1040 1042/1376/1042
f 1041/1375/1041 1036/1367/1036 1049/1374/1049
f 1042/1376/1042 1036/1367/1036 1041/1375/1041
f 1044/1378/1044 1043/1377/1043 1045/1381/1045
f 1045/1381/1045 1046/1382/1046 1044/1378/1044
f 1035/1379/1035 1044/1378/1044 1046/1382/1046
f 1046/1382/1046 1047/1383/1047 1035/1379/1035
f 1048/1385/1048 1046/1382/1046 1045/1381/1045
f 1045/1381/1045 1038/1384/1038 1048/1385/1048
f 1040/1386/1040 1047/1383/1047 1046/1382/1046
f 1046/1382/1046 1048/1385/1048 1040/1386/1040
f 1050/1388/1050 1048/1385/1048 1038/1384/1038
f 1038/1384/1038 1049/1387/1049 1050/1388/1050
f 1042/1389/1042 1040/1386/1040 1048/1385/1048
f 1048/1385/1048 1050/1388/1050 1042/1389/1042
f 1050/1388/1050 1049/1387/1049 1036/1380/1036
f 1042/1389/1042 1050/1388/1050 1036/1380/1036
f 1051/1390/1051 1052/1391/1052 1053/1392/1053
f 1051/1390/1051 1053/1392/1053 1054/1393/1054
f 1051/1390/1051 1054/1393/1054 1055/1394/1055
f 1051/1390/1051 1055/1394/1055 1056/1395/1056
f 1051/1390/1051 1056/1395/1056 1057/1396/1057
f 1051/1390/1051 1057/1396/1057 1058/1397/1058
f 1051/1390/1051 1058/1397/1058 1059/1398/1059
f 1051/1390/1051 1059/1398/1059 1060/1399/1060
f 1051/1390/1051 1060/1399/1060 1061/1400/1061
f 1051/1390/1051 1061/1400/1061 1062/1401/1062
f 1051/1390/1051 1062/1401/1062 1063/1402/1063
f 1051/1390/1051 1063/1402/1063 1052/1391/1052
f 1065/1404/1065 1053/1392/1053 1052/1391/1052
f 1052/1391/1052 1064/1403/1064 1065/1404/1065
f 1066/1405/1066 1054/1393/1054 1053/1392/1053
f 1053/1392/1053 1065/1404/1065 1066/1405/1066
f 1067/1406/1067 1055/1394/1055 1054/1393/1054
f 1054/1393/1054 1066/1405/1066 1067/1406/1067
f 1068/1407/1068 1056/1395/1056 1055/1394/1055
f 1055/1394/1055 1067/1406/1067 1068/1407/1068
f 1069/1408/1069 1057/1396/1057 1056/1395/1056
f 1056/1395/1056 1068/1407/1068 1069/1408/1069
f 1070/1409/1070 1058/1397/1058 1057/1396/1057
f 1057/1396/1057 1069/1408/1069 1070/1409/1070
f 1071/1410/1071 1059/1398/1059 1058/1397/1058
f 1058/1397/1058 1070/1409/1070 1071/1410/1071
f 1072/1411/1072 1060/1399/1060 1059/1398/1059
f 1059/1398/1059 1071/1410/1071 1072/1411/1072
f 1073/1412/1073 1061/1400/1061 1060/1399/1060
f 1060/1399/1060 1072/1411/1072 1073/1412/1073
f 1074/1413/1074 1062/1401/1062 1061/1400/1061
f 1061/1400/1061 1073/1412/1073 1074/1413/1074
f 1075/1414/1075 1063/1402/1063 1062/1401/1062
f 1062/1401/1062 1074/1413/1074 1075/1414/1075
f 1064/1403/1064 1052/1391/1052 1063/1402/1063
f 1063/1402/1063 1075/1414/1075 1064/1403/1064
f 1077/1416/1077 1065/1404/1065 1064/1403/1064
f 1064/1403/1064 1076/1415/1076 1077/1416/1077
f 1078/1417/1078 1066/1405/1066 1065/1404/1065
f 1065/1404/1065 1077/1416/1077 1078/1417/1078
f 1079/1418/1079 1067/1406/1067 1066/1405/1066
f 1066/1405/1066 1078/1417/1078 1079/1418/1079
f 1080/1419/1080 1068/1407/1068 1067/1406/1067
f 1067/1406/1067 1079/1418/1079 1080/1419/1080
f 1081/1420/1081 1069/1408/1069 1068/1407/1068
f 1068/1407/1068 1080/1419/1080 1081/1420/1081
f 1082/1421/1082 1070/1409/1070 1069/1408/1069
f 1069/1408/1069 1081/1420/1081 1082/1421/1082
f 1083/1422/1083 1071/1410/1071 1070/1409/1070
f 1070/1409/1070 1082/1421/1082 1083/1422/1083
f 1084/1423/1084 1072/1411/1072 1071/1410/1071
f 1071/1410/1071 1083/1422/1083 1084/1423/1084
f 1085/1424/1085 1073/1412/1073 1072/1411/1072
f 1072/1411/1072 1084/1423/1084 1085/1424/1085
f 1086/1425/1086 1074/1413/1074 1073/1412/1073
f 1073/1412/1073 1085/1424/1085 1086/1425/1086
f 1087/1426/1087 1075/1414/1075 1074/1413/1074
f 1074/1413/1074 1086/1425/1086 1087/1426/1087
f 1076/1415/1076 1064/1403/1064 1075/1414/1075
f 1075/1414/1075 1087/1426/1087 1076/1415/1076
f 1089/1428/1089 1077/1416/1077 1076/1415/1076
f 1076/1415/1076 1088/1427/1088 1089/1428/1089
f 1090/1429/1090 1078/1417/1078 1077/1416/1077
f 1077/1416/1077 1089/1428/1089 1090/1429/1090
f 1091/1430/1091 1079/1418/1079 1078/1417/1078
f 1078/1417/1078 1090/1429/1090 1091/1430/1091
f 1092/1431/1092 1080/1419/1080 1079/1418/1079
f 1079/1418/1079 1091/1430/1091 1092/1431/1092
f 1093/1432/1093 1081/1420/1081 1080/1419/1080
f 1080/1419/1080 1092/1431/1092 1093/1432/1093
f 1094/1433/1094 1082/1421/1082 1081/1420/1081
f 1081/1420/1081 1093/1432/1093 1094/1433/1094
f 1095/1434/1095 1083/1422/1083 1082/1421/1082
f 1082/1421/1082 1094/1433/1094 1095/1434/1095
f 1096/1435/1096 1084/1423/1084 1083/1422/1083
f 1083/1422/1083 1095/1434/1095 1096/1435/1096
f 1097/1436/1097 1085/1424/1085 1084/1423/1084
f 1084/1423/1084 1096/1435/1096 1097/1436/1097
f 1098/1437/1098 1086/1425/1086 1085/1424/1085
f 1085/1424/1085 1097/1436/1097 1098/1437/1098
f 1099/1438/1099 1087/1426/1087 1086/1425/1086
f 1086/1425/1086 1098/1437/1098 1099/1438/1099
f 1088/1427/1088 1076/1415/1076 1087/1426/1087
f 1087/1426/1087 1099/1438/1099 1088/1427/1088
f 1101/1440/1101 1089/1428/1089 1088/1427/1088
f 1088/1427/1088 1100/1439/1100 1101/1440/1101
f 1102/1441/1102 1090/1429/1090 1089/1428/1089
f 1089/1428/1089 1101/1440/1101 1102/1441/1102
f 1103/1442/1103 1091/1430/1091 1090/1429/1090
f 1090/1429/1090 1102/1441/1102 1103/1442/1103
f 1104/1443/1104 1092/1431/1092 1091/1430/1091
f 1091/1430/1091 1103/1442/1103 1104/1443/1104
f 1105/1444/1105 1093/1432/1093 1092/1431/1092
f 1092/1431/1092 1104/1443/1104 1105/1444/1105
f 1106/1445/1106 1094/1433/1094 1093/1432/1093
f 1093/1432/1093 1105/1444/1105 1106/1445/1106
f 1107/1446/1107 1095/1434/1095 1094/1433/1094
f 1094/1433/1094 1106/1445/1106 1107/1446/1107
f 1108/1447/1108 1096/1435/1096 1095/1434/1095
f 1095/1434/1095 1107/1446/1107 1108/1447/1108
f 1109/1448/1109 1097/1436/1097 1096/1435/1096
f 1096/1435/1096 1108/1447/1108 1109/1448/1109
f 1110/1449/1110 1098/1437/1098 1097/1436/1097
f 1097/1436/1097 1109/1448/1109 1110/1449/1110
f 1111/1450/1111 1099/1438/1099 1098/1437/1098
f 1098/1437/1098 1110/1449/1110 1111/1450/1111
f 1100/1439/1100 1088/1427/1088 1099/1438/1099
f 1099/1438/1099 1111/1450/1111 1100/1439/1100
f 1112/1451/1112 1101/1440/1101 1100/1439/1100
f 1112/1451/1112 1102/1441/1102 1101/1440/1101
f 1112/1451/1112 1103/1442/1103 1102/1441/1102
f 1112/1451/1112 1104/1443/1104 1103/1442/1103
f 1112/1451/1112 1105/1444/1105 1104/1443/1104
f 1112/1451/1112 1106/1445/1106 1105/1444/1105
f 1112/1451/1112 1107/1446/1107 1106/1445/1106
f 1112/1451/1112 1108/1447/1108 1107/1446/1107
f 1112/1451/1112 1109/1448/1109 1108/1447/1108
f 1112/1451/1112 1110/1449/1110 1109/1448/1109
f 1112/1451/1112 1111/1450/1111 1110/1449/1110
f 1112/1451/1112 1100/1439/1100 1111/1450/1111
f 1113/1452/1113 1114/1453/1114 1115/1454/1115
f 1115/1454/1115 1116/1455/1116 1113/1452/1113
f 1117/1668/1117 1118/1669/1118 1119/1670/1119
f 1119/1670/1119 1120/1671/1120 1117/1668/1117
f 1116/1456/1116 1115/1457/1115 1119/1458/1119
f 1119/1458/1119 1118/1459/1118 1116/1456/1116
f 1115/1454/1115 1114/1453/1114 1120/1460/1120
f 1120/1460/1120 1119/1461/1119 1115/1454/1115
f 1114/1462/1114 1113/1463/1113 1117/1464/1117
f 1117/1464/1117 1120/1465/1120 1114/1462/1114
f 1121/1466/1121 1124/1469/1124 1123/1468/1123
f 1123/1468/1123 1122/1467/1122 1121/1466/1121
f 1125/1672/1125 1128/1675/1128 1127/1674/1127
f 1127/1674/1127 1126/1673/1126 1125/1672/1125
f 1124/1470/1124 1126/1473/1126 1127/1472/1127
f 1127/1472/1127 1123/1471/1123 1124/1470/1124
f 1123/1468/1123 1127/1475/1127 1128/1474/1128
f 1128/1474/1128 1122/1467/1122 1123/1468/1123
f 1122/1476/1122 1128/1479/1128 1125/1478/1125
f 1125/1478/1125 1121/1477/1121 1122/1476/1122
f 1129/1480/1129 1131/1482/1131 1130/1481/1130
f 1129/1480/1129 1132/1483/1132 1131/1482/1131
f 1129/1480/1129 1133/1484/1133 1132/1483/1132
f 1129/1480/1129 1134/1485/1134 1133/1484/1133
f 1129/1480/1129 1135/1486/1135 1134/1485/1134
f 1129/1480/1129 1136/1487/1136 1135/1486/1135
f 1129/1480/1129 1137/1488/1137 1136/1487/1136
f 1129/1480/1129 1138/1489/1138 1137/1488/1137
f 1129/1480/1129 1139/1490/1139 1138/1489/1138
f 1129/1480/1129 1140/1491/1140 1139/1490/1139
f 1129/1480/1129 1141/1492/1141 1140/1491/1140
f 1129/1480/1129 1130/1481/1130 1141/1492/1141
f 1143/1494/1143 1142/1493/1142 1130/1481/1130
f 1130/1481/1130 1131/1482/1131 1143/1494/1143
f 1144/1495/1144 1143/1494/1143 1131/1482/1131
f 1131/1482/1131 1132/1483/1132 1144/1495/1144
f 1145/1496/1145 1144/1495/1144 1132/1483/1132
f 1132/1483/1132 1133/1484/1133 1145/1496/1145
f 1146/1497/1146 1145/1496/1145 1133/1484/1133
f 1133/1484/1133 1134/1485/1134 1146/1497/1146
f 1147/1498/1147 1146/1497/1146 1134/1485/1134
f 1134/1485/1134 1135/1486/1135 1147/1498/1147
f 1148/1499/1148 1147/1498/1147 1135/1486/1135
f 1135/1486/1135 1136/1487/1136 1148/1499/1148
f 1149/1500/1149 1148/1499/1148 1136/1487/1136
f 1136/1487/1136 1137/1488/1137 1149/1500/1149
f 1150/1501/1150 1149/1500/1149 1137/1488/1137
f 1137/1488/1137 1138/1489/1138 1150/1501/1150
f 1151/1502/1151 1150/1501/1150 1138/1489/1138
f 1138/1489/1138 1139/1490/1139 1151/1502/1151
f 1152/1503/1152 1151/1502/1151 1139/1490/1139
f 1139/1490/1139 1140/1491/1140 1152/1503/1152
f 1153/1504/1153 1152/1503/1152 1140/1491/1140
f 1140/1491/1140 1141/1492/1141 1153/1504/1153
f 1142/1493/1142 1153/1504/1153 1141/1492/1141
f 1141/1492/1141 1130/1481/1130 1142/1493/1142
f 1155/1506/1155 1154/1505/1154 1142/1493/1142
f 1142/1493/1142 1143/1494/1143 1155/1506/1155
f 1156/1507/1156 1155/1506/1155 1143/1494/1143
f 1143/1494/1143 1144/1495/1144 1156/1507/1156
f 1157/1508/1157 1156/1507/1156 1144/1495/1144
f 1144/1495/1144 1145/1496/1145 1157/1508/1157
f 1158/1509/1158 1157/1508/1157 1145/1496/1145
f 1145/1496/1145 1146/1497/1146 1158/1509/1158
f 1159/1510/1159 1158/1509/1158 1146/1497/1146
f 1146/1497/1146 1147/1498/1147 1159/1510/1159
f 1160/1511/1160 1159/1510/1159 1147/1498/1147
f 1147/1498/1147 1148/1499/1148 1160/1511/1160
f 1161/1512/1161 1160/1511/1160 1148/1499/1148
f 1148/1499/1148 1149/1500/1149 1161/1512/1161
f 1162/1513/1162 1161/1512/1161 1149/1500/1149
f 1149/1500/1149 1150/1501/1150 1162/1513/1162
f 1163/1514/1163 1162/1513/1162 1150/1501/1150
f 1150/1501/1150 1151/1502/1151 1163/1514/1163
f 1164/1515/1164 1163/1514/1163 1151/1502/1151
f 1151/1502/1151 1152/1503/1152 1164/1515/1164
f 1165/1516/1165 1164/1515/1164 1152/1503/1152
f 1152/1503/1152 1153/1504/1153 1165/1516/1165
f 1154/1505/1154 1165/1516/1165 1153/1504/1153
f 1153/1504/1153 1142/1493/1142 1154/1505/1154
f 1167/1518/1167 1166/1517/1166 1154/1505/1154
f 1154/1505/1154 1155/1506/1155 1167/1518/1167
f 1168/1519/1168 1167/1518/1167 1155/1506/1155
f 1155/1506/1155 1156/1507/1156 1168/1519/1168
f 1169/1520/1169 1168/1519/1168 1156/1507/1156
f 1156/1507/1156 1157/1508/1157 1169/1520/1169
f 1170/1521/1170 1169/1520/1169 1157/1508/1157
f 1157/1508/1157 1158/1509/1158 1170/1521/1170
f 1171/1522/1171 1170/1521/1170 1158/1509/1158
f 1158/1509/1158 1159/1510/1159 1171/1522/1171
f 1172/1523/1172 1171/1522/1171 1159/1510/1159
f 1159/1510/1159 1160/1511/1160 1172/1523/1172
f 1173/1524/1173 1172/1523/1172 1160/1511/1160
f 1160/1511/1160 1161/1512/1161 1173/1524/1173
f 1174/1525/1174 1173/1524/1173 1161/1512/1161
f 1161/1512/1161 1162/1513/1162 1174/1525/1174
f 1175/1526/1175 1174/1525/1174 1162/1513/1162
f 1162/1513/1162 1163/1514/1163 1175/1526/1175
f 1176/1527/1176 1175/1526/1175 1163/1514/1163
f 1163/1514/1163 1164/1515/1164 1176/1527/1176
f 1177/1528/1177 1176/1527/1176 1164/1515/1164
f 1164/1515/1164 1165/1516/1165 1177/1528/1177
f 1166/1517/1166 1177/1528/1177 1165/1516/1165
f 1165/1516/1165 1154/1505/1154 1166/1517/1166
f 1179/1530/1179 1178/1529/1178 1166/1517/1166
f 1166/1517/1166 1167/1518/1167 1179/1530/1179
f 1180/1531/1180 1179/1530/1179 1167/1518/1167
f 1167/1518/1167 1168/1519/1168 1180/1531/1180
f 1181/1532/1181 1180/1531/1180 1168/1519/1168
f 1168/1519/1168 1169/1520/1169 1181/1532/1181
f 1182/1533/1182 1181/1532/1181 1169/1520/1169
f 1169/1520/1169 1170/1521/1170 1182/1533/1182
f 1183/1534/1183 1182/1533/1182 1170/1521/1170
f 1170/1521/1170 1171/1522/1171 1183/1534/1183
f 1184/1535/1184 1183/1534/1183 1171/1522/1171
f 1171/1522/1171 1172/1523/1172 1184/1535/1184
f 1185/1536/1185 1184/1535/1184 1172/1523/1172
f 1172/1523/1172 1173/1524/1173 1185/1536/1185
f 1186/1537/1186 1185/1536/1185 1173/1524/1173
f 1173/1524/1173 1174/1525/1174 1186/1537/1186
f 1187/1538/1187 1186/1537/1186 1174/1525/1174
f 1174/1525/1174 1175/1526/1175 1187/1538/1187
f 1188/1539/1188 1187/1538/1187 1175/1526/1175
f 1175/1526/1175 1176/1527/1176 1188/1539/1188
f 1189/1540/1189 1188/1539/1188 1176/1527/1176
f 1176/1527/1176 1177/1528/1177 1189/1540/1189
f 1178/1529/1178 1189/1540/1189 1177/1528/1177
f 1177/1528/1177 1166/1517/1166 1178/1529/1178
f 1190/1541/1190 1178/1529/1178 1179/1530/1179
f 1190/1541/1190 1179/1530/1179 1180/1531/1180
f 1190/1541/1190 1180/1531/1180 1181/1532/1181
f 1190/1541/1190 1181/1532/1181 1182/1533/1182
f 1190/1541/1190 1182/1533/1182 1183/1534/1183
f 1190/1541/1190 1183/1534/1183 1184/1535/1184
f 1190/1541/1190 1184/1535/1184 1185/1536/1185
f 1190/1541/1190 1185/1536/1185 1186/1537/1186
f 1190/1541/1190 1186/1537/1186 1187/1538/1187
f 1190/1541/1190 1187/1538/1187 1188/1539/1188
f 1190/1541/1190 1188/1539/1188 1189/1540/1189
f 1190/1541/1190 1189/1540/1189 1178/1529/1178
f 1196/1565/1196 1211/1564/1211 1212/1552/1212
f 1206/1542/1206 1207/1543/1207 1192/1546/1192
f 1192/1546/1192 1193/1547/1193 1206/1542/1206
f 1202/1560/1202 1197/1553/1197 1213/1554/1213
f 1213/1554/1213 1216/1559/1216 1202/1560/1202
f 1202/1560/1202 1204/1562/1204 1197/1553/1197
f 1204/1562/1204 1203/1561/1203 1193/1547/1193
f 1193/1547/1193 1192/1546/1192 1204/1562/1204
f 1206/1542/1206 1193/1547/1193 1203/1561/1203
f 1203/1561/1203 1205/1563/1205 1206/1542/1206
f 1192/1546/1192 1207/1543/1207 1209/1549/1209
f 1209/1549/1209 1194/1548/1194 1192/1546/1192
f 1208/1544/1208 1191/1545/1191 1195/1551/1195
f 1195/1551/1195 1210/1550/1210 1208/1544/1208
f 1209/1549/1209 1214/1567/1214 1199/1566/1199
f 1199/1566/1199 1194/1548/1194 1209/1549/1209
f 1210/1550/1210 1195/1551/1195 1200/1557/1200
f 1200/1557/1200 1215/1556/1215 1210/1550/1210
f 1198/1555/1198 1201/1558/1201 1200/1557/1200
f 1200/1557/1200 1195/1551/1195 1198/1555/1198
f 1197/1553/1197 1191/1545/1191 1208/1544/1208
f 1208/1544/1208 1213/1554/1213 1197/1553/1197
f 1217/1568/1217 1192/1546/1192 1194/1548/1194
f 1194/1548/1194 1198/1555/1198 1217/1568/1217
f 1198/1555/1198 1194/1548/1194 1199/1566/1199
f 1199/1566/1199 1201/1558/1201 1198/1555/1198
f 1191/1545/1191 1217/1568/1217 1198/1555/1198
f 1198/1555/1198 1195/1551/1195 1191/1545/1191
f 1191/1545/1191 1197/1553/1197 1217/1568/1217
f 1204/1562/1204 1192/1546/1192 1217/1568/1217
f 1214/1567/1214 1211/1564/1211 1199/1566/1199
f 1196/1565/1196 1212/1552/1212 1215/1556/1215
f 1215/1556/1215 1200/1557/1200 1196/1565/1196
f 1201/1558/1201 1196/1565/1196 1200/1557/1200
f 1211/1564/1211 1196/1565/1196 1201/1558/1201
f 1201/1558/1201 1199/1566/1199 1211/1564/1211
f 1197/1553/1197 1204/1562/1204 1217/1568/1217
f 1223/1592/1223 1212/1579/1212 1211/1591/1211
f 1206/1569/1206 1220/1574/1220 1219/1573/1219
f 1219/1573/1219 1207/1570/1207 1206/1569/1206
f 1229/1587/1229 1216/1586/1216 1213/1581/1213
f 1213/1581/1213 1224/1580/1224 1229/1587/1229
f 1229/1587/1229 1224/1580/1224 1231/1589/1231
f 1231/1589/1231 1219/1573/1219 1220/1574/1220
f 1220/1574/1220 1230/1588/1230 1231/1589/1231
f 1206/1569/1206 1205/1590/1205 1230/1588/1230
f 1230/1588/1230 1220/1574/1220 1206/1569/1206
f 1219/1573/1219 1221/1575/1221 1209/1576/1209
f 1209/1576/1209 1207/1570/1207 1219/1573/1219
f 1208/1571/1208 1210/1577/1210 1222/1578/1222
f 1222/1578/1222 1218/1572/1218 1208/1571/1208
f 1209/1576/1209 1221/1575/1221 1226/1593/1226
f 1226/1593/1226 1214/1594/1214 1209/1576/1209
f 1210/1577/1210 1215/1583/1215 1227/1584/1227
f 1227/1584/1227 1222/1578/1222 1210/1577/1210
f 1225/1582/1225 1222/1578/1222 1227/1584/1227
f 1227/1584/1227 1228/1585/1228 1225/1582/1225
f 1224/1580/1224 1213/1581/1213 1208/1571/1208
f 1208/1571/1208 1218/1572/1218 1224/1580/1224
f 1232/1595/1232 1225/1582/1225 1221/1575/1221
f 1221/1575/1221 1219/1573/1219 1232/1595/1232
f 1225/1582/1225 1228/1585/1228 1226/1593/1226
f 1226/1593/1226 1221/1575/1221 1225/1582/1225
f 1218/1572/1218 1222/1578/1222 1225/1582/1225
f 1225/1582/1225 1232/1595/1232 1218/1572/1218
f 1218/1572/1218 1232/1595/1232 1224/1580/1224
f 1231/1589/1231 1232/1595/1232 1219/1573/1219
f 1214/1594/1214 1226/1593/1226 1211/1591/1211
f 1223/1592/1223 1227/1584/1227 1215/1583/1215
f 1215/1583/1215 1212/1579/1212 1223/1592/1223
f 1228/1585/1228 1227/1584/1227 1223/1592/1223
f 1211/1591/1211 1226/1593/1226 1228/1585/1228
f 1228/1585/1228 1223/1592/1223 1211/1591/1211
f 1224/1580/1224 1232/1595/1232 1231/1589/1231
f 1233/1604/1233 1235/1606/1235 1236/1607/1236
f 1236/1607/1236 1234/1605/1234 1233/1604/1233
f 1237/1608/1237 1238/1609/1238 1240/1611/1240
f 1240/1611/1240 1239/1610/1239 1237/1608/1237
f 1234/1597/1234 1236/1599/1236 1240/1603/1240
f 1240/1603/1240 1238/1601/1238 1234/1597/1234
f 1236/1607/1236 1235/1606/1235 1239/1612/1239
f 1239/1612/1239 1240/1613/1240 1236/1607/1236
f 1235/1598/1235 1233/1596/1233 1237/1600/1237
f 1237/1600/1237 1239/1602/1239 1235/1598/1235
f 1241/1622/1241 1243/1624/1243 1244/1625/1244
f 1244/1625/1244 1242/1623/1242 1241/1622/1241
f 1245/1626/1245 1246/1627/1246 1248/1629/1248
f 1248/1629/1248 1247/1628/1247 1245/1626/1245
f 1242/1615/1242 1244/1617/1244 1248/1621/1248
f 1248/1621/1248 1246/1619/1246 1242/1615/1242
f 1244/1625/1244 1243/1624/1243 1247/1630/1247
f 1247/1630/1247 1248/1631/1248 1244/1625/1244
f 1243/1616/1243 1241/1614/1241 1245/1618/1245
f 1245/1618/1245 1247/1620/1247 1243/1616/1243
f 1249/1640/1249 1251/1642/1251 1252/1643/1252
f 1252/1643/1252 1250/1641/1250 1249/1640/1249
f 1253/1644/1253 1254/1645/1254 1256/1647/1256
f 1256/1647/1256 1255/1646/1255 1253/1644/1253
f 1250/1633/1250 1252/1635/1252 1256/1639/1256
f 1256/1639/1256 1254/1637/1254 1250/1633/1250
f 1252/1643/1252 1251/1642/1251 1255/1648/1255
f 1255/1648/1255 1256/1649/1256 1252/1643/1252
f 1251/1634/1251 1249/1632/1249 1253/1636/1253
f 1253/1636/1253 1255/1638/1255 1251/1634/1251
f 1257/1658/1257 1259/1660/1259 1260/1661/1260
f 1260/1661/1260 1258/1659/1258 1257/1658/1257
f 1261/1662/1261 1262/1663/1262 1264/1665/1264
f 1264/1665/1264 1263/1664/1263 1261/1662/1261
f 1258/1651/1258 1260/1653/1260 1264/1657/1264
f 1264/1657/1264 1262/1655/1262 1258/1651/1258
f 1260/1661/1260 1259/1660/1259 1263/1666/1263
f 1263/1666/1263 1264/1667/1264 1260/1661/1260
f 1259/1652/1259 1257/1650/1257 1261/1654/1261
f 1261/1654/1261 1263/1656/1263 1259/1652/1259
s 2
f 1283/1694/1283 1280/1691/1280 1274/1685/1274
f 1274/1685/1274 1273/1684/1273 1283/1694/1283
s 4
f 1287/1698/1287 1281/1692/1281 1288/1699/1288
f 1288/1699/1288 1282/1693/1282 1287/1698/1287
s 16
f 1279/1690/1279 1286/1697/1286 1278/1689/1278
f 1278/1689/1278 1276/1687/1276 1279/1690/1279
s 64
f 1284/1695/1284 1285/1696/1285 1275/1686/1275
f 1275/1686/1275 1277/1688/1277 1284/1695/1284
s 8
f 1265/1676/1265 1268/1679/1268 1271/1682/1271
f 1271/1682/1271 1270/1681/1270 1272/1683/1272
f 1265/1676/1265 1271/1682/1271 1272/1683/1272
f 1272/1683/1272 1267/1678/1267 1269/1680/1269
f 1265/1676/1265 1272/1683/1272 1269/1680/1269
f 1266/1677/1266 1265/1676/1265 1269/1680/1269
s 32
f 1292/1703/1292 1295/1706/1295 1289/1700/1289
f 1289/1700/1289 1293/1704/1293 1296/1707/1296
f 1292/1703/1292 1289/1700/1289 1296/1707/1296
f 1296/1707/1296 1291/1702/1291 1294/1705/1294
f 1292/1703/1292 1296/1707/1296 1294/1705/1294
f 1290/1701/1290 1292/1703/1292 1294/1705/1294
s 0
f 1339/1715/1339 1309/1750/1309 1340/1747/1340
f 1340/1747/1340 1304/1713/1304 1339/1715/1339
f 1330/1758/1330 1310/1716/1310 1335/1712/1335
f 1335/1712/1335 1297/1755/1297 1330/1758/1330
f 1337/1714/1337 1300/1709/1300 1334/1711/1334
f 1334/1711/1334 1312/1717/1312 1337/1714/1337
f 1338/1741/1338 1301/1710/1301 1331/1708/1331
f 1331/1708/1331 1311/1743/1311 1338/1741/1338
f 1372/1713/1372 1326/1731/1326 1360/1725/1360
f 1360/1725/1360 1298/1759/1298 1372/1713/1372
f 1369/1756/1369 1319/1724/1319 1353/1718/1353
f 1353/1718/1353 1307/1715/1307 1369/1756/1369
f 1375/1744/1375 1317/1722/1317 1367/1735/1367
f 1367/1735/1367 1305/1734/1305 1375/1744/1375
f 1376/1738/1376 1318/1723/1318 1368/1736/1368
f 1368/1736/1368 1306/1737/1306 1376/1738/1376
f 1365/1730/1365 1303/1712/1303 1370/1709/1370
f 1370/1709/1370 1322/1727/1322 1365/1730/1365
f 1361/1726/1361 1299/1708/1299 1373/1751/1373
f 1373/1751/1373 1315/1720/1315 1361/1726/1361
f 1374/1716/1374 1316/1721/1316 1364/1729/1364
f 1364/1729/1364 1302/1711/1302 1374/1716/1374
f 1354/1719/1354 1308/1748/1308 1371/1710/1371
f 1371/1710/1371 1323/1728/1323 1354/1719/1354
f 1351/1715/1351 1313/1718/1313 1355/1754/1355
f 1355/1754/1355 1341/1752/1341 1351/1715/1351
f 1348/1712/1348 1325/1730/1325 1359/1761/1359
f 1359/1761/1359 1329/1757/1329 1348/1712/1348
f 1352/1749/1352 1314/1753/1314 1366/1731/1366
f 1366/1731/1366 1336/1713/1336 1352/1749/1352
f 1345/1760/1345 1320/1762/1320 1356/1721/1356
f 1356/1721/1356 1342/1716/1342 1345/1760/1345
f 1346/1708/1346 1321/1726/1321 1357/1746/1357
f 1357/1746/1357 1343/1745/1343 1346/1708/1346
f 1349/1714/1349 1327/1732/1327 1362/1727/1362
f 1362/1727/1362 1332/1709/1332 1349/1714/1349
f 1350/1742/1350 1328/1733/1328 1363/1728/1363
f 1363/1728/1363 1333/1710/1333 1350/1742/1350
f 1347/1711/1347 1324/1729/1324 1358/1740/1358
f 1358/1740/1358 1344/1739/1344 1347/1711/1347
# 950 faces

g
