# Max2Obj Version 4.0 Mar 10th, 2001
#
# object normal1 to come ...
#
v  2.030865 0.911747 -97.771469
v  99.520889 2.463501 -99.323227
v  2.030865 0.911736 -1.833202
v  99.520889 2.463490 -0.281448
v  99.520889 77.207947 -0.281448
v  0.964039 77.692871 -0.766369
v  99.520889 77.207954 -99.323219
v  0.964039 77.692879 -98.838303
v  0.479115 2.463501 -99.323227
v  97.969131 0.911747 -97.771469
v  0.479115 2.463490 -0.281448
v  97.969131 0.911736 -1.833202
v  99.035965 77.692871 -0.766369
v  0.479115 77.207947 -0.281448
v  99.035965 77.692879 -98.838303
v  0.479115 77.207954 -99.323219
v  2.030865 0.911747 -97.771469
v  99.520889 2.463501 -99.323227
v  2.030865 0.911736 -1.833202
v  99.520889 2.463490 -0.281448
v  0.479115 2.463501 -99.323227
v  97.969131 0.911747 -97.771469
v  0.479115 2.463490 -0.281448
v  97.969131 0.911736 -1.833202
v  99.520889 2.463490 -0.281448
v  0.479115 2.463501 -99.323227
v  0.479115 2.463490 -0.281448
v  99.520889 2.463501 -99.323227
v  99.520889 77.207947 -0.281448
v  99.520889 77.207947 -0.281448
v  99.520889 77.207954 -99.323219
v  99.520889 77.207954 -99.323219
v  0.479115 77.207947 -0.281448
v  0.479115 77.207947 -0.281448
v  0.479115 77.207954 -99.323219
v  0.479115 77.207954 -99.323219
v  0.964039 77.692871 -0.766369
v  0.964039 77.692879 -98.838303
v  99.035965 77.692871 -0.766369
v  99.035965 77.692879 -98.838303
v  2.030865 0.911747 -97.771469
v  99.520889 2.463501 -99.323227
v  97.969131 0.911747 -97.771469
v  2.030865 0.911736 -1.833202
v  99.520889 2.463490 -0.281448
v  0.479115 2.463501 -99.323227
v  0.479115 2.463490 -0.281448
v  97.969131 0.911736 -1.833202
v  41.155708 180.384262 -59.107651
v  58.844292 180.384262 -59.107651
v  40.694672 180.384247 -40.958031
v  59.305328 180.384247 -40.958031
v  41.155708 74.246338 -59.107666
v  58.844292 74.246338 -59.107666
v  40.694672 74.246346 -40.958042
v  59.305328 74.246346 -40.958042
v  58.844292 108.486176 -59.107658
v  40.694672 108.486176 -58.646622
v  59.305328 108.486160 -40.958038
v  41.155708 108.486160 -40.497002
v  59.305328 147.733826 -58.646622
v  58.844292 147.733826 -40.497002
v  40.694672 147.733826 -40.958038
v  41.155708 147.733826 -59.107655
v  40.694672 180.384262 -58.646614
v  59.305328 180.384262 -58.646614
v  41.155708 180.384247 -40.496994
v  58.844292 180.384247 -40.496994
v  40.694672 74.246338 -58.646629
v  59.305328 74.246338 -58.646629
v  41.155708 74.246346 -40.497005
v  58.844292 74.246346 -40.497005
v  59.305328 108.486176 -58.646622
v  41.155708 108.486176 -59.107658
v  58.844292 108.486160 -40.497002
v  40.694672 108.486160 -40.958038
v  58.844292 147.733826 -59.107655
v  59.305328 147.733826 -40.958038
v  41.155708 147.733826 -40.497002
v  40.694672 147.733826 -58.646622
v  41.155708 180.384262 -59.107651
v  58.844292 180.384262 -59.107651
v  40.694672 180.384247 -40.958031
v  59.305328 180.384247 -40.958031
v  41.155708 74.246338 -59.107666
v  58.844292 74.246338 -59.107666
v  40.694672 74.246346 -40.958042
v  59.305328 74.246346 -40.958042
v  40.694672 180.384262 -58.646614
v  59.305328 180.384262 -58.646614
v  41.155708 180.384247 -40.496994
v  58.844292 180.384247 -40.496994
v  40.694672 74.246338 -58.646629
v  59.305328 74.246338 -58.646629
v  41.155708 74.246346 -40.497005
v  58.844292 74.246346 -40.497005
v  41.155708 180.384262 -59.107651
v  58.844292 74.246338 -59.107666
v  58.844292 108.486176 -59.107658
v  40.694672 108.486176 -58.646622
v  59.305328 108.486160 -40.958038
v  41.155708 108.486160 -40.497002
v  59.305328 147.733826 -58.646622
v  58.844292 147.733826 -40.497002
v  40.694672 147.733826 -40.958038
v  41.155708 147.733826 -59.107655
v  40.694672 180.384262 -58.646614
v  41.155708 180.384247 -40.496994
v  59.305328 74.246338 -58.646629
v  58.844292 74.246346 -40.497005
v  59.305328 108.486176 -58.646622
v  41.155708 108.486176 -59.107658
v  58.844292 108.486160 -40.497002
v  40.694672 108.486160 -40.958038
v  58.844292 147.733826 -59.107655
v  59.305328 147.733826 -40.958038
v  41.155708 147.733826 -40.497002
v  40.694672 147.733826 -58.646622
v  58.844292 180.384262 -59.107651
v  40.694672 180.384247 -40.958031
v  59.305328 180.384247 -40.958031
v  41.155708 74.246338 -59.107666
v  40.694672 74.246346 -40.958042
v  59.305328 74.246346 -40.958042
v  59.305328 180.384262 -58.646614
v  58.844292 180.384247 -40.496994
v  40.694672 74.246338 -58.646629
v  41.155708 74.246346 -40.497005
v  0.479115 197.625000 -99.323212
v  98.002838 199.143051 -97.805161
v  0.479115 197.625000 -0.281437
v  98.002838 199.143051 -1.799484
v  98.260086 176.882401 -1.542244
v  0.479115 178.143188 -0.281441
v  98.260086 176.882416 -98.062408
v  0.479115 178.143204 -99.323212
v  1.997162 199.143051 -97.805161
v  99.520889 197.625000 -99.323212
v  1.997162 199.143051 -1.799484
v  99.520889 197.625000 -0.281437
v  99.520889 178.143188 -0.281441
v  1.739910 176.882401 -1.542244
v  99.520889 178.143204 -99.323212
v  1.739910 176.882416 -98.062408
v  0.479115 197.625000 -99.323212
v  0.479115 197.625000 -99.323212
v  98.002838 199.143051 -97.805161
v  98.002838 199.143051 -97.805161
v  0.479115 197.625000 -0.281437
v  0.479115 197.625000 -0.281437
v  98.002838 199.143051 -1.799484
v  98.002838 199.143051 -1.799484
v  1.997162 199.143051 -97.805161
v  1.997162 199.143051 -97.805161
v  99.520889 197.625000 -99.323212
v  99.520889 197.625000 -99.323212
v  1.997162 199.143051 -1.799484
v  1.997162 199.143051 -1.799484
v  99.520889 197.625000 -0.281437
v  99.520889 197.625000 -0.281437
v  0.479115 197.625000 -0.281437
v  99.520889 197.625000 -0.281437
v  0.479115 197.625000 -99.323212
v  99.520889 197.625000 -99.323212
v  98.260086 176.882401 -1.542244
v  0.479115 178.143188 -0.281441
v  0.479115 178.143188 -0.281441
v  98.260086 176.882416 -98.062408
v  0.479115 178.143204 -99.323212
v  0.479115 178.143204 -99.323212
v  99.520889 178.143188 -0.281441
v  99.520889 178.143188 -0.281441
v  1.739910 176.882401 -1.542244
v  99.520889 178.143204 -99.323212
v  99.520889 178.143204 -99.323212
v  1.739910 176.882416 -98.062408
v  98.260086 176.882401 -1.542244
v  1.739910 176.882401 -1.542244
v  0.479115 178.143188 -0.281441
v  98.260086 176.882416 -98.062408
v  0.479115 178.143204 -99.323212
v  99.520889 178.143188 -0.281441
v  99.520889 178.143204 -99.323212
v  1.739910 176.882416 -98.062408
# 184 vertices

vt  0.025316 0.020180 0.999501
vt  0.490207 0.020180 0.999501
vt  0.490207 0.457388 0.999501
vt  0.025316 0.457388 0.999501
vt  0.025316 0.457388 0.000499
vt  0.490207 0.457388 0.000499
vt  0.490207 0.020180 0.000499
vt  0.025316 0.020180 0.000499
vt  0.015965 0.506203 1.412800
vt  0.561733 0.506203 1.412800
vt  0.015965 0.952840 1.412800
vt  0.561733 0.506203 1.412800
vt  0.561733 0.506203 1.412800
vt  0.561733 0.952840 1.412800
vt  0.561733 0.952840 1.412800
vt  0.561733 0.952840 1.412800
vt  0.015965 0.506203 1.412800
vt  0.015965 0.952840 1.412800
vt  0.561733 0.952840 1.412800
vt  0.561733 0.506203 1.412800
vt  0.561733 0.506203 1.412800
vt  0.561733 0.952840 1.412800
vt  0.015965 0.506203 1.412800
vt  0.015965 0.952840 1.412800
vt  0.561733 0.987640 1.368530
vt  0.015965 0.987640 1.368530
vt  0.561733 0.987640 1.368530
vt  0.015965 0.987640 1.368530
vt  0.561733 0.476772 1.398966
vt  0.015965 0.476772 1.398966
vt  0.015965 0.476772 1.398966
vt  0.561733 0.476772 1.398966
vt  0.561733 0.987640 1.368530
vt  0.561733 0.476772 1.398966
vt  0.015965 0.506203 1.412800
vt  0.015965 0.987640 1.368530
vt  0.015965 0.476772 1.398966
vt  0.015965 0.506203 1.412800
vt  0.015965 0.506203 1.412800
vt  0.015965 0.952840 1.412800
vt  0.015965 0.952840 1.412800
vt  0.015965 0.952840 1.412800
vt  0.015965 0.506203 1.412800
vt  0.015965 0.952840 1.412800
vt  0.015965 0.987640 1.368530
vt  0.015965 0.476772 1.398966
vt  0.561733 0.952840 1.412800
vt  0.561733 0.952840 1.412800
vt  0.561733 0.952840 1.412800
vt  0.561733 0.506203 1.412800
vt  0.561733 0.506203 1.412800
vt  0.561733 0.506203 1.412800
vt  0.561733 0.987640 1.368530
vt  0.561733 0.476772 1.398966
vt  0.618451 0.825431 0.000499
vt  0.614912 0.828970 0.000499
vt  0.614912 0.964751 0.000499
vt  0.618451 0.968290 0.000499
vt  0.754232 0.968290 0.000499
vt  0.757771 0.964751 0.000499
vt  0.757771 0.828970 0.000499
vt  0.754232 0.825431 0.000499
vt  0.614912 0.828970 0.999501
vt  0.618451 0.825431 0.999501
vt  0.754232 0.825431 0.999501
vt  0.757771 0.828970 0.999501
vt  0.757771 0.964751 0.999500
vt  0.754232 0.968290 0.999500
vt  0.618451 0.968290 0.999500
vt  0.614912 0.964751 0.999500
vt  0.587678 0.787674 1.378246
vt  0.684542 0.787674 1.378246
vt  0.684542 0.481095 1.378246
vt  0.587678 0.481095 1.378246
vt  0.693679 0.787674 1.378246
vt  0.790544 0.787674 1.378246
vt  0.790544 0.481095 1.378246
vt  0.693679 0.481095 1.378246
vt  0.587678 0.787674 1.378246
vt  0.684542 0.787674 1.378246
vt  0.684542 0.481095 1.378246
vt  0.587678 0.481095 1.378246
vt  0.693679 0.787674 1.378246
vt  0.790544 0.787674 1.378246
vt  0.790544 0.481095 1.378246
vt  0.693679 0.481095 1.378246
vt  0.684542 0.787674 1.378246
vt  0.684542 0.481095 1.378246
vt  0.587678 0.481095 1.378246
vt  0.587678 0.787674 1.378246
vt  0.790544 0.787674 1.378246
vt  0.790544 0.481095 1.378246
vt  0.693679 0.481095 1.378246
vt  0.693679 0.787674 1.378246
vt  0.684542 0.787674 1.378246
vt  0.684542 0.481095 1.378246
vt  0.799128 0.481095 1.378246
vt  0.799128 0.787674 1.378246
vt  0.790544 0.787674 1.378246
vt  0.790544 0.481095 1.378246
vt  0.693679 0.481095 1.378246
vt  0.693679 0.787674 1.378246
vt  0.684542 0.787674 1.378246
vt  0.684542 0.787674 1.378246
vt  0.587678 0.481095 1.378246
vt  0.684542 0.787674 1.378246
vt  0.587678 0.787674 1.378246
vt  0.587678 0.787674 1.378246
vt  0.799128 0.787674 1.378246
vt  0.799128 0.481095 1.378246
vt  0.799128 0.481095 1.378246
vt  0.799128 0.787674 1.378246
vt  0.799128 0.787674 1.378246
vt  0.790544 0.787674 1.378246
vt  0.790544 0.787674 1.378246
vt  0.790544 0.787674 1.378246
vt  0.693679 0.787674 1.378246
vt  0.693679 0.787674 1.378246
vt  0.693679 0.787674 1.378246
vt  0.684542 0.787674 1.378246
vt  0.684542 0.787674 1.378246
vt  0.684542 0.787674 1.378246
vt  0.799128 0.787674 1.378246
vt  0.790544 0.787674 1.378246
vt  0.790544 0.787674 1.378246
vt  0.790544 0.787674 1.378246
vt  0.693679 0.787674 1.378246
vt  0.693679 0.787674 1.378246
vt  0.693679 0.787674 1.378246
vt  0.587678 0.787674 1.378246
vt  0.684542 0.481095 1.378246
vt  0.684542 0.481095 1.378246
vt  0.684542 0.481095 1.378246
vt  0.587678 0.481095 1.378246
vt  0.799128 0.481095 1.378246
vt  0.799128 0.481095 1.378246
vt  0.790544 0.481095 1.378246
vt  0.790544 0.481095 1.378246
vt  0.790544 0.481095 1.378246
vt  0.693679 0.481095 1.378246
vt  0.693679 0.481095 1.378246
vt  0.693679 0.481095 1.378246
vt  0.684542 0.481095 1.378246
vt  0.684542 0.481095 1.378246
vt  0.684542 0.481095 1.378246
vt  0.587678 0.481095 1.378246
vt  0.790544 0.481095 1.378246
vt  0.790544 0.481095 1.378246
vt  0.790544 0.481095 1.378246
vt  0.693679 0.481095 1.378246
vt  0.693679 0.481095 1.378246
vt  0.693679 0.481095 1.378246
vt  0.799128 0.787674 1.378246
vt  0.799128 0.481095 1.378246
vt  0.514801 0.020180 0.000499
vt  0.514801 0.457388 0.000499
vt  0.983753 0.457388 0.000499
vt  0.983753 0.020180 0.000499
vt  0.983753 0.457388 0.999501
vt  0.514801 0.457388 0.999501
vt  0.514801 0.020180 0.999501
vt  0.983753 0.020180 0.999501
vt  0.957991 0.479457 1.412800
vt  0.957991 0.479457 1.412800
vt  0.957991 0.479457 1.412800
vt  0.848523 0.479457 1.412800
vt  0.848523 0.479457 1.412800
vt  0.848523 0.479457 1.412800
vt  0.985375 0.479457 1.369491
vt  0.823888 0.479457 1.376830
vt  0.957991 0.982589 1.412800
vt  0.957991 0.479457 1.412800
vt  0.848523 0.479457 1.412800
vt  0.848523 0.982589 1.412800
vt  0.957991 0.982589 1.412800
vt  0.848523 0.982589 1.412800
vt  0.957991 0.479457 1.412800
vt  0.848523 0.479457 1.412800
vt  0.985375 0.982589 1.369491
vt  0.985375 0.479457 1.369491
vt  0.985375 0.982589 1.369491
vt  0.985375 0.479457 1.369491
vt  0.823888 0.479457 1.376830
vt  0.823888 0.982589 1.376830
vt  0.823888 0.479457 1.376830
vt  0.823888 0.982589 1.376831
vt  0.957991 0.982589 1.412800
vt  0.957991 0.982589 1.412800
vt  0.957991 0.982589 1.412800
vt  0.985375 0.982589 1.369491
vt  0.823888 0.982589 1.376830
vt  0.848523 0.982589 1.412800
vt  0.957991 0.982589 1.412800
vt  0.848523 0.982589 1.412800
vt  0.848523 0.982589 1.412800
vt  0.848523 0.982589 1.412800
vt  0.957991 0.982589 1.412800
vt  0.848523 0.982589 1.412800
vt  0.985375 0.982589 1.369491
vt  0.823888 0.982589 1.376831
vt  0.957991 0.479457 1.412800
vt  0.957991 0.479457 1.412800
vt  0.957991 0.479457 1.412800
vt  0.848523 0.479457 1.412800
vt  0.848523 0.479457 1.412800
vt  0.848523 0.479457 1.412800
vt  0.985375 0.479457 1.369491
vt  0.823888 0.479457 1.376830
# 208 texture vertices

vn  -0.707108 -0.707106 -0.000000
vn  0.707108 -0.707106 -0.000000
vn  0.000000 -1.000000 -0.000000
vn  1.000000 0.000000 0.000000
vn  1.000000 0.000000 0.000000
vn  -1.545925 3.091861 1.545935
vn  0.000000 0.000000 -1.000000
vn  0.000000 1.000000 0.000000
vn  -1.000000 0.000000 0.000000
vn  0.000000 -0.707107 -0.707107
vn  0.000000 0.000000 1.000000
vn  0.000000 -1.000000 -0.000000
vn  1.541005 3.086941 1.545936
vn  0.000000 0.000000 1.000000
vn  0.000000 1.000000 0.000000
vn  -1.000000 0.000000 0.000000
vn  0.000000 -1.000000 -0.000000
vn  0.000000 0.000000 -1.000000
vn  0.000000 -0.707107 0.707107
vn  0.000000 -0.707107 0.707107
vn  0.000000 -0.707107 -0.707107
vn  0.000000 -1.000000 -0.000000
vn  -0.707108 -0.707106 -0.000000
vn  0.707108 -0.707106 -0.000000
vn  0.000000 0.000000 1.000000
vn  0.000000 0.000000 -1.000000
vn  -1.000000 0.000000 0.000000
vn  1.000000 0.000000 0.000000
vn  0.675511 1.351021 0.675509
vn  0.000000 0.000000 1.000000
vn  0.408247 0.816497 -0.408250
vn  1.000000 0.000000 0.000000
vn  -0.004913 0.680421 0.675510
vn  -1.000000 0.000000 0.000000
vn  -0.408249 0.816497 -0.408248
vn  0.000000 0.000000 -1.000000
vn  0.000000 1.000000 0.000000
vn  -0.408246 0.816497 -0.408251
vn  0.000000 1.000000 0.000000
vn  0.408247 0.816497 -0.408249
vn  0.000000 -0.707107 -0.707107
vn  0.000000 -0.707107 -0.707107
vn  0.707108 -0.707106 -0.000000
vn  -0.707108 -0.707106 -0.000000
vn  0.707108 -0.707106 -0.000000
vn  -0.707108 -0.707106 -0.000000
vn  0.000000 -0.707107 0.707107
vn  0.000000 -0.707107 0.707107
vn  0.000000 0.000000 -1.000000
vn  -0.000000 1.000000 0.000001
vn  -0.000001 1.000000 0.000001
vn  0.000000 1.000000 0.000001
vn  0.000000 -1.000000 0.000001
vn  0.000000 0.000000 -1.000000
vn  -0.000000 -1.000000 0.000000
vn  0.000001 -1.000000 0.000001
vn  0.000000 0.000000 -1.000000
vn  -1.000000 0.000000 0.000000
vn  0.707106 -0.000000 0.707107
vn  -0.707106 -0.000000 0.707107
vn  0.707106 0.000000 -0.707107
vn  0.707107 -0.000000 0.707107
vn  -0.707107 -0.000000 0.707107
vn  0.000000 0.000000 -1.000000
vn  -0.707107 0.000000 -0.707107
vn  -0.000001 1.000000 0.000001
vn  -0.707107 -0.000000 0.707107
vn  0.000000 1.000000 0.000000
vn  0.000001 -1.000000 0.000001
vn  0.707107 0.000000 -0.707107
vn  0.000000 -1.000000 0.000000
vn  0.707107 -0.000000 0.707107
vn  1.000000 0.000000 0.000000
vn  -0.707107 0.000000 -0.707107
vn  0.000000 -0.000000 1.000000
vn  -0.707106 -0.000000 0.707107
vn  0.000000 0.000000 -1.000000
vn  1.000000 0.000000 0.000000
vn  0.000000 -0.000000 1.000000
vn  -1.000000 0.000000 0.000000
vn  0.000000 1.000000 0.000000
vn  0.707107 0.000000 -0.707107
vn  -1.000000 0.000000 0.000000
vn  0.707107 -0.000000 0.707107
vn  -0.707107 0.000000 -0.707107
vn  0.000000 -1.000000 0.000000
vn  -0.707107 -0.000000 0.707107
vn  1.000000 0.000000 0.000000
vn  0.000000 1.000000 0.000001
vn  1.000000 0.000000 0.000000
vn  -0.000000 1.000000 0.000001
vn  0.000000 -0.000000 1.000000
vn  -1.000000 0.000000 0.000000
vn  -0.000000 -1.000000 0.000000
vn  0.000000 -0.000000 1.000000
vn  0.000000 -1.000000 0.000001
vn  -0.707107 0.000000 -0.707107
vn  0.707107 0.000000 -0.707107
vn  0.707107 0.000000 -0.707107
vn  -0.707107 0.000000 -0.707107
vn  1.000000 0.000000 0.000000
vn  0.000000 -0.000000 1.000000
vn  1.000000 0.000000 0.000000
vn  0.000000 -0.000000 1.000000
vn  -1.000000 0.000000 0.000000
vn  -0.707106 0.000000 -0.707107
vn  -1.000000 0.000000 0.000000
vn  0.000000 -0.000000 1.000000
vn  1.000000 0.000000 0.000000
vn  0.000000 -0.000000 1.000000
vn  0.707107 0.000000 -0.707107
vn  0.000000 0.000000 -1.000000
vn  0.707106 -0.000000 0.707107
vn  -1.000000 0.000000 0.000000
vn  0.707106 0.000000 -0.707107
vn  0.707107 -0.000000 0.707107
vn  -0.707107 -0.000000 0.707107
vn  -0.707106 0.000000 -0.707107
vn  0.000000 0.000000 -1.000000
vn  -0.707107 -0.000000 0.707107
vn  1.000000 0.000000 0.000000
vn  0.000000 0.000000 -1.000000
vn  -1.000000 0.000000 0.000000
vn  0.707107 -0.000000 0.707107
vn  0.707107 0.000000 -0.707107
vn  0.707107 -0.000000 0.707107
vn  -0.707107 0.000000 -0.707107
vn  -0.707107 -0.000000 0.707107
vn  -0.707108 0.707106 0.000000
vn  0.707108 0.707106 0.000000
vn  -1.000000 0.000000 0.000000
vn  0.000000 1.000000 0.000000
vn  0.707107 -0.707107 -0.000000
vn  -1.000000 0.000000 0.000000
vn  0.000000 -1.000000 -0.000000
vn  0.000000 0.000000 -1.000000
vn  -0.707108 0.707106 0.000000
vn  0.000000 0.707105 -0.707109
vn  0.000000 0.707106 0.707108
vn  0.000000 -0.000000 1.000000
vn  0.000000 -0.000000 1.000000
vn  0.000000 -0.707109 0.707105
vn  1.000000 0.000000 0.000000
vn  0.000000 -1.000000 -0.000000
vn  0.000000 0.707105 -0.707109
vn  0.000000 0.000000 -1.000000
vn  0.000000 0.707105 -0.707109
vn  0.000000 1.000000 0.000000
vn  0.000000 0.707106 0.707108
vn  -0.707108 0.707106 0.000000
vn  0.000000 0.707106 0.707108
vn  0.707108 0.707106 0.000000
vn  0.000000 1.000000 0.000000
vn  0.000000 0.707105 -0.707109
vn  0.707108 0.707106 0.000000
vn  1.000000 0.000000 0.000000
vn  0.000000 1.000000 0.000000
vn  -0.707108 0.707106 0.000000
vn  0.707108 0.707106 0.000000
vn  0.000000 0.707106 0.707108
vn  0.000000 -0.000000 1.000000
vn  1.000000 0.000000 0.000000
vn  -1.000000 0.000000 0.000000
vn  0.000000 0.000000 -1.000000
vn  0.000000 -1.000000 -0.000000
vn  -0.707107 -0.707107 -0.000000
vn  0.000000 -0.000000 1.000000
vn  0.000000 -0.707111 -0.707102
vn  0.000000 -0.707111 -0.707102
vn  -1.000000 0.000000 0.000000
vn  0.000000 -0.707109 0.707105
vn  1.000000 0.000000 0.000000
vn  0.000000 -1.000000 -0.000000
vn  0.707105 -0.707109 -0.000000
vn  0.000000 0.000000 -1.000000
vn  -0.707105 -0.707109 -0.000000
vn  0.000000 -0.707109 0.707105
vn  -0.707107 -0.707107 -0.000000
vn  0.000000 -0.707109 0.707105
vn  0.707105 -0.707109 -0.000000
vn  -0.707105 -0.707109 -0.000000
vn  0.707107 -0.707107 -0.000000
vn  0.000000 -0.707111 -0.707102
vn  0.000000 -0.707111 -0.707102
# 184 vertex normals

g normal1
s 1
f 17/1/17 22/2/22 12/3/12
f 12/3/12 3/4/3 17/1/17
f 18/18/18 26/19/26 36/20/36
f 36/20/36 7/17/7 18/18/18
f 4/22/4 28/40/28 32/35/32
f 32/35/32 5/21/5 4/22/4
f 11/24/11 25/14/25 30/10/30
f 30/10/30 14/23/14 11/24/11
f 9/47/9 27/11/27 34/9/34
f 34/9/34 16/50/16 9/47/9
f 37/5/37 39/6/39 15/7/15
f 15/7/15 8/8/8 37/5/37
f 41/25/41 21/48/21 42/41/42
f 42/41/42 10/26/10 41/25/41
f 43/45/43 2/42/2 45/15/45
f 45/15/45 24/27/24 43/45/43
f 48/33/48 20/16/20 47/44/47
f 47/44/47 19/36/19 48/33/48
f 44/28/44 23/11/23 46/49/46
f 46/49/46 1/53/1 44/28/44
f 29/12/29 13/29/13 6/37/6
f 6/37/6 33/43/33 29/12/29
f 13/34/13 29/13/29 31/38/31
f 31/38/31 40/31/40 13/34/13
f 38/32/38 35/51/35 33/9/33
f 33/9/33 6/30/6 38/32/38
f 40/46/40 31/39/31 35/52/35
f 35/52/35 38/54/38 40/46/40
f 89/56/89 51/57/51 91/58/91
f 91/58/91 68/59/68 52/60/52
f 89/56/89 91/58/91 52/60/52
f 52/60/52 66/61/66 50/62/50
f 89/56/89 52/60/52 50/62/50
f 81/55/81 89/56/89 50/62/50
f 53/64/53 86/65/86 94/66/94
f 94/66/94 56/67/56 96/68/96
f 53/64/53 94/66/94 96/68/96
f 96/68/96 71/69/71 55/70/55
f 53/64/53 96/68/96 55/70/55
f 69/63/69 53/64/53 55/70/55
f 119/72/119 77/73/77 64/74/64
f 64/74/64 49/71/49 119/72/119
f 121/76/121 78/77/78 103/78/103
f 103/78/103 90/75/90 121/76/121
f 108/80/108 79/81/79 104/82/104
f 104/82/104 92/79/92 108/80/108
f 107/84/107 80/85/80 105/86/105
f 105/86/105 83/83/83 107/84/107
f 54/88/54 122/89/122 112/90/112
f 112/90/112 57/87/57 54/88/54
f 88/92/88 109/93/109 73/94/73
f 73/94/73 101/91/101 88/92/88
f 95/96/95 110/105/110 75/107/75
f 75/107/75 102/95/102 95/96/95
f 93/100/93 123/101/123 114/102/114
f 114/102/114 58/99/58 93/100/93
f 57/103/57 112/108/112 64/134/64
f 64/134/64 77/131/77 57/103/57
f 101/114/101 73/117/73 103/140/103
f 103/140/103 78/137/78 101/114/101
f 102/120/102 75/130/75 104/146/104
f 104/146/104 79/143/79 102/120/102
f 58/124/58 114/127/114 105/150/105
f 105/150/105 80/147/80 58/124/58
f 82/72/82 125/75/125 61/141/61
f 61/141/61 115/132/115 82/72/82
f 85/154/85 127/100/127 100/125/100
f 100/125/100 74/112/74 85/154/85
f 84/76/84 126/109/126 62/110/62
f 62/110/62 116/138/116 84/76/84
f 67/80/67 120/83/120 63/151/63
f 63/151/63 117/144/117 67/80/67
f 74/113/74 100/126/100 118/148/118
f 118/148/118 106/135/106 74/113/74
f 115/133/115 61/142/61 111/118/111
f 111/118/111 99/104/99 115/133/115
f 116/139/116 62/111/62 113/98/113
f 113/98/113 59/115/59 116/139/116
f 117/145/117 63/152/63 76/128/76
f 76/128/76 60/121/60 117/145/117
f 99/106/99 111/119/111 70/93/70
f 70/93/70 98/88/98 99/106/99
f 106/136/106 118/149/118 65/84/65
f 65/84/65 97/153/97 106/136/106
f 59/116/59 113/123/113 72/97/72
f 72/97/72 124/92/124 59/116/59
f 60/122/60 76/129/76 87/101/87
f 87/101/87 128/96/128 60/122/60
f 153/155/153 157/156/157 132/157/132
f 132/157/132 148/158/148 153/155/153
f 164/172/164 175/173/175 136/174/136
f 136/174/136 146/171/146 164/172/164
f 162/175/162 172/176/172 143/166/143
f 143/166/143 156/163/156 162/175/162
f 161/177/161 167/178/167 141/192/141
f 141/192/141 140/189/140 161/177/161
f 163/187/163 170/194/170 134/204/134
f 134/204/134 131/201/131 163/187/163
f 165/159/165 173/160/173 144/161/144
f 144/161/144 135/162/135 165/159/165
f 137/179/137 129/188/129 150/202/150
f 150/202/150 158/180/158 137/179/137
f 139/207/139 149/203/149 160/189/160
f 160/189/160 151/190/151 139/207/139
f 152/181/152 159/197/159 155/164/155
f 155/164/155 130/182/130 152/181/152
f 147/169/147 138/165/138 145/193/145
f 145/193/145 154/199/154 147/169/147
f 179/205/179 142/183/142 177/191/177
f 177/191/177 171/192/171 179/205/179
f 180/185/180 174/167/174 182/198/182
f 182/198/182 133/184/133 180/185/180
f 178/208/178 166/206/166 181/195/181
f 181/195/181 176/186/176 178/208/178
f 184/200/184 169/196/169 183/168/183
f 183/168/183 168/170/168 184/200/184
# 116 faces

g
# object pressed1 to come ...
#
v  2.030865 0.911747 -97.771469
v  99.520889 2.463501 -99.323227
v  2.030865 0.911736 -1.833202
v  99.520889 2.463490 -0.281448
v  99.520889 77.207947 -0.281448
v  0.964039 77.692871 -0.766369
v  99.520889 77.207954 -99.323219
v  0.964039 77.692879 -98.838303
v  0.479115 2.463501 -99.323227
v  97.969131 0.911747 -97.771469
v  0.479115 2.463490 -0.281448
v  97.969131 0.911736 -1.833202
v  99.035965 77.692871 -0.766369
v  0.479115 77.207947 -0.281448
v  99.035965 77.692879 -98.838303
v  0.479115 77.207954 -99.323219
v  2.030865 0.911747 -97.771469
v  99.520889 2.463501 -99.323227
v  2.030865 0.911736 -1.833202
v  99.520889 2.463490 -0.281448
v  0.479115 2.463501 -99.323227
v  97.969131 0.911747 -97.771469
v  0.479115 2.463490 -0.281448
v  97.969131 0.911736 -1.833202
v  99.520889 2.463490 -0.281448
v  0.479115 2.463501 -99.323227
v  0.479115 2.463490 -0.281448
v  99.520889 2.463501 -99.323227
v  99.520889 77.207947 -0.281448
v  99.520889 77.207947 -0.281448
v  99.520889 77.207954 -99.323219
v  99.520889 77.207954 -99.323219
v  0.479115 77.207947 -0.281448
v  0.479115 77.207947 -0.281448
v  0.479115 77.207954 -99.323219
v  0.479115 77.207954 -99.323219
v  0.964039 77.692871 -0.766369
v  0.964039 77.692879 -98.838303
v  99.035965 77.692871 -0.766369
v  99.035965 77.692879 -98.838303
v  2.030865 0.911747 -97.771469
v  99.520889 2.463501 -99.323227
v  97.969131 0.911747 -97.771469
v  2.030865 0.911736 -1.833202
v  99.520889 2.463490 -0.281448
v  0.479115 2.463501 -99.323227
v  0.479115 2.463490 -0.281448
v  97.969131 0.911736 -1.833202
v  0.479115 98.435471 -99.323212
v  98.002838 99.953522 -97.805168
v  0.479115 98.435471 -0.281441
v  98.002838 99.953514 -1.799488
v  98.260086 77.692871 -1.542248
v  0.479115 78.953674 -0.281448
v  98.260086 77.692879 -98.062424
v  0.479115 78.953682 -99.323219
v  1.997162 99.953522 -97.805168
v  99.520889 98.435471 -99.323212
v  1.997162 99.953514 -1.799488
v  99.520889 98.435471 -0.281441
v  99.520889 78.953674 -0.281448
v  1.739910 77.692871 -1.542248
v  99.520889 78.953682 -99.323219
v  1.739910 77.692879 -98.062424
v  0.479115 98.435471 -99.323212
v  0.479115 98.435471 -99.323212
v  98.002838 99.953522 -97.805168
v  98.002838 99.953522 -97.805168
v  0.479115 98.435471 -0.281441
v  0.479115 98.435471 -0.281441
v  98.002838 99.953514 -1.799488
v  98.002838 99.953514 -1.799488
v  1.997162 99.953522 -97.805168
v  1.997162 99.953522 -97.805168
v  99.520889 98.435471 -99.323212
v  99.520889 98.435471 -99.323212
v  1.997162 99.953514 -1.799488
v  1.997162 99.953514 -1.799488
v  99.520889 98.435471 -0.281441
v  99.520889 98.435471 -0.281441
v  0.479115 98.435471 -0.281441
v  99.520889 98.435471 -0.281441
v  0.479115 98.435471 -99.323212
v  99.520889 98.435471 -99.323212
v  98.260086 77.692871 -1.542248
v  0.479115 78.953674 -0.281448
v  0.479115 78.953674 -0.281448
v  98.260086 77.692879 -98.062424
v  0.479115 78.953682 -99.323219
v  0.479115 78.953682 -99.323219
v  99.520889 78.953674 -0.281448
v  99.520889 78.953674 -0.281448
v  1.739910 77.692871 -1.542248
v  99.520889 78.953682 -99.323219
v  99.520889 78.953682 -99.323219
v  1.739910 77.692879 -98.062424
v  98.260086 77.692871 -1.542248
v  1.739910 77.692871 -1.542248
v  0.479115 78.953674 -0.281448
v  98.260086 77.692879 -98.062424
v  0.479115 78.953682 -99.323219
v  99.520889 78.953674 -0.281448
v  99.520889 78.953682 -99.323219
v  1.739910 77.692879 -98.062424
# 104 vertices

vt  0.025316 0.020180 0.999501
vt  0.490207 0.020180 0.999501
vt  0.490207 0.457388 0.999501
vt  0.025316 0.457388 0.999501
vt  0.025316 0.457388 0.000499
vt  0.490207 0.457388 0.000499
vt  0.490207 0.020180 0.000499
vt  0.025316 0.020180 0.000499
vt  0.015965 0.506203 1.412800
vt  0.561733 0.506203 1.412800
vt  0.015965 0.952840 1.412800
vt  0.561733 0.506203 1.412800
vt  0.561733 0.506203 1.412800
vt  0.561733 0.952840 1.412800
vt  0.561733 0.952840 1.412800
vt  0.561733 0.952840 1.412800
vt  0.015965 0.506203 1.412800
vt  0.015965 0.952840 1.412800
vt  0.561733 0.952840 1.412800
vt  0.561733 0.506203 1.412800
vt  0.561733 0.506203 1.412800
vt  0.561733 0.952840 1.412800
vt  0.015965 0.506203 1.412800
vt  0.015965 0.952840 1.412800
vt  0.561733 0.987640 1.368530
vt  0.015965 0.987640 1.368530
vt  0.561733 0.987640 1.368530
vt  0.015965 0.987640 1.368530
vt  0.561733 0.476772 1.398966
vt  0.015965 0.476772 1.398966
vt  0.015965 0.476772 1.398966
vt  0.561733 0.476772 1.398966
vt  0.561733 0.987640 1.368530
vt  0.561733 0.476772 1.398966
vt  0.015965 0.506203 1.412800
vt  0.015965 0.987640 1.368530
vt  0.015965 0.476772 1.398966
vt  0.015965 0.506203 1.412800
vt  0.015965 0.506203 1.412800
vt  0.015965 0.952840 1.412800
vt  0.015965 0.952840 1.412800
vt  0.015965 0.952840 1.412800
vt  0.015965 0.506203 1.412800
vt  0.015965 0.952840 1.412800
vt  0.015965 0.987640 1.368530
vt  0.015965 0.476772 1.398966
vt  0.561733 0.952840 1.412800
vt  0.561733 0.952840 1.412800
vt  0.561733 0.952840 1.412800
vt  0.561733 0.506203 1.412800
vt  0.561733 0.506203 1.412800
vt  0.561733 0.506203 1.412800
vt  0.561733 0.987640 1.368530
vt  0.561733 0.476772 1.398966
vt  0.514801 0.020180 0.000499
vt  0.514801 0.457388 0.000499
vt  0.983753 0.457388 0.000499
vt  0.983753 0.020180 0.000499
vt  0.983753 0.457388 0.999501
vt  0.514801 0.457388 0.999501
vt  0.514801 0.020180 0.999501
vt  0.983753 0.020180 0.999501
vt  0.957991 0.479457 1.412800
vt  0.957991 0.479457 1.412800
vt  0.957991 0.479457 1.412800
vt  0.848523 0.479457 1.412800
vt  0.848523 0.479457 1.412800
vt  0.848523 0.479457 1.412800
vt  0.985375 0.479457 1.369491
vt  0.823888 0.479457 1.376830
vt  0.957991 0.982589 1.412800
vt  0.957991 0.479457 1.412800
vt  0.848523 0.479457 1.412800
vt  0.848523 0.982589 1.412800
vt  0.957991 0.982589 1.412800
vt  0.848523 0.982589 1.412800
vt  0.957991 0.479457 1.412800
vt  0.848523 0.479457 1.412800
vt  0.985375 0.982589 1.369491
vt  0.985375 0.479457 1.369491
vt  0.985375 0.982589 1.369491
vt  0.985375 0.479457 1.369491
vt  0.823888 0.479457 1.376830
vt  0.823888 0.982589 1.376830
vt  0.823888 0.479457 1.376830
vt  0.823888 0.982589 1.376831
vt  0.957991 0.982589 1.412800
vt  0.957991 0.982589 1.412800
vt  0.957991 0.982589 1.412800
vt  0.985375 0.982589 1.369491
vt  0.823888 0.982589 1.376830
vt  0.848523 0.982589 1.412800
vt  0.957991 0.982589 1.412800
vt  0.848523 0.982589 1.412800
vt  0.848523 0.982589 1.412800
vt  0.848523 0.982589 1.412800
vt  0.957991 0.982589 1.412800
vt  0.848523 0.982589 1.412800
vt  0.985375 0.982589 1.369491
vt  0.823888 0.982589 1.376831
vt  0.957991 0.479457 1.412800
vt  0.957991 0.479457 1.412800
vt  0.957991 0.479457 1.412800
vt  0.848523 0.479457 1.412800
vt  0.848523 0.479457 1.412800
vt  0.848523 0.479457 1.412800
vt  0.985375 0.479457 1.369491
vt  0.823888 0.479457 1.376830
# 108 texture vertices

vn  -0.707108 -0.707106 -0.000000
vn  0.707108 -0.707106 -0.000000
vn  0.000000 -1.000000 -0.000000
vn  1.000000 0.000000 0.000000
vn  1.000000 0.000000 0.000000
vn  -1.545925 3.091861 1.545935
vn  0.000000 0.000000 -1.000000
vn  0.000000 1.000000 0.000000
vn  -1.000000 0.000000 0.000000
vn  0.000000 -0.707107 -0.707107
vn  0.000000 0.000000 1.000000
vn  0.000000 -1.000000 -0.000000
vn  1.541005 3.086941 1.545936
vn  0.000000 0.000000 1.000000
vn  0.000000 1.000000 0.000000
vn  -1.000000 0.000000 0.000000
vn  0.000000 -1.000000 -0.000000
vn  0.000000 0.000000 -1.000000
vn  0.000000 -0.707107 0.707107
vn  0.000000 -0.707107 0.707107
vn  0.000000 -0.707107 -0.707107
vn  0.000000 -1.000000 -0.000000
vn  -0.707108 -0.707106 -0.000000
vn  0.707108 -0.707106 -0.000000
vn  0.000000 0.000000 1.000000
vn  0.000000 0.000000 -1.000000
vn  -1.000000 0.000000 0.000000
vn  1.000000 0.000000 0.000000
vn  0.675511 1.351021 0.675509
vn  0.000000 0.000000 1.000000
vn  0.408247 0.816497 -0.408250
vn  1.000000 0.000000 0.000000
vn  -0.004913 0.680421 0.675510
vn  -1.000000 0.000000 0.000000
vn  -0.408249 0.816497 -0.408248
vn  0.000000 0.000000 -1.000000
vn  0.000000 1.000000 0.000000
vn  -0.408246 0.816497 -0.408251
vn  0.000000 1.000000 0.000000
vn  0.408247 0.816497 -0.408249
vn  0.000000 -0.707107 -0.707107
vn  0.000000 -0.707107 -0.707107
vn  0.707108 -0.707106 -0.000000
vn  -0.707108 -0.707106 -0.000000
vn  0.707108 -0.707106 -0.000000
vn  -0.707108 -0.707106 -0.000000
vn  0.000000 -0.707107 0.707107
vn  0.000000 -0.707107 0.707107
vn  -0.707107 0.707107 0.000000
vn  0.707107 0.707107 0.000000
vn  -1.000000 0.000000 0.000000
vn  0.000000 1.000000 0.000000
vn  0.707107 -0.707106 -0.000000
vn  -1.000000 0.000000 0.000000
vn  0.000000 -1.000000 -0.000000
vn  0.000000 0.000000 -1.000000
vn  -0.707107 0.707107 0.000000
vn  0.000000 0.707107 -0.707107
vn  0.000000 0.707107 0.707107
vn  0.000000 -0.000000 1.000000
vn  0.000000 -0.000000 1.000000
vn  0.000000 -0.707107 0.707106
vn  1.000000 0.000000 0.000000
vn  0.000000 -1.000000 -0.000000
vn  0.000000 0.707107 -0.707107
vn  0.000000 0.000000 -1.000000
vn  0.000000 0.707107 -0.707107
vn  0.000000 1.000000 0.000000
vn  0.000000 0.707107 0.707107
vn  -0.707107 0.707107 0.000000
vn  0.000000 0.707107 0.707107
vn  0.707107 0.707107 0.000000
vn  0.000000 1.000000 0.000000
vn  0.000000 0.707107 -0.707107
vn  0.707107 0.707107 0.000000
vn  1.000000 0.000000 0.000000
vn  0.000000 1.000000 0.000000
vn  -0.707107 0.707107 0.000000
vn  0.707107 0.707107 0.000000
vn  0.000000 0.707107 0.707107
vn  0.000000 -0.000000 1.000000
vn  1.000000 0.000000 0.000000
vn  -1.000000 0.000000 0.000000
vn  0.000000 0.000000 -1.000000
vn  0.000000 -1.000000 -0.000000
vn  -0.707107 -0.707106 -0.000000
vn  0.000000 -0.000000 1.000000
vn  0.000000 -0.707107 -0.707107
vn  0.000000 -0.707107 -0.707107
vn  -1.000000 0.000000 0.000000
vn  0.000000 -0.707107 0.707106
vn  1.000000 0.000000 0.000000
vn  0.000000 -1.000000 -0.000000
vn  0.707108 -0.707106 -0.000000
vn  0.000000 0.000000 -1.000000
vn  -0.707108 -0.707106 -0.000000
vn  0.000000 -0.707107 0.707106
vn  -0.707107 -0.707106 -0.000000
vn  0.000000 -0.707107 0.707106
vn  0.707108 -0.707106 -0.000000
vn  -0.707108 -0.707106 -0.000000
vn  0.707107 -0.707106 -0.000000
vn  0.000000 -0.707107 -0.707107
vn  0.000000 -0.707107 -0.707107
# 104 vertex normals

g pressed1
s 1
f 201/209/201 206/210/206 196/211/196
f 196/211/196 187/212/187 201/209/201
f 202/226/202 210/227/210 220/228/220
f 220/228/220 191/225/191 202/226/202
f 188/230/188 212/248/212 216/243/216
f 216/243/216 189/229/189 188/230/188
f 195/232/195 209/222/209 214/218/214
f 214/218/214 198/231/198 195/232/195
f 193/255/193 211/219/211 218/217/218
f 218/217/218 200/258/200 193/255/193
f 221/213/221 223/214/223 199/215/199
f 199/215/199 192/216/192 221/213/221
f 225/233/225 205/256/205 226/249/226
f 226/249/226 194/234/194 225/233/225
f 227/253/227 186/250/186 229/223/229
f 229/223/229 208/235/208 227/253/227
f 232/241/232 204/224/204 231/252/231
f 231/252/231 203/244/203 232/241/232
f 228/236/228 207/219/207 230/257/230
f 230/257/230 185/261/185 228/236/228
f 213/220/213 197/237/197 190/245/190
f 190/245/190 217/251/217 213/220/213
f 197/242/197 213/221/213 215/246/215
f 215/246/215 224/239/224 197/242/197
f 222/240/222 219/259/219 217/217/217
f 217/217/217 190/238/190 222/240/222
f 224/254/224 215/247/215 219/260/219
f 219/260/219 222/262/222 224/254/224
f 257/263/257 261/264/261 236/265/236
f 236/265/236 252/266/252 257/263/257
f 268/280/268 279/281/279 240/282/240
f 240/282/240 250/279/250 268/280/268
f 266/283/266 276/284/276 247/274/247
f 247/274/247 260/271/260 266/283/266
f 265/285/265 271/286/271 245/300/245
f 245/300/245 244/297/244 265/285/265
f 267/295/267 274/302/274 238/312/238
f 238/312/238 235/309/235 267/295/267
f 269/267/269 277/268/277 248/269/248
f 248/269/248 239/270/239 269/267/269
f 241/287/241 233/296/233 254/310/254
f 254/310/254 262/288/262 241/287/241
f 243/315/243 253/311/253 264/297/264
f 264/297/264 255/298/255 243/315/243
f 256/289/256 263/305/263 259/272/259
f 259/272/259 234/290/234 256/289/256
f 251/277/251 242/273/242 249/301/249
f 249/301/249 258/307/258 251/277/251
f 283/313/283 246/291/246 281/299/281
f 281/299/281 275/300/275 283/313/283
f 284/293/284 278/275/278 286/306/286
f 286/306/286 237/292/237 284/293/284
f 282/316/282 270/314/270 285/303/285
f 285/303/285 280/294/280 282/316/282
f 288/308/288 273/304/273 287/276/287
f 287/276/287 272/278/272 288/308/288
# 56 faces

g
# object pressed0 to come ...
#
v  2.030865 98.390244 -99.326920
v  99.520889 99.941994 -97.775169
v  2.030865 2.451973 -99.326942
v  99.520889 0.900223 -97.775192
v  99.520889 0.900211 -23.030731
v  0.964039 1.385132 -22.545809
v  99.520889 99.941986 -23.030712
v  0.964039 99.457062 -22.545790
v  0.479115 99.941994 -97.775169
v  97.969131 98.390244 -99.326920
v  0.479115 0.900223 -97.775192
v  97.969131 2.451973 -99.326942
v  99.035965 1.385132 -22.545809
v  0.479115 0.900211 -23.030731
v  99.035965 99.457062 -22.545790
v  0.479115 99.941986 -23.030712
v  2.030865 98.390244 -99.326920
v  99.520889 99.941994 -97.775169
v  2.030865 2.451973 -99.326942
v  99.520889 0.900223 -97.775192
v  0.479115 99.941994 -97.775169
v  97.969131 98.390244 -99.326920
v  0.479115 0.900223 -97.775192
v  97.969131 2.451973 -99.326942
v  99.520889 0.900223 -97.775192
v  0.479115 99.941994 -97.775169
v  0.479115 0.900223 -97.775192
v  99.520889 99.941994 -97.775169
v  99.520889 0.900211 -23.030731
v  99.520889 0.900211 -23.030731
v  99.520889 99.941986 -23.030712
v  99.520889 99.941986 -23.030712
v  0.479115 0.900211 -23.030731
v  0.479115 0.900211 -23.030731
v  0.479115 99.941986 -23.030712
v  0.479115 99.941986 -23.030712
v  0.964039 1.385132 -22.545809
v  0.964039 99.457062 -22.545790
v  99.035965 1.385132 -22.545809
v  99.035965 99.457062 -22.545790
v  2.030865 98.390244 -99.326920
v  99.520889 99.941994 -97.775169
v  97.969131 98.390244 -99.326920
v  2.030865 2.451973 -99.326942
v  99.520889 0.900223 -97.775192
v  0.479115 99.941994 -97.775169
v  0.479115 0.900223 -97.775192
v  97.969131 2.451973 -99.326942
v  0.479115 99.941971 -1.803196
v  98.002838 98.423927 -0.285149
v  0.479115 0.900204 -1.803215
v  98.002838 2.418251 -0.285168
v  98.260086 2.161011 -22.545807
v  0.479115 0.900211 -21.285007
v  98.260086 98.681183 -22.545788
v  0.479115 99.941986 -21.284990
v  1.997162 98.423927 -0.285149
v  99.520889 99.941971 -1.803196
v  1.997162 2.418251 -0.285168
v  99.520889 0.900204 -1.803215
v  99.520889 0.900211 -21.285007
v  1.739910 2.161011 -22.545807
v  99.520889 99.941986 -21.284990
v  1.739910 98.681183 -22.545788
v  0.479115 99.941971 -1.803196
v  0.479115 99.941971 -1.803196
v  98.002838 98.423927 -0.285149
v  98.002838 98.423927 -0.285149
v  0.479115 0.900204 -1.803215
v  0.479115 0.900204 -1.803215
v  98.002838 2.418251 -0.285168
v  98.002838 2.418251 -0.285168
v  1.997162 98.423927 -0.285149
v  1.997162 98.423927 -0.285149
v  99.520889 99.941971 -1.803196
v  99.520889 99.941971 -1.803196
v  1.997162 2.418251 -0.285168
v  1.997162 2.418251 -0.285168
v  99.520889 0.900204 -1.803215
v  99.520889 0.900204 -1.803215
v  0.479115 0.900204 -1.803215
v  99.520889 0.900204 -1.803215
v  0.479115 99.941971 -1.803196
v  99.520889 99.941971 -1.803196
v  98.260086 2.161011 -22.545807
v  0.479115 0.900211 -21.285007
v  0.479115 0.900211 -21.285007
v  98.260086 98.681183 -22.545788
v  0.479115 99.941986 -21.284990
v  0.479115 99.941986 -21.284990
v  99.520889 0.900211 -21.285007
v  99.520889 0.900211 -21.285007
v  1.739910 2.161011 -22.545807
v  99.520889 99.941986 -21.284990
v  99.520889 99.941986 -21.284990
v  1.739910 98.681183 -22.545788
v  98.260086 2.161011 -22.545807
v  1.739910 2.161011 -22.545807
v  0.479115 0.900211 -21.285007
v  98.260086 98.681183 -22.545788
v  0.479115 99.941986 -21.284990
v  99.520889 0.900211 -21.285007
v  99.520889 99.941986 -21.284990
v  1.739910 98.681183 -22.545788
# 104 vertices

vt  0.025316 0.020180 0.999501
vt  0.490207 0.020180 0.999501
vt  0.490207 0.457388 0.999501
vt  0.025316 0.457388 0.999501
vt  0.025316 0.457388 0.000499
vt  0.490207 0.457388 0.000499
vt  0.490207 0.020180 0.000499
vt  0.025316 0.020180 0.000499
vt  0.015965 0.506203 1.412800
vt  0.561733 0.506203 1.412800
vt  0.015965 0.952840 1.412800
vt  0.561733 0.506203 1.412800
vt  0.561733 0.506203 1.412800
vt  0.561733 0.952840 1.412800
vt  0.561733 0.952840 1.412800
vt  0.561733 0.952840 1.412800
vt  0.015965 0.506203 1.412800
vt  0.015965 0.952840 1.412800
vt  0.561733 0.952840 1.412800
vt  0.561733 0.506203 1.412800
vt  0.561733 0.506203 1.412800
vt  0.561733 0.952840 1.412800
vt  0.015965 0.506203 1.412800
vt  0.015965 0.952840 1.412800
vt  0.561733 0.987640 1.368530
vt  0.015965 0.987640 1.368530
vt  0.561733 0.987640 1.368530
vt  0.015965 0.987640 1.368530
vt  0.561733 0.476772 1.398966
vt  0.015965 0.476772 1.398966
vt  0.015965 0.476772 1.398966
vt  0.561733 0.476772 1.398966
vt  0.561733 0.987640 1.368530
vt  0.561733 0.476772 1.398966
vt  0.015965 0.506203 1.412800
vt  0.015965 0.987640 1.368530
vt  0.015965 0.476772 1.398966
vt  0.015965 0.506203 1.412800
vt  0.015965 0.506203 1.412800
vt  0.015965 0.952840 1.412800
vt  0.015965 0.952840 1.412800
vt  0.015965 0.952840 1.412800
vt  0.015965 0.506203 1.412800
vt  0.015965 0.952840 1.412800
vt  0.015965 0.987640 1.368530
vt  0.015965 0.476772 1.398966
vt  0.561733 0.952840 1.412800
vt  0.561733 0.952840 1.412800
vt  0.561733 0.952840 1.412800
vt  0.561733 0.506203 1.412800
vt  0.561733 0.506203 1.412800
vt  0.561733 0.506203 1.412800
vt  0.561733 0.987640 1.368530
vt  0.561733 0.476772 1.398966
vt  0.514801 0.020180 0.000499
vt  0.514801 0.457388 0.000499
vt  0.983753 0.457388 0.000499
vt  0.983753 0.020180 0.000499
vt  0.983753 0.457388 0.999501
vt  0.514801 0.457388 0.999501
vt  0.514801 0.020180 0.999501
vt  0.983753 0.020180 0.999501
vt  0.957991 0.479457 1.412800
vt  0.957991 0.479457 1.412800
vt  0.957991 0.479457 1.412800
vt  0.848523 0.479457 1.412800
vt  0.848523 0.479457 1.412800
vt  0.848523 0.479457 1.412800
vt  0.985375 0.479457 1.369491
vt  0.823888 0.479457 1.376830
vt  0.957991 0.982589 1.412800
vt  0.957991 0.479457 1.412800
vt  0.848523 0.479457 1.412800
vt  0.848523 0.982589 1.412800
vt  0.957991 0.982589 1.412800
vt  0.848523 0.982589 1.412800
vt  0.957991 0.479457 1.412800
vt  0.848523 0.479457 1.412800
vt  0.985375 0.982589 1.369491
vt  0.985375 0.479457 1.369491
vt  0.985375 0.982589 1.369491
vt  0.985375 0.479457 1.369491
vt  0.823888 0.479457 1.376830
vt  0.823888 0.982589 1.376830
vt  0.823888 0.479457 1.376830
vt  0.823888 0.982589 1.376831
vt  0.957991 0.982589 1.412800
vt  0.957991 0.982589 1.412800
vt  0.957991 0.982589 1.412800
vt  0.985375 0.982589 1.369491
vt  0.823888 0.982589 1.376830
vt  0.848523 0.982589 1.412800
vt  0.957991 0.982589 1.412800
vt  0.848523 0.982589 1.412800
vt  0.848523 0.982589 1.412800
vt  0.848523 0.982589 1.412800
vt  0.957991 0.982589 1.412800
vt  0.848523 0.982589 1.412800
vt  0.985375 0.982589 1.369491
vt  0.823888 0.982589 1.376831
vt  0.957991 0.479457 1.412800
vt  0.957991 0.479457 1.412800
vt  0.957991 0.479457 1.412800
vt  0.848523 0.479457 1.412800
vt  0.848523 0.479457 1.412800
vt  0.848523 0.479457 1.412800
vt  0.985375 0.479457 1.369491
vt  0.823888 0.479457 1.376830
# 108 texture vertices

vn  -0.707107 0.000000 -0.707107
vn  0.707107 0.000000 -0.707107
vn  0.000000 0.000000 -1.000000
vn  1.000000 0.000000 0.000000
vn  1.000000 0.000000 0.000000
vn  -1.545926 -1.545935 3.091861
vn  0.000000 1.000000 0.000000
vn  0.000000 -0.000000 1.000000
vn  -1.000000 0.000000 0.000000
vn  0.000000 0.707107 -0.707107
vn  0.000000 -1.000000 -0.000000
vn  0.000000 0.000000 -1.000000
vn  1.541005 -1.545936 3.086941
vn  0.000000 -1.000000 -0.000000
vn  0.000000 -0.000000 1.000000
vn  -1.000000 0.000000 0.000000
vn  0.000000 0.000000 -1.000000
vn  0.000000 1.000000 0.000000
vn  0.000000 -0.707107 -0.707107
vn  0.000000 -0.707107 -0.707107
vn  0.000000 0.707107 -0.707107
vn  0.000000 0.000000 -1.000000
vn  -0.707107 0.000000 -0.707107
vn  0.707107 0.000000 -0.707107
vn  0.000000 -1.000000 -0.000000
vn  0.000000 1.000000 0.000000
vn  -1.000000 0.000000 0.000000
vn  1.000000 0.000000 0.000000
vn  0.675511 -0.675510 1.351021
vn  0.000000 -1.000000 -0.000000
vn  0.408247 0.408250 0.816497
vn  1.000000 0.000000 0.000000
vn  -0.004919 -0.675510 0.680427
vn  -1.000000 0.000000 0.000000
vn  -0.408249 0.408248 0.816497
vn  0.000000 1.000000 0.000000
vn  0.000000 -0.000000 1.000000
vn  -0.408247 0.408250 0.816497
vn  0.000000 -0.000000 1.000000
vn  0.408247 0.408249 0.816497
vn  0.000000 0.707107 -0.707107
vn  0.000000 0.707107 -0.707107
vn  0.707107 0.000000 -0.707107
vn  -0.707107 0.000000 -0.707107
vn  0.707107 0.000000 -0.707107
vn  -0.707107 0.000000 -0.707107
vn  0.000000 -0.707107 -0.707107
vn  0.000000 -0.707107 -0.707107
vn  -0.707107 -0.000000 0.707107
vn  0.707107 -0.000000 0.707107
vn  -1.000000 0.000000 0.000000
vn  0.000000 -0.000000 1.000000
vn  0.707108 0.000000 -0.707106
vn  -1.000000 0.000000 0.000000
vn  0.000000 0.000000 -1.000000
vn  0.000000 1.000000 0.000000
vn  -0.707107 -0.000000 0.707107
vn  0.000000 0.707107 0.707107
vn  0.000000 -0.707107 0.707107
vn  0.000000 -1.000000 -0.000000
vn  0.000000 -1.000000 -0.000000
vn  0.000000 -0.707107 -0.707107
vn  1.000000 0.000000 0.000000
vn  0.000000 0.000000 -1.000000
vn  0.000000 0.707107 0.707107
vn  0.000000 1.000000 0.000000
vn  0.000000 0.707107 0.707107
vn  0.000000 -0.000000 1.000000
vn  0.000000 -0.707107 0.707107
vn  -0.707107 -0.000000 0.707107
vn  0.000000 -0.707107 0.707107
vn  0.707107 -0.000000 0.707107
vn  0.000000 -0.000000 1.000000
vn  0.000000 0.707107 0.707107
vn  0.707107 -0.000000 0.707107
vn  1.000000 0.000000 0.000000
vn  0.000000 -0.000000 1.000000
vn  -0.707107 -0.000000 0.707107
vn  0.707107 -0.000000 0.707107
vn  0.000000 -0.707107 0.707107
vn  0.000000 -1.000000 -0.000000
vn  1.000000 0.000000 0.000000
vn  -1.000000 0.000000 0.000000
vn  0.000000 1.000000 0.000000
vn  0.000000 0.000000 -1.000000
vn  -0.707108 0.000000 -0.707106
vn  0.000000 -1.000000 -0.000000
vn  0.000000 0.707106 -0.707107
vn  0.000000 0.707106 -0.707107
vn  -1.000000 0.000000 0.000000
vn  0.000000 -0.707107 -0.707107
vn  1.000000 0.000000 0.000000
vn  0.000000 0.000000 -1.000000
vn  0.707107 0.000000 -0.707106
vn  0.000000 1.000000 0.000000
vn  -0.707107 0.000000 -0.707106
vn  0.000000 -0.707107 -0.707107
vn  -0.707108 0.000000 -0.707106
vn  0.000000 -0.707107 -0.707107
vn  0.707107 0.000000 -0.707106
vn  -0.707107 0.000000 -0.707106
vn  0.707108 0.000000 -0.707106
vn  0.000000 0.707106 -0.707107
vn  0.000000 0.707106 -0.707107
# 104 vertex normals

g pressed0
s 1
f 305/317/305 310/318/310 300/319/300
f 300/319/300 291/320/291 305/317/305
f 306/334/306 314/335/314 324/336/324
f 324/336/324 295/333/295 306/334/306
f 292/338/292 316/356/316 320/351/320
f 320/351/320 293/337/293 292/338/292
f 299/340/299 313/330/313 318/326/318
f 318/326/318 302/339/302 299/340/299
f 297/363/297 315/327/315 322/325/322
f 322/325/322 304/366/304 297/363/297
f 325/321/325 327/322/327 303/323/303
f 303/323/303 296/324/296 325/321/325
f 329/341/329 309/364/309 330/357/330
f 330/357/330 298/342/298 329/341/329
f 331/361/331 290/358/290 333/331/333
f 333/331/333 312/343/312 331/361/331
f 336/349/336 308/332/308 335/360/335
f 335/360/335 307/352/307 336/349/336
f 332/344/332 311/327/311 334/365/334
f 334/365/334 289/369/289 332/344/332
f 317/328/317 301/345/301 294/353/294
f 294/353/294 321/359/321 317/328/317
f 301/350/301 317/329/317 319/354/319
f 319/354/319 328/347/328 301/350/301
f 326/348/326 323/367/323 321/325/321
f 321/325/321 294/346/294 326/348/326
f 328/362/328 319/355/319 323/368/323
f 323/368/323 326/370/326 328/362/328
f 361/371/361 365/372/365 340/373/340
f 340/373/340 356/374/356 361/371/361
f 372/388/372 383/389/383 344/390/344
f 344/390/344 354/387/354 372/388/372
f 370/391/370 380/392/380 351/382/351
f 351/382/351 364/379/364 370/391/370
f 369/393/369 375/394/375 349/408/349
f 349/408/349 348/405/348 369/393/369
f 371/403/371 378/410/378 342/420/342
f 342/420/342 339/417/339 371/403/371
f 373/375/373 381/376/381 352/377/352
f 352/377/352 343/378/343 373/375/373
f 345/395/345 337/404/337 358/418/358
f 358/418/358 366/396/366 345/395/345
f 347/423/347 357/419/357 368/405/368
f 368/405/368 359/406/359 347/423/347
f 360/397/360 367/413/367 363/380/363
f 363/380/363 338/398/338 360/397/360
f 355/385/355 346/381/346 353/409/353
f 353/409/353 362/415/362 355/385/355
f 387/421/387 350/399/350 385/407/385
f 385/407/385 379/408/379 387/421/387
f 388/401/388 382/383/382 390/414/390
f 390/414/390 341/400/341 388/401/388
f 386/424/386 374/422/374 389/411/389
f 389/411/389 384/402/384 386/424/386
f 392/416/392 377/412/377 391/384/391
f 391/384/391 376/386/376 392/416/392
# 56 faces

g
# object normal0 to come ...
#
v  2.030865 98.390244 -99.326920
v  99.520889 99.941994 -97.775169
v  2.030865 2.451973 -99.326942
v  99.520889 0.900223 -97.775192
v  99.520889 0.900211 -23.030731
v  0.964039 1.385132 -22.545809
v  99.520889 99.941986 -23.030712
v  0.964039 99.457062 -22.545790
v  0.479115 99.941994 -97.775169
v  97.969131 98.390244 -99.326920
v  0.479115 0.900223 -97.775192
v  97.969131 2.451973 -99.326942
v  99.035965 1.385132 -22.545809
v  0.479115 0.900211 -23.030731
v  99.035965 99.457062 -22.545790
v  0.479115 99.941986 -23.030712
v  2.030865 98.390244 -99.326920
v  99.520889 99.941994 -97.775169
v  2.030865 2.451973 -99.326942
v  99.520889 0.900223 -97.775192
v  0.479115 99.941994 -97.775169
v  97.969131 98.390244 -99.326920
v  0.479115 0.900223 -97.775192
v  97.969131 2.451973 -99.326942
v  99.520889 0.900223 -97.775192
v  0.479115 99.941994 -97.775169
v  0.479115 0.900223 -97.775192
v  99.520889 99.941994 -97.775169
v  99.520889 0.900211 -23.030731
v  99.520889 0.900211 -23.030731
v  99.520889 99.941986 -23.030712
v  99.520889 99.941986 -23.030712
v  0.479115 0.900211 -23.030731
v  0.479115 0.900211 -23.030731
v  0.479115 99.941986 -23.030712
v  0.479115 99.941986 -23.030712
v  0.964039 1.385132 -22.545809
v  0.964039 99.457062 -22.545790
v  99.035965 1.385132 -22.545809
v  99.035965 99.457062 -22.545790
v  2.030865 98.390244 -99.326920
v  99.520889 99.941994 -97.775169
v  97.969131 98.390244 -99.326920
v  2.030865 2.451973 -99.326942
v  99.520889 0.900223 -97.775192
v  0.479115 99.941994 -97.775169
v  0.479115 0.900223 -97.775192
v  97.969131 2.451973 -99.326942
v  41.155708 59.726406 80.145584
v  58.844292 59.726406 80.145584
v  40.694672 41.576786 80.145569
v  59.305328 41.576786 80.145569
v  41.155708 59.726429 -25.992338
v  58.844292 59.726429 -25.992338
v  40.694672 41.576805 -25.992329
v  59.305328 41.576805 -25.992329
v  58.844292 59.726421 8.247501
v  40.694672 59.265385 8.247501
v  59.305328 41.576801 8.247490
v  41.155708 41.115765 8.247490
v  59.305328 59.265377 47.495163
v  58.844292 41.115757 47.495155
v  40.694672 41.576794 47.495155
v  41.155708 59.726410 47.495163
v  40.694672 59.265369 80.145584
v  59.305328 59.265369 80.145584
v  41.155708 41.115749 80.145569
v  58.844292 41.115749 80.145569
v  40.694672 59.265392 -25.992338
v  59.305328 59.265392 -25.992338
v  41.155708 41.115768 -25.992329
v  58.844292 41.115768 -25.992329
v  59.305328 59.265385 8.247501
v  41.155708 59.726421 8.247501
v  58.844292 41.115765 8.247490
v  40.694672 41.576801 8.247490
v  58.844292 59.726410 47.495163
v  59.305328 41.576794 47.495155
v  41.155708 41.115757 47.495155
v  40.694672 59.265377 47.495163
v  41.155708 59.726406 80.145584
v  58.844292 59.726406 80.145584
v  40.694672 41.576786 80.145569
v  59.305328 41.576786 80.145569
v  41.155708 59.726429 -25.992338
v  58.844292 59.726429 -25.992338
v  40.694672 41.576805 -25.992329
v  59.305328 41.576805 -25.992329
v  40.694672 59.265369 80.145584
v  59.305328 59.265369 80.145584
v  41.155708 41.115749 80.145569
v  58.844292 41.115749 80.145569
v  40.694672 59.265392 -25.992338
v  59.305328 59.265392 -25.992338
v  41.155708 41.115768 -25.992329
v  58.844292 41.115768 -25.992329
v  41.155708 59.726406 80.145584
v  58.844292 59.726429 -25.992338
v  58.844292 59.726421 8.247501
v  40.694672 59.265385 8.247501
v  59.305328 41.576801 8.247490
v  41.155708 41.115765 8.247490
v  59.305328 59.265377 47.495163
v  58.844292 41.115757 47.495155
v  40.694672 41.576794 47.495155
v  41.155708 59.726410 47.495163
v  40.694672 59.265369 80.145584
v  41.155708 41.115749 80.145569
v  59.305328 59.265392 -25.992338
v  58.844292 41.115768 -25.992329
v  59.305328 59.265385 8.247501
v  41.155708 59.726421 8.247501
v  58.844292 41.115765 8.247490
v  40.694672 41.576801 8.247490
v  58.844292 59.726410 47.495163
v  59.305328 41.576794 47.495155
v  41.155708 41.115757 47.495155
v  40.694672 59.265377 47.495163
v  58.844292 59.726406 80.145584
v  40.694672 41.576786 80.145569
v  59.305328 41.576786 80.145569
v  41.155708 59.726429 -25.992338
v  40.694672 41.576805 -25.992329
v  59.305328 41.576805 -25.992329
v  59.305328 59.265369 80.145584
v  58.844292 41.115749 80.145569
v  40.694672 59.265392 -25.992338
v  41.155708 41.115768 -25.992329
v  0.479115 99.941956 97.386337
v  98.002838 98.423912 98.904373
v  0.479115 0.900188 97.386322
v  98.002838 2.418236 98.904358
v  98.260086 2.160995 76.643723
v  0.479115 0.900196 77.904518
v  98.260086 98.681168 76.643738
v  0.479115 99.941971 77.904533
v  1.997162 98.423912 98.904373
v  99.520889 99.941956 97.386337
v  1.997162 2.418236 98.904358
v  99.520889 0.900188 97.386322
v  99.520889 0.900196 77.904518
v  1.739910 2.160995 76.643723
v  99.520889 99.941971 77.904533
v  1.739910 98.681168 76.643738
v  0.479115 99.941956 97.386337
v  0.479115 99.941956 97.386337
v  98.002838 98.423912 98.904373
v  98.002838 98.423912 98.904373
v  0.479115 0.900188 97.386322
v  0.479115 0.900188 97.386322
v  98.002838 2.418236 98.904358
v  98.002838 2.418236 98.904358
v  1.997162 98.423912 98.904373
v  1.997162 98.423912 98.904373
v  99.520889 99.941956 97.386337
v  99.520889 99.941956 97.386337
v  1.997162 2.418236 98.904358
v  1.997162 2.418236 98.904358
v  99.520889 0.900188 97.386322
v  99.520889 0.900188 97.386322
v  0.479115 0.900188 97.386322
v  99.520889 0.900188 97.386322
v  0.479115 99.941956 97.386337
v  99.520889 99.941956 97.386337
v  98.260086 2.160995 76.643723
v  0.479115 0.900196 77.904518
v  0.479115 0.900196 77.904518
v  98.260086 98.681168 76.643738
v  0.479115 99.941971 77.904533
v  0.479115 99.941971 77.904533
v  99.520889 0.900196 77.904518
v  99.520889 0.900196 77.904518
v  1.739910 2.160995 76.643723
v  99.520889 99.941971 77.904533
v  99.520889 99.941971 77.904533
v  1.739910 98.681168 76.643738
v  98.260086 2.160995 76.643723
v  1.739910 2.160995 76.643723
v  0.479115 0.900196 77.904518
v  98.260086 98.681168 76.643738
v  0.479115 99.941971 77.904533
v  99.520889 0.900196 77.904518
v  99.520889 99.941971 77.904533
v  1.739910 98.681168 76.643738
# 184 vertices

vt  0.025316 0.020180 0.999501
vt  0.490207 0.020180 0.999501
vt  0.490207 0.457388 0.999501
vt  0.025316 0.457388 0.999501
vt  0.025316 0.457388 0.000499
vt  0.490207 0.457388 0.000499
vt  0.490207 0.020180 0.000499
vt  0.025316 0.020180 0.000499
vt  0.015965 0.506203 1.412800
vt  0.561733 0.506203 1.412800
vt  0.015965 0.952840 1.412800
vt  0.561733 0.506203 1.412800
vt  0.561733 0.506203 1.412800
vt  0.561733 0.952840 1.412800
vt  0.561733 0.952840 1.412800
vt  0.561733 0.952840 1.412800
vt  0.015965 0.506203 1.412800
vt  0.015965 0.952840 1.412800
vt  0.561733 0.952840 1.412800
vt  0.561733 0.506203 1.412800
vt  0.561733 0.506203 1.412800
vt  0.561733 0.952840 1.412800
vt  0.015965 0.506203 1.412800
vt  0.015965 0.952840 1.412800
vt  0.561733 0.987640 1.368530
vt  0.015965 0.987640 1.368530
vt  0.561733 0.987640 1.368530
vt  0.015965 0.987640 1.368530
vt  0.561733 0.476772 1.398966
vt  0.015965 0.476772 1.398966
vt  0.015965 0.476772 1.398966
vt  0.561733 0.476772 1.398966
vt  0.561733 0.987640 1.368530
vt  0.561733 0.476772 1.398966
vt  0.015965 0.506203 1.412800
vt  0.015965 0.987640 1.368530
vt  0.015965 0.476772 1.398966
vt  0.015965 0.506203 1.412800
vt  0.015965 0.506203 1.412800
vt  0.015965 0.952840 1.412800
vt  0.015965 0.952840 1.412800
vt  0.015965 0.952840 1.412800
vt  0.015965 0.506203 1.412800
vt  0.015965 0.952840 1.412800
vt  0.015965 0.987640 1.368530
vt  0.015965 0.476772 1.398966
vt  0.561733 0.952840 1.412800
vt  0.561733 0.952840 1.412800
vt  0.561733 0.952840 1.412800
vt  0.561733 0.506203 1.412800
vt  0.561733 0.506203 1.412800
vt  0.561733 0.506203 1.412800
vt  0.561733 0.987640 1.368530
vt  0.561733 0.476772 1.398966
vt  0.618451 0.825431 0.000499
vt  0.614912 0.828970 0.000499
vt  0.614912 0.964751 0.000499
vt  0.618451 0.968290 0.000499
vt  0.754232 0.968290 0.000499
vt  0.757771 0.964751 0.000499
vt  0.757771 0.828970 0.000499
vt  0.754232 0.825431 0.000499
vt  0.614912 0.828970 0.999501
vt  0.618451 0.825431 0.999501
vt  0.754232 0.825431 0.999501
vt  0.757771 0.828970 0.999501
vt  0.757771 0.964751 0.999500
vt  0.754232 0.968290 0.999500
vt  0.618451 0.968290 0.999500
vt  0.614912 0.964751 0.999500
vt  0.587678 0.787674 1.378246
vt  0.684542 0.787674 1.378246
vt  0.684542 0.481095 1.378246
vt  0.587678 0.481095 1.378246
vt  0.693679 0.787674 1.378246
vt  0.790544 0.787674 1.378246
vt  0.790544 0.481095 1.378246
vt  0.693679 0.481095 1.378246
vt  0.587678 0.787674 1.378246
vt  0.684542 0.787674 1.378246
vt  0.684542 0.481095 1.378246
vt  0.587678 0.481095 1.378246
vt  0.693679 0.787674 1.378246
vt  0.790544 0.787674 1.378246
vt  0.790544 0.481095 1.378246
vt  0.693679 0.481095 1.378246
vt  0.684542 0.787674 1.378246
vt  0.684542 0.481095 1.378246
vt  0.587678 0.481095 1.378246
vt  0.587678 0.787674 1.378246
vt  0.790544 0.787674 1.378246
vt  0.790544 0.481095 1.378246
vt  0.693679 0.481095 1.378246
vt  0.693679 0.787674 1.378246
vt  0.684542 0.787674 1.378246
vt  0.684542 0.481095 1.378246
vt  0.799128 0.481095 1.378246
vt  0.799128 0.787674 1.378246
vt  0.790544 0.787674 1.378246
vt  0.790544 0.481095 1.378246
vt  0.693679 0.481095 1.378246
vt  0.693679 0.787674 1.378246
vt  0.684542 0.787674 1.378246
vt  0.684542 0.787674 1.378246
vt  0.587678 0.481095 1.378246
vt  0.684542 0.787674 1.378246
vt  0.587678 0.787674 1.378246
vt  0.587678 0.787674 1.378246
vt  0.799128 0.787674 1.378246
vt  0.799128 0.481095 1.378246
vt  0.799128 0.481095 1.378246
vt  0.799128 0.787674 1.378246
vt  0.799128 0.787674 1.378246
vt  0.790544 0.787674 1.378246
vt  0.790544 0.787674 1.378246
vt  0.790544 0.787674 1.378246
vt  0.693679 0.787674 1.378246
vt  0.693679 0.787674 1.378246
vt  0.693679 0.787674 1.378246
vt  0.684542 0.787674 1.378246
vt  0.684542 0.787674 1.378246
vt  0.684542 0.787674 1.378246
vt  0.799128 0.787674 1.378246
vt  0.790544 0.787674 1.378246
vt  0.790544 0.787674 1.378246
vt  0.790544 0.787674 1.378246
vt  0.693679 0.787674 1.378246
vt  0.693679 0.787674 1.378246
vt  0.693679 0.787674 1.378246
vt  0.587678 0.787674 1.378246
vt  0.684542 0.481095 1.378246
vt  0.684542 0.481095 1.378246
vt  0.684542 0.481095 1.378246
vt  0.587678 0.481095 1.378246
vt  0.799128 0.481095 1.378246
vt  0.799128 0.481095 1.378246
vt  0.790544 0.481095 1.378246
vt  0.790544 0.481095 1.378246
vt  0.790544 0.481095 1.378246
vt  0.693679 0.481095 1.378246
vt  0.693679 0.481095 1.378246
vt  0.693679 0.481095 1.378246
vt  0.684542 0.481095 1.378246
vt  0.684542 0.481095 1.378246
vt  0.684542 0.481095 1.378246
vt  0.587678 0.481095 1.378246
vt  0.790544 0.481095 1.378246
vt  0.790544 0.481095 1.378246
vt  0.790544 0.481095 1.378246
vt  0.693679 0.481095 1.378246
vt  0.693679 0.481095 1.378246
vt  0.693679 0.481095 1.378246
vt  0.799128 0.787674 1.378246
vt  0.799128 0.481095 1.378246
vt  0.514801 0.020180 0.000499
vt  0.514801 0.457388 0.000499
vt  0.983753 0.457388 0.000499
vt  0.983753 0.020180 0.000499
vt  0.983753 0.457388 0.999501
vt  0.514801 0.457388 0.999501
vt  0.514801 0.020180 0.999501
vt  0.983753 0.020180 0.999501
vt  0.957991 0.479457 1.412800
vt  0.957991 0.479457 1.412800
vt  0.957991 0.479457 1.412800
vt  0.848523 0.479457 1.412800
vt  0.848523 0.479457 1.412800
vt  0.848523 0.479457 1.412800
vt  0.985375 0.479457 1.369491
vt  0.823888 0.479457 1.376830
vt  0.957991 0.982589 1.412800
vt  0.957991 0.479457 1.412800
vt  0.848523 0.479457 1.412800
vt  0.848523 0.982589 1.412800
vt  0.957991 0.982589 1.412800
vt  0.848523 0.982589 1.412800
vt  0.957991 0.479457 1.412800
vt  0.848523 0.479457 1.412800
vt  0.985375 0.982589 1.369491
vt  0.985375 0.479457 1.369491
vt  0.985375 0.982589 1.369491
vt  0.985375 0.479457 1.369491
vt  0.823888 0.479457 1.376830
vt  0.823888 0.982589 1.376830
vt  0.823888 0.479457 1.376830
vt  0.823888 0.982589 1.376831
vt  0.957991 0.982589 1.412800
vt  0.957991 0.982589 1.412800
vt  0.957991 0.982589 1.412800
vt  0.985375 0.982589 1.369491
vt  0.823888 0.982589 1.376830
vt  0.848523 0.982589 1.412800
vt  0.957991 0.982589 1.412800
vt  0.848523 0.982589 1.412800
vt  0.848523 0.982589 1.412800
vt  0.848523 0.982589 1.412800
vt  0.957991 0.982589 1.412800
vt  0.848523 0.982589 1.412800
vt  0.985375 0.982589 1.369491
vt  0.823888 0.982589 1.376831
vt  0.957991 0.479457 1.412800
vt  0.957991 0.479457 1.412800
vt  0.957991 0.479457 1.412800
vt  0.848523 0.479457 1.412800
vt  0.848523 0.479457 1.412800
vt  0.848523 0.479457 1.412800
vt  0.985375 0.479457 1.369491
vt  0.823888 0.479457 1.376830
# 208 texture vertices

vn  -0.707107 0.000000 -0.707107
vn  0.707107 0.000000 -0.707107
vn  0.000000 0.000000 -1.000000
vn  1.000000 0.000000 0.000000
vn  1.000000 0.000000 0.000000
vn  -1.545926 -1.545935 3.091861
vn  0.000000 1.000000 0.000000
vn  0.000000 -0.000000 1.000000
vn  -1.000000 0.000000 0.000000
vn  0.000000 0.707107 -0.707107
vn  0.000000 -1.000000 -0.000000
vn  0.000000 0.000000 -1.000000
vn  1.541005 -1.545936 3.086941
vn  0.000000 -1.000000 -0.000000
vn  0.000000 -0.000000 1.000000
vn  -1.000000 0.000000 0.000000
vn  0.000000 0.000000 -1.000000
vn  0.000000 1.000000 0.000000
vn  0.000000 -0.707107 -0.707107
vn  0.000000 -0.707107 -0.707107
vn  0.000000 0.707107 -0.707107
vn  0.000000 0.000000 -1.000000
vn  -0.707107 0.000000 -0.707107
vn  0.707107 0.000000 -0.707107
vn  0.000000 -1.000000 -0.000000
vn  0.000000 1.000000 0.000000
vn  -1.000000 0.000000 0.000000
vn  1.000000 0.000000 0.000000
vn  0.675511 -0.675510 1.351021
vn  0.000000 -1.000000 -0.000000
vn  0.408247 0.408250 0.816497
vn  1.000000 0.000000 0.000000
vn  -0.004919 -0.675510 0.680427
vn  -1.000000 0.000000 0.000000
vn  -0.408249 0.408248 0.816497
vn  0.000000 1.000000 0.000000
vn  0.000000 -0.000000 1.000000
vn  -0.408247 0.408250 0.816497
vn  0.000000 -0.000000 1.000000
vn  0.408247 0.408249 0.816497
vn  0.000000 0.707107 -0.707107
vn  0.000000 0.707107 -0.707107
vn  0.707107 0.000000 -0.707107
vn  -0.707107 0.000000 -0.707107
vn  0.707107 0.000000 -0.707107
vn  -0.707107 0.000000 -0.707107
vn  0.000000 -0.707107 -0.707107
vn  0.000000 -0.707107 -0.707107
vn  0.000000 1.000000 0.000000
vn  -0.000000 -0.000001 1.000000
vn  -0.000001 -0.000001 1.000000
vn  0.000000 -0.000001 1.000000
vn  0.000000 -0.000001 -1.000000
vn  0.000000 1.000000 0.000000
vn  -0.000000 -0.000000 -1.000000
vn  0.000001 -0.000001 -1.000000
vn  0.000000 1.000000 0.000000
vn  -1.000000 0.000000 0.000000
vn  0.707107 -0.707107 -0.000000
vn  -0.707107 -0.707107 -0.000000
vn  0.707106 0.707107 0.000000
vn  0.707107 -0.707107 -0.000000
vn  -0.707107 -0.707107 -0.000000
vn  0.000000 1.000000 0.000000
vn  -0.707107 0.707107 0.000000
vn  -0.000001 -0.000001 1.000000
vn  -0.707106 -0.707107 -0.000000
vn  0.000000 0.000000 1.000000
vn  0.000001 -0.000001 -1.000000
vn  0.707107 0.707107 0.000000
vn  0.000000 0.000000 -1.000000
vn  0.707107 -0.707107 -0.000000
vn  1.000000 0.000000 0.000000
vn  -0.707107 0.707107 0.000000
vn  0.000000 -1.000000 -0.000000
vn  -0.707107 -0.707107 -0.000000
vn  0.000000 1.000000 0.000000
vn  1.000000 0.000000 0.000000
vn  0.000000 -1.000000 -0.000000
vn  -1.000000 0.000000 0.000000
vn  0.000000 0.000000 1.000000
vn  0.707107 0.707107 0.000000
vn  -1.000000 0.000000 0.000000
vn  0.707106 -0.707107 -0.000000
vn  -0.707107 0.707107 0.000000
vn  0.000000 0.000000 -1.000000
vn  -0.707107 -0.707107 -0.000000
vn  1.000000 0.000000 0.000000
vn  0.000000 -0.000001 1.000000
vn  1.000000 0.000000 0.000000
vn  -0.000000 -0.000001 1.000000
vn  0.000000 -1.000000 -0.000000
vn  -1.000000 0.000000 0.000000
vn  -0.000000 -0.000000 -1.000000
vn  0.000000 -1.000000 -0.000000
vn  0.000000 -0.000001 -1.000000
vn  -0.707107 0.707107 0.000000
vn  0.707107 0.707107 0.000000
vn  0.707107 0.707107 0.000000
vn  -0.707107 0.707107 0.000000
vn  1.000000 0.000000 0.000000
vn  0.000000 -1.000000 -0.000000
vn  1.000000 0.000000 0.000000
vn  0.000000 -1.000000 -0.000000
vn  -1.000000 0.000000 0.000000
vn  -0.707106 0.707107 0.000000
vn  -1.000000 0.000000 0.000000
vn  0.000000 -1.000000 -0.000000
vn  1.000000 0.000000 0.000000
vn  0.000000 -1.000000 -0.000000
vn  0.707107 0.707107 0.000000
vn  0.000000 1.000000 0.000000
vn  0.707107 -0.707107 -0.000000
vn  -1.000000 0.000000 0.000000
vn  0.707106 0.707107 0.000000
vn  0.707107 -0.707107 -0.000000
vn  -0.707107 -0.707107 -0.000000
vn  -0.707106 0.707107 0.000000
vn  0.000000 1.000000 0.000000
vn  -0.707106 -0.707107 -0.000000
vn  1.000000 0.000000 0.000000
vn  0.000000 1.000000 0.000000
vn  -1.000000 0.000000 0.000000
vn  0.707107 -0.707107 -0.000000
vn  0.707107 0.707107 0.000000
vn  0.707106 -0.707107 -0.000000
vn  -0.707107 0.707107 0.000000
vn  -0.707107 -0.707107 -0.000000
vn  -0.707104 -0.000000 0.707109
vn  0.707104 -0.000000 0.707109
vn  -1.000000 0.000000 0.000000
vn  0.000000 -0.000000 1.000000
vn  0.707107 0.000000 -0.707107
vn  -1.000000 0.000000 0.000000
vn  0.000000 0.000000 -1.000000
vn  0.000000 1.000000 0.000000
vn  -0.707104 -0.000000 0.707109
vn  0.000000 0.707104 0.707109
vn  0.000000 -0.707104 0.707109
vn  0.000000 -1.000000 -0.000000
vn  0.000000 -1.000000 -0.000000
vn  0.000000 -0.707106 -0.707108
vn  1.000000 0.000000 0.000000
vn  0.000000 0.000000 -1.000000
vn  0.000000 0.707104 0.707109
vn  0.000000 1.000000 0.000000
vn  0.000000 0.707104 0.707109
vn  0.000000 -0.000000 1.000000
vn  0.000000 -0.707104 0.707109
vn  -0.707104 -0.000000 0.707110
vn  0.000000 -0.707104 0.707109
vn  0.707104 -0.000000 0.707109
vn  0.000000 -0.000000 1.000000
vn  0.000000 0.707104 0.707109
vn  0.707104 -0.000000 0.707109
vn  1.000000 0.000000 0.000000
vn  0.000000 -0.000000 1.000000
vn  -0.707104 -0.000000 0.707109
vn  0.707104 -0.000000 0.707110
vn  0.000000 -0.707104 0.707109
vn  0.000000 -1.000000 -0.000000
vn  1.000000 0.000000 0.000000
vn  -1.000000 0.000000 0.000000
vn  0.000000 1.000000 0.000000
vn  0.000000 0.000000 -1.000000
vn  -0.707107 0.000000 -0.707107
vn  0.000000 -1.000000 -0.000000
vn  0.000000 0.707106 -0.707108
vn  0.000000 0.707106 -0.707108
vn  -1.000000 0.000000 0.000000
vn  0.000000 -0.707106 -0.707108
vn  1.000000 0.000000 0.000000
vn  0.000000 0.000000 -1.000000
vn  0.707107 0.000000 -0.707107
vn  0.000000 1.000000 0.000000
vn  -0.707107 0.000000 -0.707107
vn  0.000000 -0.707106 -0.707108
vn  -0.707107 0.000000 -0.707107
vn  0.000000 -0.707106 -0.707108
vn  0.707107 0.000000 -0.707107
vn  -0.707107 0.000000 -0.707107
vn  0.707107 0.000000 -0.707107
vn  0.000000 0.707106 -0.707108
vn  0.000000 0.707106 -0.707108
# 184 vertex normals

g normal0
s 1
f 409/425/409 414/426/414 404/427/404
f 404/427/404 395/428/395 409/425/409
f 410/442/410 418/443/418 428/444/428
f 428/444/428 399/441/399 410/442/410
f 396/446/396 420/464/420 424/459/424
f 424/459/424 397/445/397 396/446/396
f 403/448/403 417/438/417 422/434/422
f 422/434/422 406/447/406 403/448/403
f 401/471/401 419/435/419 426/433/426
f 426/433/426 408/474/408 401/471/401
f 429/429/429 431/430/431 407/431/407
f 407/431/407 400/432/400 429/429/429
f 433/449/433 413/472/413 434/465/434
f 434/465/434 402/450/402 433/449/433
f 435/469/435 394/466/394 437/439/437
f 437/439/437 416/451/416 435/469/435
f 440/457/440 412/440/412 439/468/439
f 439/468/439 411/460/411 440/457/440
f 436/452/436 415/435/415 438/473/438
f 438/473/438 393/477/393 436/452/436
f 421/436/421 405/453/405 398/461/398
f 398/461/398 425/467/425 421/436/421
f 405/458/405 421/437/421 423/462/423
f 423/462/423 432/455/432 405/458/405
f 430/456/430 427/475/427 425/433/425
f 425/433/425 398/454/398 430/456/430
f 432/470/432 423/463/423 427/476/427
f 427/476/427 430/478/430 432/470/432
f 481/480/481 443/481/443 483/482/483
f 483/482/483 460/483/460 444/484/444
f 481/480/481 483/482/483 444/484/444
f 444/484/444 458/485/458 442/486/442
f 481/480/481 444/484/444 442/486/442
f 473/479/473 481/480/481 442/486/442
f 445/488/445 478/489/478 486/490/486
f 486/490/486 448/491/448 488/492/488
f 445/488/445 486/490/486 488/492/488
f 488/492/488 463/493/463 447/494/447
f 445/488/445 488/492/488 447/494/447
f 461/487/461 445/488/445 447/494/447
f 511/496/511 469/497/469 456/498/456
f 456/498/456 441/495/441 511/496/511
f 513/500/513 470/501/470 495/502/495
f 495/502/495 482/499/482 513/500/513
f 500/504/500 471/505/471 496/506/496
f 496/506/496 484/503/484 500/504/500
f 499/508/499 472/509/472 497/510/497
f 497/510/497 475/507/475 499/508/499
f 446/512/446 514/513/514 504/514/504
f 504/514/504 449/511/449 446/512/446
f 480/516/480 501/517/501 465/518/465
f 465/518/465 493/515/493 480/516/480
f 487/520/487 502/529/502 467/531/467
f 467/531/467 494/519/494 487/520/487
f 485/524/485 515/525/515 506/526/506
f 506/526/506 450/523/450 485/524/485
f 449/527/449 504/532/504 456/558/456
f 456/558/456 469/555/469 449/527/449
f 493/538/493 465/541/465 495/564/495
f 495/564/495 470/561/470 493/538/493
f 494/544/494 467/554/467 496/570/496
f 496/570/496 471/567/471 494/544/494
f 450/548/450 506/551/506 497/574/497
f 497/574/497 472/571/472 450/548/450
f 474/496/474 517/499/517 453/565/453
f 453/565/453 507/556/507 474/496/474
f 477/578/477 519/524/519 492/549/492
f 492/549/492 466/536/466 477/578/477
f 476/500/476 518/533/518 454/534/454
f 454/534/454 508/562/508 476/500/476
f 459/504/459 512/507/512 455/575/455
f 455/575/455 509/568/509 459/504/459
f 466/537/466 492/550/492 510/572/510
f 510/572/510 498/559/498 466/537/466
f 507/557/507 453/566/453 503/542/503
f 503/542/503 491/528/491 507/557/507
f 508/563/508 454/535/454 505/522/505
f 505/522/505 451/539/451 508/563/508
f 509/569/509 455/576/455 468/552/468
f 468/552/468 452/545/452 509/569/509
f 491/530/491 503/543/503 462/517/462
f 462/517/462 490/512/490 491/530/491
f 498/560/498 510/573/510 457/508/457
f 457/508/457 489/577/489 498/560/498
f 451/540/451 505/547/505 464/521/464
f 464/521/464 516/516/516 451/540/451
f 452/546/452 468/553/468 479/525/479
f 479/525/479 520/520/520 452/546/452
f 545/579/545 549/580/549 524/581/524
f 524/581/524 540/582/540 545/579/545
f 556/596/556 567/597/567 528/598/528
f 528/598/528 538/595/538 556/596/556
f 554/599/554 564/600/564 535/590/535
f 535/590/535 548/587/548 554/599/554
f 553/601/553 559/602/559 533/616/533
f 533/616/533 532/613/532 553/601/553
f 555/611/555 562/618/562 526/628/526
f 526/628/526 523/625/523 555/611/555
f 557/583/557 565/584/565 536/585/536
f 536/585/536 527/586/527 557/583/557
f 529/603/529 521/612/521 542/626/542
f 542/626/542 550/604/550 529/603/529
f 531/631/531 541/627/541 552/613/552
f 552/613/552 543/614/543 531/631/531
f 544/605/544 551/621/551 547/588/547
f 547/588/547 522/606/522 544/605/544
f 539/593/539 530/589/530 537/617/537
f 537/617/537 546/623/546 539/593/539
f 571/629/571 534/607/534 569/615/569
f 569/615/569 563/616/563 571/629/571
f 572/609/572 566/591/566 574/622/574
f 574/622/574 525/608/525 572/609/572
f 570/632/570 558/630/558 573/619/573
f 573/619/573 568/610/568 570/632/570
f 576/624/576 561/620/561 575/592/575
f 575/592/575 560/594/560 576/624/576
# 116 faces

g
# object pressed2 to come ...
#
v  2.030865 99.988731 -1.842479
v  99.520889 98.436981 -0.290729
v  2.030865 99.988747 -97.780746
v  99.520889 98.436996 -99.332497
v  99.520889 23.692533 -99.332504
v  0.964039 23.207609 -98.847580
v  99.520889 23.692528 -0.290730
v  0.964039 23.207605 -0.775651
v  0.479115 98.436981 -0.290729
v  97.969131 99.988731 -1.842479
v  0.479115 98.436996 -99.332497
v  97.969131 99.988747 -97.780746
v  99.035965 23.207609 -98.847580
v  0.479115 23.692533 -99.332504
v  99.035965 23.207605 -0.775651
v  0.479115 23.692528 -0.290730
v  2.030865 99.988731 -1.842479
v  99.520889 98.436981 -0.290729
v  2.030865 99.988747 -97.780746
v  99.520889 98.436996 -99.332497
v  0.479115 98.436981 -0.290729
v  97.969131 99.988731 -1.842479
v  0.479115 98.436996 -99.332497
v  97.969131 99.988747 -97.780746
v  99.520889 98.436996 -99.332497
v  0.479115 98.436981 -0.290729
v  0.479115 98.436996 -99.332497
v  99.520889 98.436981 -0.290729
v  99.520889 23.692533 -99.332504
v  99.520889 23.692533 -99.332504
v  99.520889 23.692528 -0.290730
v  99.520889 23.692528 -0.290730
v  0.479115 23.692533 -99.332504
v  0.479115 23.692533 -99.332504
v  0.479115 23.692528 -0.290730
v  0.479115 23.692528 -0.290730
v  0.964039 23.207609 -98.847580
v  0.964039 23.207605 -0.775651
v  99.035965 23.207609 -98.847580
v  99.035965 23.207605 -0.775651
v  2.030865 99.988731 -1.842479
v  99.520889 98.436981 -0.290729
v  97.969131 99.988731 -1.842479
v  2.030865 99.988747 -97.780746
v  99.520889 98.436996 -99.332497
v  0.479115 98.436981 -0.290729
v  0.479115 98.436996 -99.332497
v  97.969131 99.988747 -97.780746
v  0.479115 2.465011 -0.290734
v  98.002838 0.946963 -1.808782
v  0.479115 2.465016 -99.332504
v  98.002838 0.946969 -97.814461
v  98.260086 23.207607 -98.071701
v  0.479115 21.946810 -99.332504
v  98.260086 23.207603 -1.551530
v  0.479115 21.946804 -0.290731
v  1.997162 0.946963 -1.808782
v  99.520889 2.465011 -0.290734
v  1.997162 0.946969 -97.814461
v  99.520889 2.465016 -99.332504
v  99.520889 21.946810 -99.332504
v  1.739910 23.207607 -98.071701
v  99.520889 21.946804 -0.290731
v  1.739910 23.207603 -1.551530
v  0.479115 2.465011 -0.290734
v  0.479115 2.465011 -0.290734
v  98.002838 0.946963 -1.808782
v  98.002838 0.946963 -1.808782
v  0.479115 2.465016 -99.332504
v  0.479115 2.465016 -99.332504
v  98.002838 0.946969 -97.814461
v  98.002838 0.946969 -97.814461
v  1.997162 0.946963 -1.808782
v  1.997162 0.946963 -1.808782
v  99.520889 2.465011 -0.290734
v  99.520889 2.465011 -0.290734
v  1.997162 0.946969 -97.814461
v  1.997162 0.946969 -97.814461
v  99.520889 2.465016 -99.332504
v  99.520889 2.465016 -99.332504
v  0.479115 2.465016 -99.332504
v  99.520889 2.465016 -99.332504
v  0.479115 2.465011 -0.290734
v  99.520889 2.465011 -0.290734
v  98.260086 23.207607 -98.071701
v  0.479115 21.946810 -99.332504
v  0.479115 21.946810 -99.332504
v  98.260086 23.207603 -1.551530
v  0.479115 21.946804 -0.290731
v  0.479115 21.946804 -0.290731
v  99.520889 21.946810 -99.332504
v  99.520889 21.946810 -99.332504
v  1.739910 23.207607 -98.071701
v  99.520889 21.946804 -0.290731
v  99.520889 21.946804 -0.290731
v  1.739910 23.207603 -1.551530
v  98.260086 23.207607 -98.071701
v  1.739910 23.207607 -98.071701
v  0.479115 21.946810 -99.332504
v  98.260086 23.207603 -1.551530
v  0.479115 21.946804 -0.290731
v  99.520889 21.946810 -99.332504
v  99.520889 21.946804 -0.290731
v  1.739910 23.207603 -1.551530
# 104 vertices

vt  0.025316 0.020180 0.999501
vt  0.490207 0.020180 0.999501
vt  0.490207 0.457388 0.999501
vt  0.025316 0.457388 0.999501
vt  0.025316 0.457388 0.000499
vt  0.490207 0.457388 0.000499
vt  0.490207 0.020180 0.000499
vt  0.025316 0.020180 0.000499
vt  0.015965 0.506203 1.412800
vt  0.561733 0.506203 1.412800
vt  0.015965 0.952840 1.412800
vt  0.561733 0.506203 1.412800
vt  0.561733 0.506203 1.412800
vt  0.561733 0.952840 1.412800
vt  0.561733 0.952840 1.412800
vt  0.561733 0.952840 1.412800
vt  0.015965 0.506203 1.412800
vt  0.015965 0.952840 1.412800
vt  0.561733 0.952840 1.412800
vt  0.561733 0.506203 1.412800
vt  0.561733 0.506203 1.412800
vt  0.561733 0.952840 1.412800
vt  0.015965 0.506203 1.412800
vt  0.015965 0.952840 1.412800
vt  0.561733 0.987640 1.368530
vt  0.015965 0.987640 1.368530
vt  0.561733 0.987640 1.368530
vt  0.015965 0.987640 1.368530
vt  0.561733 0.476772 1.398966
vt  0.015965 0.476772 1.398966
vt  0.015965 0.476772 1.398966
vt  0.561733 0.476772 1.398966
vt  0.561733 0.987640 1.368530
vt  0.561733 0.476772 1.398966
vt  0.015965 0.506203 1.412800
vt  0.015965 0.987640 1.368530
vt  0.015965 0.476772 1.398966
vt  0.015965 0.506203 1.412800
vt  0.015965 0.506203 1.412800
vt  0.015965 0.952840 1.412800
vt  0.015965 0.952840 1.412800
vt  0.015965 0.952840 1.412800
vt  0.015965 0.506203 1.412800
vt  0.015965 0.952840 1.412800
vt  0.015965 0.987640 1.368530
vt  0.015965 0.476772 1.398966
vt  0.561733 0.952840 1.412800
vt  0.561733 0.952840 1.412800
vt  0.561733 0.952840 1.412800
vt  0.561733 0.506203 1.412800
vt  0.561733 0.506203 1.412800
vt  0.561733 0.506203 1.412800
vt  0.561733 0.987640 1.368530
vt  0.561733 0.476772 1.398966
vt  0.514801 0.020180 0.000499
vt  0.514801 0.457388 0.000499
vt  0.983753 0.457388 0.000499
vt  0.983753 0.020180 0.000499
vt  0.983753 0.457388 0.999501
vt  0.514801 0.457388 0.999501
vt  0.514801 0.020180 0.999501
vt  0.983753 0.020180 0.999501
vt  0.957991 0.479457 1.412800
vt  0.957991 0.479457 1.412800
vt  0.957991 0.479457 1.412800
vt  0.848523 0.479457 1.412800
vt  0.848523 0.479457 1.412800
vt  0.848523 0.479457 1.412800
vt  0.985375 0.479457 1.369491
vt  0.823888 0.479457 1.376830
vt  0.957991 0.982589 1.412800
vt  0.957991 0.479457 1.412800
vt  0.848523 0.479457 1.412800
vt  0.848523 0.982589 1.412800
vt  0.957991 0.982589 1.412800
vt  0.848523 0.982589 1.412800
vt  0.957991 0.479457 1.412800
vt  0.848523 0.479457 1.412800
vt  0.985375 0.982589 1.369491
vt  0.985375 0.479457 1.369491
vt  0.985375 0.982589 1.369491
vt  0.985375 0.479457 1.369491
vt  0.823888 0.479457 1.376830
vt  0.823888 0.982589 1.376830
vt  0.823888 0.479457 1.376830
vt  0.823888 0.982589 1.376831
vt  0.957991 0.982589 1.412800
vt  0.957991 0.982589 1.412800
vt  0.957991 0.982589 1.412800
vt  0.985375 0.982589 1.369491
vt  0.823888 0.982589 1.376830
vt  0.848523 0.982589 1.412800
vt  0.957991 0.982589 1.412800
vt  0.848523 0.982589 1.412800
vt  0.848523 0.982589 1.412800
vt  0.848523 0.982589 1.412800
vt  0.957991 0.982589 1.412800
vt  0.848523 0.982589 1.412800
vt  0.985375 0.982589 1.369491
vt  0.823888 0.982589 1.376831
vt  0.957991 0.479457 1.412800
vt  0.957991 0.479457 1.412800
vt  0.957991 0.479457 1.412800
vt  0.848523 0.479457 1.412800
vt  0.848523 0.479457 1.412800
vt  0.848523 0.479457 1.412800
vt  0.985375 0.479457 1.369491
vt  0.823888 0.479457 1.376830
# 108 texture vertices

vn  -0.707107 0.707107 0.000000
vn  0.707107 0.707107 0.000000
vn  0.000000 1.000000 0.000000
vn  1.000000 0.000000 0.000000
vn  1.000000 0.000000 0.000000
vn  -1.545926 -3.091860 -1.545935
vn  0.000000 -0.000000 1.000000
vn  0.000000 -1.000000 -0.000000
vn  -1.000000 0.000000 0.000000
vn  0.000000 0.707107 0.707107
vn  0.000000 0.000000 -1.000000
vn  0.000000 1.000000 0.000000
vn  1.541005 -3.086941 -1.545936
vn  0.000000 0.000000 -1.000000
vn  0.000000 -1.000000 -0.000000
vn  -1.000000 0.000000 0.000000
vn  0.000000 1.000000 0.000000
vn  0.000000 -0.000000 1.000000
vn  0.000000 0.707107 -0.707107
vn  0.000000 0.707107 -0.707107
vn  0.000000 0.707107 0.707107
vn  0.000000 1.000000 0.000000
vn  -0.707107 0.707107 0.000000
vn  0.707107 0.707107 0.000000
vn  0.000000 0.000000 -1.000000
vn  0.000000 -0.000000 1.000000
vn  -1.000000 0.000000 0.000000
vn  1.000000 0.000000 0.000000
vn  0.675512 -1.351021 -0.675510
vn  0.000000 0.000000 -1.000000
vn  0.408249 -0.816496 0.408249
vn  1.000000 0.000000 0.000000
vn  -0.004913 -0.680421 -0.675510
vn  -1.000000 0.000000 0.000000
vn  -0.408250 -0.816496 0.408249
vn  0.000000 -0.000000 1.000000
vn  0.000000 -1.000000 -0.000000
vn  -0.408247 -0.816496 0.408251
vn  0.000000 -1.000000 -0.000000
vn  0.408248 -0.816496 0.408250
vn  0.000000 0.707107 0.707107
vn  0.000000 0.707107 0.707107
vn  0.707107 0.707107 0.000000
vn  -0.707107 0.707107 0.000000
vn  0.707107 0.707107 0.000000
vn  -0.707107 0.707107 0.000000
vn  0.000000 0.707107 -0.707107
vn  0.000000 0.707107 -0.707107
vn  -0.707107 -0.707107 -0.000000
vn  0.707107 -0.707107 -0.000000
vn  -1.000000 0.000000 0.000000
vn  0.000000 -1.000000 -0.000000
vn  0.707108 0.707106 0.000000
vn  -1.000000 0.000000 0.000000
vn  0.000000 1.000000 0.000000
vn  0.000000 -0.000000 1.000000
vn  -0.707107 -0.707107 -0.000000
vn  0.000000 -0.707107 0.707107
vn  0.000000 -0.707107 -0.707107
vn  0.000000 0.000000 -1.000000
vn  0.000000 0.000000 -1.000000
vn  0.000000 0.707107 -0.707107
vn  1.000000 0.000000 0.000000
vn  0.000000 1.000000 0.000000
vn  0.000000 -0.707107 0.707107
vn  0.000000 -0.000000 1.000000
vn  0.000000 -0.707107 0.707107
vn  0.000000 -1.000000 -0.000000
vn  0.000000 -0.707107 -0.707107
vn  -0.707107 -0.707107 -0.000000
vn  0.000000 -0.707107 -0.707107
vn  0.707107 -0.707107 -0.000000
vn  0.000000 -1.000000 -0.000000
vn  0.000000 -0.707107 0.707107
vn  0.707107 -0.707107 -0.000000
vn  1.000000 0.000000 0.000000
vn  0.000000 -1.000000 -0.000000
vn  -0.707107 -0.707107 -0.000000
vn  0.707107 -0.707107 -0.000000
vn  0.000000 -0.707107 -0.707107
vn  0.000000 0.000000 -1.000000
vn  1.000000 0.000000 0.000000
vn  -1.000000 0.000000 0.000000
vn  0.000000 -0.000000 1.000000
vn  0.000000 1.000000 0.000000
vn  -0.707108 0.707106 0.000000
vn  0.000000 0.000000 -1.000000
vn  0.000000 0.707107 0.707106
vn  0.000000 0.707107 0.707106
vn  -1.000000 0.000000 0.000000
vn  0.000000 0.707107 -0.707107
vn  1.000000 0.000000 0.000000
vn  0.000000 1.000000 0.000000
vn  0.707107 0.707106 0.000000
vn  0.000000 -0.000000 1.000000
vn  -0.707107 0.707106 0.000000
vn  0.000000 0.707107 -0.707107
vn  -0.707108 0.707106 0.000000
vn  0.000000 0.707107 -0.707107
vn  0.707107 0.707106 0.000000
vn  -0.707107 0.707106 0.000000
vn  0.707108 0.707106 0.000000
vn  0.000000 0.707107 0.707106
vn  0.000000 0.707107 0.707106
# 104 vertex normals

g pressed2
s 1
f 593/633/593 598/634/598 588/635/588
f 588/635/588 579/636/579 593/633/593
f 594/650/594 602/651/602 612/652/612
f 612/652/612 583/649/583 594/650/594
f 580/654/580 604/672/604 608/667/608
f 608/667/608 581/653/581 580/654/580
f 587/656/587 601/646/601 606/642/606
f 606/642/606 590/655/590 587/656/587
f 585/679/585 603/643/603 610/641/610
f 610/641/610 592/682/592 585/679/585
f 613/637/613 615/638/615 591/639/591
f 591/639/591 584/640/584 613/637/613
f 617/657/617 597/680/597 618/673/618
f 618/673/618 586/658/586 617/657/617
f 619/677/619 578/674/578 621/647/621
f 621/647/621 600/659/600 619/677/619
f 624/665/624 596/648/596 623/676/623
f 623/676/623 595/668/595 624/665/624
f 620/660/620 599/643/599 622/681/622
f 622/681/622 577/685/577 620/660/620
f 605/644/605 589/661/589 582/669/582
f 582/669/582 609/675/609 605/644/605
f 589/666/589 605/645/605 607/670/607
f 607/670/607 616/663/616 589/666/589
f 614/664/614 611/683/611 609/641/609
f 609/641/609 582/662/582 614/664/614
f 616/678/616 607/671/607 611/684/611
f 611/684/611 614/686/614 616/678/616
f 649/687/649 653/688/653 628/689/628
f 628/689/628 644/690/644 649/687/649
f 660/704/660 671/705/671 632/706/632
f 632/706/632 642/703/642 660/704/660
f 658/707/658 668/708/668 639/698/639
f 639/698/639 652/695/652 658/707/658
f 657/709/657 663/710/663 637/724/637
f 637/724/637 636/721/636 657/709/657
f 659/719/659 666/726/666 630/736/630
f 630/736/630 627/733/627 659/719/659
f 661/691/661 669/692/669 640/693/640
f 640/693/640 631/694/631 661/691/661
f 633/711/633 625/720/625 646/734/646
f 646/734/646 654/712/654 633/711/633
f 635/739/635 645/735/645 656/721/656
f 656/721/656 647/722/647 635/739/635
f 648/713/648 655/729/655 651/696/651
f 651/696/651 626/714/626 648/713/648
f 643/701/643 634/697/634 641/725/641
f 641/725/641 650/731/650 643/701/643
f 675/737/675 638/715/638 673/723/673
f 673/723/673 667/724/667 675/737/675
f 676/717/676 670/699/670 678/730/678
f 678/730/678 629/716/629 676/717/676
f 674/740/674 662/738/662 677/727/677
f 677/727/677 672/718/672 674/740/674
f 680/732/680 665/728/665 679/700/679
f 679/700/679 664/702/664 680/732/680
# 56 faces

g
# object normal2 to come ...
#
v  2.030865 99.995064 -1.842482
v  99.520889 98.443314 -0.290733
v  2.030865 99.995071 -97.780754
v  99.520889 98.443321 -99.332504
v  99.520889 23.698862 -99.332504
v  0.964039 23.213938 -98.847588
v  99.520889 23.698856 -0.290734
v  0.964039 23.213934 -0.775655
v  0.479115 98.443314 -0.290733
v  97.969131 99.995064 -1.842482
v  0.479115 98.443321 -99.332504
v  97.969131 99.995071 -97.780754
v  99.035965 23.213938 -98.847588
v  0.479115 23.698862 -99.332504
v  99.035965 23.213934 -0.775655
v  0.479115 23.698856 -0.290734
v  2.030865 99.995064 -1.842482
v  99.520889 98.443314 -0.290733
v  2.030865 99.995071 -97.780754
v  99.520889 98.443321 -99.332504
v  0.479115 98.443314 -0.290733
v  97.969131 99.995064 -1.842482
v  0.479115 98.443321 -99.332504
v  97.969131 99.995071 -97.780754
v  99.520889 98.443321 -99.332504
v  0.479115 98.443314 -0.290733
v  0.479115 98.443321 -99.332504
v  99.520889 98.443314 -0.290733
v  99.520889 23.698862 -99.332504
v  99.520889 23.698862 -99.332504
v  99.520889 23.698856 -0.290734
v  99.520889 23.698856 -0.290734
v  0.479115 23.698862 -99.332504
v  0.479115 23.698862 -99.332504
v  0.479115 23.698856 -0.290734
v  0.479115 23.698856 -0.290734
v  0.964039 23.213938 -98.847588
v  0.964039 23.213934 -0.775655
v  99.035965 23.213938 -98.847588
v  99.035965 23.213934 -0.775655
v  2.030865 99.995064 -1.842482
v  99.520889 98.443314 -0.290733
v  97.969131 99.995064 -1.842482
v  2.030865 99.995071 -97.780754
v  99.520889 98.443321 -99.332504
v  0.479115 98.443314 -0.290733
v  0.479115 98.443321 -99.332504
v  97.969131 99.995071 -97.780754
v  41.155708 -79.477448 -40.506294
v  58.844292 -79.477448 -40.506294
v  40.694672 -79.477432 -58.655914
v  59.305328 -79.477432 -58.655914
v  41.155708 26.660475 -40.506287
v  58.844292 26.660475 -40.506287
v  40.694672 26.660465 -58.655910
v  59.305328 26.660465 -58.655910
v  58.844292 -7.579362 -40.506290
v  40.694672 -7.579362 -40.967327
v  59.305328 -7.579356 -58.655910
v  41.155708 -7.579356 -59.116947
v  59.305328 -46.827019 -40.967331
v  58.844292 -46.827026 -59.116947
v  40.694672 -46.827026 -58.655910
v  41.155708 -46.827019 -40.506294
v  40.694672 -79.477448 -40.967331
v  59.305328 -79.477448 -40.967331
v  41.155708 -79.477432 -59.116951
v  58.844292 -79.477432 -59.116951
v  40.694672 26.660475 -40.967323
v  59.305328 26.660475 -40.967323
v  41.155708 26.660465 -59.116947
v  58.844292 26.660465 -59.116947
v  59.305328 -7.579362 -40.967327
v  41.155708 -7.579362 -40.506290
v  58.844292 -7.579356 -59.116947
v  40.694672 -7.579356 -58.655910
v  58.844292 -46.827019 -40.506294
v  59.305328 -46.827026 -58.655910
v  41.155708 -46.827026 -59.116947
v  40.694672 -46.827019 -40.967331
v  41.155708 -79.477448 -40.506294
v  58.844292 -79.477448 -40.506294
v  40.694672 -79.477432 -58.655914
v  59.305328 -79.477432 -58.655914
v  41.155708 26.660475 -40.506287
v  58.844292 26.660475 -40.506287
v  40.694672 26.660465 -58.655910
v  59.305328 26.660465 -58.655910
v  40.694672 -79.477448 -40.967331
v  59.305328 -79.477448 -40.967331
v  41.155708 -79.477432 -59.116951
v  58.844292 -79.477432 -59.116951
v  40.694672 26.660475 -40.967323
v  59.305328 26.660475 -40.967323
v  41.155708 26.660465 -59.116947
v  58.844292 26.660465 -59.116947
v  41.155708 -79.477448 -40.506294
v  58.844292 26.660475 -40.506287
v  58.844292 -7.579362 -40.506290
v  40.694672 -7.579362 -40.967327
v  59.305328 -7.579356 -58.655910
v  41.155708 -7.579356 -59.116947
v  59.305328 -46.827019 -40.967331
v  58.844292 -46.827026 -59.116947
v  40.694672 -46.827026 -58.655910
v  41.155708 -46.827019 -40.506294
v  40.694672 -79.477448 -40.967331
v  41.155708 -79.477432 -59.116951
v  59.305328 26.660475 -40.967323
v  58.844292 26.660465 -59.116947
v  59.305328 -7.579362 -40.967327
v  41.155708 -7.579362 -40.506290
v  58.844292 -7.579356 -59.116947
v  40.694672 -7.579356 -58.655910
v  58.844292 -46.827019 -40.506294
v  59.305328 -46.827026 -58.655910
v  41.155708 -46.827026 -59.116947
v  40.694672 -46.827019 -40.967331
v  58.844292 -79.477448 -40.506294
v  40.694672 -79.477432 -58.655914
v  59.305328 -79.477432 -58.655914
v  41.155708 26.660475 -40.506287
v  40.694672 26.660465 -58.655910
v  59.305328 26.660465 -58.655910
v  59.305328 -79.477448 -40.967331
v  58.844292 -79.477432 -59.116951
v  40.694672 26.660475 -40.967323
v  41.155708 26.660465 -59.116947
v  0.479115 -96.718193 -0.290740
v  98.002838 -98.236229 -1.808784
v  0.479115 -96.718193 -99.332512
v  98.002838 -98.236229 -97.814461
v  98.260086 -75.975594 -98.071701
v  0.479115 -77.236389 -99.332504
v  98.260086 -75.975594 -1.551536
v  0.479115 -77.236389 -0.290733
v  1.997162 -98.236229 -1.808784
v  99.520889 -96.718193 -0.290740
v  1.997162 -98.236229 -97.814461
v  99.520889 -96.718193 -99.332512
v  99.520889 -77.236389 -99.332504
v  1.739910 -75.975594 -98.071701
v  99.520889 -77.236389 -0.290733
v  1.739910 -75.975594 -1.551536
v  0.479115 -96.718193 -0.290740
v  0.479115 -96.718193 -0.290740
v  98.002838 -98.236229 -1.808784
v  98.002838 -98.236229 -1.808784
v  0.479115 -96.718193 -99.332512
v  0.479115 -96.718193 -99.332512
v  98.002838 -98.236229 -97.814461
v  98.002838 -98.236229 -97.814461
v  1.997162 -98.236229 -1.808784
v  1.997162 -98.236229 -1.808784
v  99.520889 -96.718193 -0.290740
v  99.520889 -96.718193 -0.290740
v  1.997162 -98.236229 -97.814461
v  1.997162 -98.236229 -97.814461
v  99.520889 -96.718193 -99.332512
v  99.520889 -96.718193 -99.332512
v  0.479115 -96.718193 -99.332512
v  99.520889 -96.718193 -99.332512
v  0.479115 -96.718193 -0.290740
v  99.520889 -96.718193 -0.290740
v  98.260086 -75.975594 -98.071701
v  0.479115 -77.236389 -99.332504
v  0.479115 -77.236389 -99.332504
v  98.260086 -75.975594 -1.551536
v  0.479115 -77.236389 -0.290733
v  0.479115 -77.236389 -0.290733
v  99.520889 -77.236389 -99.332504
v  99.520889 -77.236389 -99.332504
v  1.739910 -75.975594 -98.071701
v  99.520889 -77.236389 -0.290733
v  99.520889 -77.236389 -0.290733
v  1.739910 -75.975594 -1.551536
v  98.260086 -75.975594 -98.071701
v  1.739910 -75.975594 -98.071701
v  0.479115 -77.236389 -99.332504
v  98.260086 -75.975594 -1.551536
v  0.479115 -77.236389 -0.290733
v  99.520889 -77.236389 -99.332504
v  99.520889 -77.236389 -0.290733
v  1.739910 -75.975594 -1.551536
# 184 vertices

vt  0.025316 0.020180 0.999501
vt  0.490207 0.020180 0.999501
vt  0.490207 0.457388 0.999501
vt  0.025316 0.457388 0.999501
vt  0.025316 0.457388 0.000499
vt  0.490207 0.457388 0.000499
vt  0.490207 0.020180 0.000499
vt  0.025316 0.020180 0.000499
vt  0.015965 0.506203 1.412800
vt  0.561733 0.506203 1.412800
vt  0.015965 0.952840 1.412800
vt  0.561733 0.506203 1.412800
vt  0.561733 0.506203 1.412800
vt  0.561733 0.952840 1.412800
vt  0.561733 0.952840 1.412800
vt  0.561733 0.952840 1.412800
vt  0.015965 0.506203 1.412800
vt  0.015965 0.952840 1.412800
vt  0.561733 0.952840 1.412800
vt  0.561733 0.506203 1.412800
vt  0.561733 0.506203 1.412800
vt  0.561733 0.952840 1.412800
vt  0.015965 0.506203 1.412800
vt  0.015965 0.952840 1.412800
vt  0.561733 0.987640 1.368530
vt  0.015965 0.987640 1.368530
vt  0.561733 0.987640 1.368530
vt  0.015965 0.987640 1.368530
vt  0.561733 0.476772 1.398966
vt  0.015965 0.476772 1.398966
vt  0.015965 0.476772 1.398966
vt  0.561733 0.476772 1.398966
vt  0.561733 0.987640 1.368530
vt  0.561733 0.476772 1.398966
vt  0.015965 0.506203 1.412800
vt  0.015965 0.987640 1.368530
vt  0.015965 0.476772 1.398966
vt  0.015965 0.506203 1.412800
vt  0.015965 0.506203 1.412800
vt  0.015965 0.952840 1.412800
vt  0.015965 0.952840 1.412800
vt  0.015965 0.952840 1.412800
vt  0.015965 0.506203 1.412800
vt  0.015965 0.952840 1.412800
vt  0.015965 0.987640 1.368530
vt  0.015965 0.476772 1.398966
vt  0.561733 0.952840 1.412800
vt  0.561733 0.952840 1.412800
vt  0.561733 0.952840 1.412800
vt  0.561733 0.506203 1.412800
vt  0.561733 0.506203 1.412800
vt  0.561733 0.506203 1.412800
vt  0.561733 0.987640 1.368530
vt  0.561733 0.476772 1.398966
vt  0.618451 0.825431 0.000499
vt  0.614912 0.828970 0.000499
vt  0.614912 0.964751 0.000499
vt  0.618451 0.968290 0.000499
vt  0.754232 0.968290 0.000499
vt  0.757771 0.964751 0.000499
vt  0.757771 0.828970 0.000499
vt  0.754232 0.825431 0.000499
vt  0.614912 0.828970 0.999501
vt  0.618451 0.825431 0.999501
vt  0.754232 0.825431 0.999501
vt  0.757771 0.828970 0.999501
vt  0.757771 0.964751 0.999500
vt  0.754232 0.968290 0.999500
vt  0.618451 0.968290 0.999500
vt  0.614912 0.964751 0.999500
vt  0.587678 0.787674 1.378246
vt  0.684542 0.787674 1.378246
vt  0.684542 0.481095 1.378246
vt  0.587678 0.481095 1.378246
vt  0.693679 0.787674 1.378246
vt  0.790544 0.787674 1.378246
vt  0.790544 0.481095 1.378246
vt  0.693679 0.481095 1.378246
vt  0.587678 0.787674 1.378246
vt  0.684542 0.787674 1.378246
vt  0.684542 0.481095 1.378246
vt  0.587678 0.481095 1.378246
vt  0.693679 0.787674 1.378246
vt  0.790544 0.787674 1.378246
vt  0.790544 0.481095 1.378246
vt  0.693679 0.481095 1.378246
vt  0.684542 0.787674 1.378246
vt  0.684542 0.481095 1.378246
vt  0.587678 0.481095 1.378246
vt  0.587678 0.787674 1.378246
vt  0.790544 0.787674 1.378246
vt  0.790544 0.481095 1.378246
vt  0.693679 0.481095 1.378246
vt  0.693679 0.787674 1.378246
vt  0.684542 0.787674 1.378246
vt  0.684542 0.481095 1.378246
vt  0.799128 0.481095 1.378246
vt  0.799128 0.787674 1.378246
vt  0.790544 0.787674 1.378246
vt  0.790544 0.481095 1.378246
vt  0.693679 0.481095 1.378246
vt  0.693679 0.787674 1.378246
vt  0.684542 0.787674 1.378246
vt  0.684542 0.787674 1.378246
vt  0.587678 0.481095 1.378246
vt  0.684542 0.787674 1.378246
vt  0.587678 0.787674 1.378246
vt  0.587678 0.787674 1.378246
vt  0.799128 0.787674 1.378246
vt  0.799128 0.481095 1.378246
vt  0.799128 0.481095 1.378246
vt  0.799128 0.787674 1.378246
vt  0.799128 0.787674 1.378246
vt  0.790544 0.787674 1.378246
vt  0.790544 0.787674 1.378246
vt  0.790544 0.787674 1.378246
vt  0.693679 0.787674 1.378246
vt  0.693679 0.787674 1.378246
vt  0.693679 0.787674 1.378246
vt  0.684542 0.787674 1.378246
vt  0.684542 0.787674 1.378246
vt  0.684542 0.787674 1.378246
vt  0.799128 0.787674 1.378246
vt  0.790544 0.787674 1.378246
vt  0.790544 0.787674 1.378246
vt  0.790544 0.787674 1.378246
vt  0.693679 0.787674 1.378246
vt  0.693679 0.787674 1.378246
vt  0.693679 0.787674 1.378246
vt  0.587678 0.787674 1.378246
vt  0.684542 0.481095 1.378246
vt  0.684542 0.481095 1.378246
vt  0.684542 0.481095 1.378246
vt  0.587678 0.481095 1.378246
vt  0.799128 0.481095 1.378246
vt  0.799128 0.481095 1.378246
vt  0.790544 0.481095 1.378246
vt  0.790544 0.481095 1.378246
vt  0.790544 0.481095 1.378246
vt  0.693679 0.481095 1.378246
vt  0.693679 0.481095 1.378246
vt  0.693679 0.481095 1.378246
vt  0.684542 0.481095 1.378246
vt  0.684542 0.481095 1.378246
vt  0.684542 0.481095 1.378246
vt  0.587678 0.481095 1.378246
vt  0.790544 0.481095 1.378246
vt  0.790544 0.481095 1.378246
vt  0.790544 0.481095 1.378246
vt  0.693679 0.481095 1.378246
vt  0.693679 0.481095 1.378246
vt  0.693679 0.481095 1.378246
vt  0.799128 0.787674 1.378246
vt  0.799128 0.481095 1.378246
vt  0.514801 0.020180 0.000499
vt  0.514801 0.457388 0.000499
vt  0.983753 0.457388 0.000499
vt  0.983753 0.020180 0.000499
vt  0.983753 0.457388 0.999501
vt  0.514801 0.457388 0.999501
vt  0.514801 0.020180 0.999501
vt  0.983753 0.020180 0.999501
vt  0.957991 0.479457 1.412800
vt  0.957991 0.479457 1.412800
vt  0.957991 0.479457 1.412800
vt  0.848523 0.479457 1.412800
vt  0.848523 0.479457 1.412800
vt  0.848523 0.479457 1.412800
vt  0.985375 0.479457 1.369491
vt  0.823888 0.479457 1.376830
vt  0.957991 0.982589 1.412800
vt  0.957991 0.479457 1.412800
vt  0.848523 0.479457 1.412800
vt  0.848523 0.982589 1.412800
vt  0.957991 0.982589 1.412800
vt  0.848523 0.982589 1.412800
vt  0.957991 0.479457 1.412800
vt  0.848523 0.479457 1.412800
vt  0.985375 0.982589 1.369491
vt  0.985375 0.479457 1.369491
vt  0.985375 0.982589 1.369491
vt  0.985375 0.479457 1.369491
vt  0.823888 0.479457 1.376830
vt  0.823888 0.982589 1.376830
vt  0.823888 0.479457 1.376830
vt  0.823888 0.982589 1.376831
vt  0.957991 0.982589 1.412800
vt  0.957991 0.982589 1.412800
vt  0.957991 0.982589 1.412800
vt  0.985375 0.982589 1.369491
vt  0.823888 0.982589 1.376830
vt  0.848523 0.982589 1.412800
vt  0.957991 0.982589 1.412800
vt  0.848523 0.982589 1.412800
vt  0.848523 0.982589 1.412800
vt  0.848523 0.982589 1.412800
vt  0.957991 0.982589 1.412800
vt  0.848523 0.982589 1.412800
vt  0.985375 0.982589 1.369491
vt  0.823888 0.982589 1.376831
vt  0.957991 0.479457 1.412800
vt  0.957991 0.479457 1.412800
vt  0.957991 0.479457 1.412800
vt  0.848523 0.479457 1.412800
vt  0.848523 0.479457 1.412800
vt  0.848523 0.479457 1.412800
vt  0.985375 0.479457 1.369491
vt  0.823888 0.479457 1.376830
# 208 texture vertices

vn  -0.707107 0.707107 0.000000
vn  0.707107 0.707107 0.000000
vn  0.000000 1.000000 0.000000
vn  1.000000 0.000000 0.000000
vn  1.000000 0.000000 0.000000
vn  -1.545926 -3.091860 -1.545935
vn  0.000000 -0.000000 1.000000
vn  0.000000 -1.000000 -0.000000
vn  -1.000000 0.000000 0.000000
vn  0.000000 0.707107 0.707107
vn  0.000000 0.000000 -1.000000
vn  0.000000 1.000000 0.000000
vn  1.541005 -3.086941 -1.545936
vn  0.000000 0.000000 -1.000000
vn  0.000000 -1.000000 -0.000000
vn  -1.000000 0.000000 0.000000
vn  0.000000 1.000000 0.000000
vn  0.000000 -0.000000 1.000000
vn  0.000000 0.707107 -0.707107
vn  0.000000 0.707107 -0.707107
vn  0.000000 0.707107 0.707107
vn  0.000000 1.000000 0.000000
vn  -0.707107 0.707107 0.000000
vn  0.707107 0.707107 0.000000
vn  0.000000 0.000000 -1.000000
vn  0.000000 -0.000000 1.000000
vn  -1.000000 0.000000 0.000000
vn  1.000000 0.000000 0.000000
vn  0.675512 -1.351021 -0.675510
vn  0.000000 0.000000 -1.000000
vn  0.408249 -0.816496 0.408249
vn  1.000000 0.000000 0.000000
vn  -0.004913 -0.680421 -0.675510
vn  -1.000000 0.000000 0.000000
vn  -0.408250 -0.816496 0.408249
vn  0.000000 -0.000000 1.000000
vn  0.000000 -1.000000 -0.000000
vn  -0.408247 -0.816496 0.408251
vn  0.000000 -1.000000 -0.000000
vn  0.408248 -0.816496 0.408250
vn  0.000000 0.707107 0.707107
vn  0.000000 0.707107 0.707107
vn  0.707107 0.707107 0.000000
vn  -0.707107 0.707107 0.000000
vn  0.707107 0.707107 0.000000
vn  -0.707107 0.707107 0.000000
vn  0.000000 0.707107 -0.707107
vn  0.000000 0.707107 -0.707107
vn  0.000000 -0.000000 1.000000
vn  -0.000000 -1.000000 -0.000001
vn  -0.000001 -1.000000 -0.000001
vn  0.000000 -1.000000 -0.000001
vn  0.000000 1.000000 -0.000001
vn  0.000000 -0.000000 1.000000
vn  -0.000000 1.000000 -0.000000
vn  0.000001 1.000000 -0.000001
vn  0.000000 -0.000000 1.000000
vn  -1.000000 0.000000 0.000000
vn  0.707107 0.000000 -0.707107
vn  -0.707107 0.000000 -0.707107
vn  0.707106 -0.000000 0.707107
vn  0.707107 0.000000 -0.707107
vn  -0.707107 0.000000 -0.707107
vn  0.000000 -0.000000 1.000000
vn  -0.707107 -0.000000 0.707107
vn  -0.000001 -1.000000 -0.000001
vn  -0.707107 0.000000 -0.707107
vn  0.000000 -1.000000 -0.000000
vn  0.000001 1.000000 -0.000001
vn  0.707107 -0.000000 0.707107
vn  0.000000 1.000000 0.000000
vn  0.707107 0.000000 -0.707107
vn  1.000000 0.000000 0.000000
vn  -0.707107 -0.000000 0.707107
vn  0.000000 0.000000 -1.000000
vn  -0.707107 0.000000 -0.707107
vn  0.000000 -0.000000 1.000000
vn  1.000000 0.000000 0.000000
vn  0.000000 0.000000 -1.000000
vn  -1.000000 0.000000 0.000000
vn  0.000000 -1.000000 -0.000000
vn  0.707107 -0.000000 0.707107
vn  -1.000000 0.000000 0.000000
vn  0.707107 0.000000 -0.707107
vn  -0.707107 -0.000000 0.707107
vn  0.000000 1.000000 0.000000
vn  -0.707107 0.000000 -0.707107
vn  1.000000 0.000000 0.000000
vn  0.000000 -1.000000 -0.000001
vn  1.000000 0.000000 0.000000
vn  -0.000000 -1.000000 -0.000001
vn  0.000000 0.000000 -1.000000
vn  -1.000000 0.000000 0.000000
vn  -0.000000 1.000000 -0.000000
vn  0.000000 0.000000 -1.000000
vn  0.000000 1.000000 -0.000001
vn  -0.707107 -0.000000 0.707107
vn  0.707107 -0.000000 0.707107
vn  0.707107 -0.000000 0.707107
vn  -0.707107 -0.000000 0.707107
vn  1.000000 0.000000 0.000000
vn  0.000000 0.000000 -1.000000
vn  1.000000 0.000000 0.000000
vn  0.000000 0.000000 -1.000000
vn  -1.000000 0.000000 0.000000
vn  -0.707106 -0.000000 0.707107
vn  -1.000000 0.000000 0.000000
vn  0.000000 0.000000 -1.000000
vn  1.000000 0.000000 0.000000
vn  0.000000 0.000000 -1.000000
vn  0.707107 -0.000000 0.707107
vn  0.000000 -0.000000 1.000000
vn  0.707107 0.000000 -0.707107
vn  -1.000000 0.000000 0.000000
vn  0.707106 -0.000000 0.707107
vn  0.707107 0.000000 -0.707107
vn  -0.707107 0.000000 -0.707107
vn  -0.707106 -0.000000 0.707107
vn  0.000000 -0.000000 1.000000
vn  -0.707107 0.000000 -0.707107
vn  1.000000 0.000000 0.000000
vn  0.000000 -0.000000 1.000000
vn  -1.000000 0.000000 0.000000
vn  0.707107 0.000000 -0.707107
vn  0.707107 -0.000000 0.707107
vn  0.707107 0.000000 -0.707107
vn  -0.707107 -0.000000 0.707107
vn  -0.707107 0.000000 -0.707107
vn  -0.707104 -0.707110 -0.000000
vn  0.707104 -0.707110 -0.000000
vn  -1.000000 0.000000 0.000000
vn  0.000000 -1.000000 -0.000000
vn  0.707107 0.707107 0.000000
vn  -1.000000 0.000000 0.000000
vn  0.000000 1.000000 0.000000
vn  0.000000 -0.000000 1.000000
vn  -0.707104 -0.707109 -0.000000
vn  0.000000 -0.707109 0.707105
vn  0.000000 -0.707109 -0.707104
vn  0.000000 0.000000 -1.000000
vn  0.000000 0.000000 -1.000000
vn  0.000000 0.707109 -0.707105
vn  1.000000 0.000000 0.000000
vn  0.000000 1.000000 0.000000
vn  0.000000 -0.707109 0.707105
vn  0.000000 -0.000000 1.000000
vn  0.000000 -0.707109 0.707105
vn  0.000000 -1.000000 -0.000000
vn  0.000000 -0.707109 -0.707104
vn  -0.707104 -0.707109 -0.000000
vn  0.000000 -0.707109 -0.707104
vn  0.707104 -0.707109 -0.000000
vn  0.000000 -1.000000 -0.000000
vn  0.000000 -0.707109 0.707105
vn  0.707104 -0.707110 -0.000000
vn  1.000000 0.000000 0.000000
vn  0.000000 -1.000000 -0.000000
vn  -0.707104 -0.707109 -0.000000
vn  0.707104 -0.707109 -0.000000
vn  0.000000 -0.707109 -0.707104
vn  0.000000 0.000000 -1.000000
vn  1.000000 0.000000 0.000000
vn  -1.000000 0.000000 0.000000
vn  0.000000 -0.000000 1.000000
vn  0.000000 1.000000 0.000000
vn  -0.707107 0.707107 0.000000
vn  0.000000 0.000000 -1.000000
vn  0.000000 0.707109 0.707105
vn  0.000000 0.707109 0.707105
vn  -1.000000 0.000000 0.000000
vn  0.000000 0.707109 -0.707105
vn  1.000000 0.000000 0.000000
vn  0.000000 1.000000 0.000000
vn  0.707107 0.707107 0.000000
vn  0.000000 -0.000000 1.000000
vn  -0.707107 0.707107 0.000000
vn  0.000000 0.707109 -0.707105
vn  -0.707107 0.707107 0.000000
vn  0.000000 0.707109 -0.707105
vn  0.707107 0.707107 0.000000
vn  -0.707107 0.707107 0.000000
vn  0.707107 0.707107 0.000000
vn  0.000000 0.707109 0.707105
vn  0.000000 0.707109 0.707105
# 184 vertex normals

g normal2
s 1
f 697/741/697 702/742/702 692/743/692
f 692/743/692 683/744/683 697/741/697
f 698/758/698 706/759/706 716/760/716
f 716/760/716 687/757/687 698/758/698
f 684/762/684 708/780/708 712/775/712
f 712/775/712 685/761/685 684/762/684
f 691/764/691 705/754/705 710/750/710
f 710/750/710 694/763/694 691/764/691
f 689/787/689 707/751/707 714/749/714
f 714/749/714 696/790/696 689/787/689
f 717/745/717 719/746/719 695/747/695
f 695/747/695 688/748/688 717/745/717
f 721/765/721 701/788/701 722/781/722
f 722/781/722 690/766/690 721/765/721
f 723/785/723 682/782/682 725/755/725
f 725/755/725 704/767/704 723/785/723
f 728/773/728 700/756/700 727/784/727
f 727/784/727 699/776/699 728/773/728
f 724/768/724 703/751/703 726/789/726
f 726/789/726 681/793/681 724/768/724
f 709/752/709 693/769/693 686/777/686
f 686/777/686 713/783/713 709/752/709
f 693/774/693 709/753/709 711/778/711
f 711/778/711 720/771/720 693/774/693
f 718/772/718 715/791/715 713/749/713
f 713/749/713 686/770/686 718/772/718
f 720/786/720 711/779/711 715/792/715
f 715/792/715 718/794/718 720/786/720
f 769/796/769 731/797/731 771/798/771
f 771/798/771 748/799/748 732/800/732
f 769/796/769 771/798/771 732/800/732
f 732/800/732 746/801/746 730/802/730
f 769/796/769 732/800/732 730/802/730
f 761/795/761 769/796/769 730/802/730
f 733/804/733 766/805/766 774/806/774
f 774/806/774 736/807/736 776/808/776
f 733/804/733 774/806/774 776/808/776
f 776/808/776 751/809/751 735/810/735
f 733/804/733 776/808/776 735/810/735
f 749/803/749 733/804/733 735/810/735
f 799/812/799 757/813/757 744/814/744
f 744/814/744 729/811/729 799/812/799
f 801/816/801 758/817/758 783/818/783
f 783/818/783 770/815/770 801/816/801
f 788/820/788 759/821/759 784/822/784
f 784/822/784 772/819/772 788/820/788
f 787/824/787 760/825/760 785/826/785
f 785/826/785 763/823/763 787/824/787
f 734/828/734 802/829/802 792/830/792
f 792/830/792 737/827/737 734/828/734
f 768/832/768 789/833/789 753/834/753
f 753/834/753 781/831/781 768/832/768
f 775/836/775 790/845/790 755/847/755
f 755/847/755 782/835/782 775/836/775
f 773/840/773 803/841/803 794/842/794
f 794/842/794 738/839/738 773/840/773
f 737/843/737 792/848/792 744/874/744
f 744/874/744 757/871/757 737/843/737
f 781/854/781 753/857/753 783/880/783
f 783/880/783 758/877/758 781/854/781
f 782/860/782 755/870/755 784/886/784
f 784/886/784 759/883/759 782/860/782
f 738/864/738 794/867/794 785/890/785
f 785/890/785 760/887/760 738/864/738
f 762/812/762 805/815/805 741/881/741
f 741/881/741 795/872/795 762/812/762
f 765/894/765 807/840/807 780/865/780
f 780/865/780 754/852/754 765/894/765
f 764/816/764 806/849/806 742/850/742
f 742/850/742 796/878/796 764/816/764
f 747/820/747 800/823/800 743/891/743
f 743/891/743 797/884/797 747/820/747
f 754/853/754 780/866/780 798/888/798
f 798/888/798 786/875/786 754/853/754
f 795/873/795 741/882/741 791/858/791
f 791/858/791 779/844/779 795/873/795
f 796/879/796 742/851/742 793/838/793
f 793/838/793 739/855/739 796/879/796
f 797/885/797 743/892/743 756/868/756
f 756/868/756 740/861/740 797/885/797
f 779/846/779 791/859/791 750/833/750
f 750/833/750 778/828/778 779/846/779
f 786/876/786 798/889/798 745/824/745
f 745/824/745 777/893/777 786/876/786
f 739/856/739 793/863/793 752/837/752
f 752/837/752 804/832/804 739/856/739
f 740/862/740 756/869/756 767/841/767
f 767/841/767 808/836/808 740/862/740
f 833/895/833 837/896/837 812/897/812
f 812/897/812 828/898/828 833/895/833
f 844/912/844 855/913/855 816/914/816
f 816/914/816 826/911/826 844/912/844
f 842/915/842 852/916/852 823/906/823
f 823/906/823 836/903/836 842/915/842
f 841/917/841 847/918/847 821/932/821
f 821/932/821 820/929/820 841/917/841
f 843/927/843 850/934/850 814/944/814
f 814/944/814 811/941/811 843/927/843
f 845/899/845 853/900/853 824/901/824
f 824/901/824 815/902/815 845/899/845
f 817/919/817 809/928/809 830/942/830
f 830/942/830 838/920/838 817/919/817
f 819/947/819 829/943/829 840/929/840
f 840/929/840 831/930/831 819/947/819
f 832/921/832 839/937/839 835/904/835
f 835/904/835 810/922/810 832/921/832
f 827/909/827 818/905/818 825/933/825
f 825/933/825 834/939/834 827/909/827
f 859/945/859 822/923/822 857/931/857
f 857/931/857 851/932/851 859/945/859
f 860/925/860 854/907/854 862/938/862
f 862/938/862 813/924/813 860/925/860
f 858/948/858 846/946/846 861/935/861
f 861/935/861 856/926/856 858/948/858
f 864/940/864 849/936/849 863/908/863
f 863/908/863 848/910/848 864/940/864
# 116 faces

g
